<?xml version="1.0" encoding="UTF-8" standalone="no" ?>
<COLLADA xmlns="http://www.collada.org/2005/11/COLLADASchema" version="1.4.1">
    <asset>
        <contributor>
            <author>theMAGICALelf</author>
            <authoring_tool>SketchUp 7.1.4871</authoring_tool>
        </contributor>
        <created>2019-12-07T17:22:21Z</created>
        <modified>2019-12-07T17:22:21Z</modified>
        <unit meter="0.0254" name="inch" />
        <up_axis>Z_UP</up_axis>
    </asset>
    <library_cameras>
        <camera id="ID1" name="skp_camera_Last_Saved_SketchUp_View">
            <optics>
                <technique_common>
                    <perspective>
                        <yfov>35</yfov>
                        <aspect_ratio>0</aspect_ratio>
                        <znear>1</znear>
                        <zfar>1000</zfar>
                    </perspective>
                </technique_common>
            </optics>
        </camera>
    </library_cameras>
    <library_visual_scenes>
        <visual_scene id="ID2">
            <node name="SketchUp">
                <instance_geometry url="#ID3">
                    <bind_material>
                        <technique_common>
                            <instance_material symbol="Material2" target="#ID5">
                                <bind_vertex_input semantic="UVSET0" input_semantic="TEXCOORD" input_set="0" />
                            </instance_material>
                            <instance_material symbol="Material3" target="#ID11">
                                <bind_vertex_input semantic="UVSET0" input_semantic="TEXCOORD" input_set="0" />
                            </instance_material>
                            <instance_material symbol="Material4" target="#ID12">
                                <bind_vertex_input semantic="UVSET0" input_semantic="TEXCOORD" input_set="0" />
                            </instance_material>
                        </technique_common>
                    </bind_material>
                </instance_geometry>
                <instance_geometry url="#ID17">
                    <bind_material>
                        <technique_common>
                            <instance_material symbol="Material2" target="#ID5">
                                <bind_vertex_input semantic="UVSET0" input_semantic="TEXCOORD" input_set="0" />
                            </instance_material>
                            <instance_material symbol="Material3" target="#ID11">
                                <bind_vertex_input semantic="UVSET0" input_semantic="TEXCOORD" input_set="0" />
                            </instance_material>
                            <instance_material symbol="Material4" target="#ID12">
                                <bind_vertex_input semantic="UVSET0" input_semantic="TEXCOORD" input_set="0" />
                            </instance_material>
                            <instance_material symbol="Material5" target="#ID22">
                                <bind_vertex_input semantic="UVSET0" input_semantic="TEXCOORD" input_set="0" />
                            </instance_material>
                        </technique_common>
                    </bind_material>
                </instance_geometry>
                <instance_geometry url="#ID27">
                    <bind_material>
                        <technique_common>
                            <instance_material symbol="Material2" target="#ID5">
                                <bind_vertex_input semantic="UVSET0" input_semantic="TEXCOORD" input_set="0" />
                            </instance_material>
                            <instance_material symbol="Material3" target="#ID11">
                                <bind_vertex_input semantic="UVSET0" input_semantic="TEXCOORD" input_set="0" />
                            </instance_material>
                            <instance_material symbol="Material4" target="#ID12">
                                <bind_vertex_input semantic="UVSET0" input_semantic="TEXCOORD" input_set="0" />
                            </instance_material>
                        </technique_common>
                    </bind_material>
                </instance_geometry>
                <instance_geometry url="#ID35">
                    <bind_material>
                        <technique_common>
                            <instance_material symbol="Material2" target="#ID5">
                                <bind_vertex_input semantic="UVSET0" input_semantic="TEXCOORD" input_set="0" />
                            </instance_material>
                            <instance_material symbol="Material3" target="#ID11">
                                <bind_vertex_input semantic="UVSET0" input_semantic="TEXCOORD" input_set="0" />
                            </instance_material>
                            <instance_material symbol="Material4" target="#ID12">
                                <bind_vertex_input semantic="UVSET0" input_semantic="TEXCOORD" input_set="0" />
                            </instance_material>
                        </technique_common>
                    </bind_material>
                </instance_geometry>
                <instance_geometry url="#ID43">
                    <bind_material>
                        <technique_common>
                            <instance_material symbol="Material2" target="#ID5">
                                <bind_vertex_input semantic="UVSET0" input_semantic="TEXCOORD" input_set="0" />
                            </instance_material>
                            <instance_material symbol="Material3" target="#ID48">
                                <bind_vertex_input semantic="UVSET0" input_semantic="TEXCOORD" input_set="0" />
                            </instance_material>
                            <instance_material symbol="Material4" target="#ID12">
                                <bind_vertex_input semantic="UVSET0" input_semantic="TEXCOORD" input_set="0" />
                            </instance_material>
                            <instance_material symbol="Material5" target="#ID50">
                                <bind_vertex_input semantic="UVSET0" input_semantic="TEXCOORD" input_set="0" />
                            </instance_material>
                        </technique_common>
                    </bind_material>
                </instance_geometry>
                <instance_geometry url="#ID55">
                    <bind_material>
                        <technique_common>
                            <instance_material symbol="Material2" target="#ID5">
                                <bind_vertex_input semantic="UVSET0" input_semantic="TEXCOORD" input_set="0" />
                            </instance_material>
                            <instance_material symbol="Material3" target="#ID11">
                                <bind_vertex_input semantic="UVSET0" input_semantic="TEXCOORD" input_set="0" />
                            </instance_material>
                            <instance_material symbol="Material4" target="#ID12">
                                <bind_vertex_input semantic="UVSET0" input_semantic="TEXCOORD" input_set="0" />
                            </instance_material>
                        </technique_common>
                    </bind_material>
                </instance_geometry>
                <instance_geometry url="#ID63">
                    <bind_material>
                        <technique_common>
                            <instance_material symbol="Material2" target="#ID5">
                                <bind_vertex_input semantic="UVSET0" input_semantic="TEXCOORD" input_set="0" />
                            </instance_material>
                            <instance_material symbol="Material3" target="#ID68">
                                <bind_vertex_input semantic="UVSET0" input_semantic="TEXCOORD" input_set="0" />
                            </instance_material>
                            <instance_material symbol="Material4" target="#ID12">
                                <bind_vertex_input semantic="UVSET0" input_semantic="TEXCOORD" input_set="0" />
                            </instance_material>
                        </technique_common>
                    </bind_material>
                </instance_geometry>
                <instance_geometry url="#ID73">
                    <bind_material>
                        <technique_common>
                            <instance_material symbol="Material2" target="#ID74">
                                <bind_vertex_input semantic="UVSET0" input_semantic="TEXCOORD" input_set="0" />
                            </instance_material>
                            <instance_material symbol="Material3" target="#ID12">
                                <bind_vertex_input semantic="UVSET0" input_semantic="TEXCOORD" input_set="0" />
                            </instance_material>
                        </technique_common>
                    </bind_material>
                </instance_geometry>
                <instance_geometry url="#ID83">
                    <bind_material>
                        <technique_common>
                            <instance_material symbol="Material2" target="#ID74">
                                <bind_vertex_input semantic="UVSET0" input_semantic="TEXCOORD" input_set="0" />
                            </instance_material>
                            <instance_material symbol="Material3" target="#ID12">
                                <bind_vertex_input semantic="UVSET0" input_semantic="TEXCOORD" input_set="0" />
                            </instance_material>
                            <instance_material symbol="Material4" target="#ID22">
                                <bind_vertex_input semantic="UVSET0" input_semantic="TEXCOORD" input_set="0" />
                            </instance_material>
                        </technique_common>
                    </bind_material>
                </instance_geometry>
                <instance_geometry url="#ID91">
                    <bind_material>
                        <technique_common>
                            <instance_material symbol="Material2" target="#ID74">
                                <bind_vertex_input semantic="UVSET0" input_semantic="TEXCOORD" input_set="0" />
                            </instance_material>
                            <instance_material symbol="Material3" target="#ID12">
                                <bind_vertex_input semantic="UVSET0" input_semantic="TEXCOORD" input_set="0" />
                            </instance_material>
                        </technique_common>
                    </bind_material>
                </instance_geometry>
                <instance_geometry url="#ID99">
                    <bind_material>
                        <technique_common>
                            <instance_material symbol="Material2" target="#ID5">
                                <bind_vertex_input semantic="UVSET0" input_semantic="TEXCOORD" input_set="0" />
                            </instance_material>
                            <instance_material symbol="Material3" target="#ID11">
                                <bind_vertex_input semantic="UVSET0" input_semantic="TEXCOORD" input_set="0" />
                            </instance_material>
                            <instance_material symbol="Material4" target="#ID12">
                                <bind_vertex_input semantic="UVSET0" input_semantic="TEXCOORD" input_set="0" />
                            </instance_material>
                        </technique_common>
                    </bind_material>
                </instance_geometry>
                <instance_geometry url="#ID107">
                    <bind_material>
                        <technique_common>
                            <instance_material symbol="Material2" target="#ID11">
                                <bind_vertex_input semantic="UVSET0" input_semantic="TEXCOORD" input_set="0" />
                            </instance_material>
                            <instance_material symbol="Material3" target="#ID48">
                                <bind_vertex_input semantic="UVSET0" input_semantic="TEXCOORD" input_set="0" />
                            </instance_material>
                            <instance_material symbol="Material4" target="#ID12">
                                <bind_vertex_input semantic="UVSET0" input_semantic="TEXCOORD" input_set="0" />
                            </instance_material>
                        </technique_common>
                    </bind_material>
                </instance_geometry>
                <instance_geometry url="#ID115">
                    <bind_material>
                        <technique_common>
                            <instance_material symbol="Material2" target="#ID11">
                                <bind_vertex_input semantic="UVSET0" input_semantic="TEXCOORD" input_set="0" />
                            </instance_material>
                            <instance_material symbol="Material3" target="#ID48">
                                <bind_vertex_input semantic="UVSET0" input_semantic="TEXCOORD" input_set="0" />
                            </instance_material>
                            <instance_material symbol="Material4" target="#ID12">
                                <bind_vertex_input semantic="UVSET0" input_semantic="TEXCOORD" input_set="0" />
                            </instance_material>
                        </technique_common>
                    </bind_material>
                </instance_geometry>
                <instance_geometry url="#ID123">
                    <bind_material>
                        <technique_common>
                            <instance_material symbol="Material2" target="#ID124">
                                <bind_vertex_input semantic="UVSET0" input_semantic="TEXCOORD" input_set="0" />
                            </instance_material>
                            <instance_material symbol="Material3" target="#ID12">
                                <bind_vertex_input semantic="UVSET0" input_semantic="TEXCOORD" input_set="0" />
                            </instance_material>
                            <instance_material symbol="Material4" target="#ID22">
                                <bind_vertex_input semantic="UVSET0" input_semantic="TEXCOORD" input_set="0" />
                            </instance_material>
                        </technique_common>
                    </bind_material>
                </instance_geometry>
                <instance_geometry url="#ID133">
                    <bind_material>
                        <technique_common>
                            <instance_material symbol="Material2" target="#ID124">
                                <bind_vertex_input semantic="UVSET0" input_semantic="TEXCOORD" input_set="0" />
                            </instance_material>
                            <instance_material symbol="Material3" target="#ID22">
                                <bind_vertex_input semantic="UVSET0" input_semantic="TEXCOORD" input_set="0" />
                            </instance_material>
                        </technique_common>
                    </bind_material>
                </instance_geometry>
                <instance_geometry url="#ID141">
                    <bind_material>
                        <technique_common>
                            <instance_material symbol="Material2" target="#ID5">
                                <bind_vertex_input semantic="UVSET0" input_semantic="TEXCOORD" input_set="0" />
                            </instance_material>
                            <instance_material symbol="Material3" target="#ID11">
                                <bind_vertex_input semantic="UVSET0" input_semantic="TEXCOORD" input_set="0" />
                            </instance_material>
                            <instance_material symbol="Material4" target="#ID12">
                                <bind_vertex_input semantic="UVSET0" input_semantic="TEXCOORD" input_set="0" />
                            </instance_material>
                        </technique_common>
                    </bind_material>
                </instance_geometry>
                <instance_geometry url="#ID149">
                    <bind_material>
                        <technique_common>
                            <instance_material symbol="Material2" target="#ID5">
                                <bind_vertex_input semantic="UVSET0" input_semantic="TEXCOORD" input_set="0" />
                            </instance_material>
                            <instance_material symbol="Material3" target="#ID11">
                                <bind_vertex_input semantic="UVSET0" input_semantic="TEXCOORD" input_set="0" />
                            </instance_material>
                            <instance_material symbol="Material4" target="#ID12">
                                <bind_vertex_input semantic="UVSET0" input_semantic="TEXCOORD" input_set="0" />
                            </instance_material>
                        </technique_common>
                    </bind_material>
                </instance_geometry>
                <instance_geometry url="#ID157">
                    <bind_material>
                        <technique_common>
                            <instance_material symbol="Material2" target="#ID11">
                                <bind_vertex_input semantic="UVSET0" input_semantic="TEXCOORD" input_set="0" />
                            </instance_material>
                            <instance_material symbol="Material3" target="#ID158">
                                <bind_vertex_input semantic="UVSET0" input_semantic="TEXCOORD" input_set="0" />
                            </instance_material>
                            <instance_material symbol="Material4" target="#ID12">
                                <bind_vertex_input semantic="UVSET0" input_semantic="TEXCOORD" input_set="0" />
                            </instance_material>
                        </technique_common>
                    </bind_material>
                </instance_geometry>
                <instance_geometry url="#ID167">
                    <bind_material>
                        <technique_common>
                            <instance_material symbol="Material2" target="#ID168">
                                <bind_vertex_input semantic="UVSET0" input_semantic="TEXCOORD" input_set="0" />
                            </instance_material>
                            <instance_material symbol="Material3" target="#ID12">
                                <bind_vertex_input semantic="UVSET0" input_semantic="TEXCOORD" input_set="0" />
                            </instance_material>
                        </technique_common>
                    </bind_material>
                </instance_geometry>
                <instance_geometry url="#ID182">
                    <bind_material>
                        <technique_common>
                            <instance_material symbol="Material2" target="#ID168">
                                <bind_vertex_input semantic="UVSET0" input_semantic="TEXCOORD" input_set="0" />
                            </instance_material>
                            <instance_material symbol="Material3" target="#ID12">
                                <bind_vertex_input semantic="UVSET0" input_semantic="TEXCOORD" input_set="0" />
                            </instance_material>
                        </technique_common>
                    </bind_material>
                </instance_geometry>
                <instance_geometry url="#ID192">
                    <bind_material>
                        <technique_common>
                            <instance_material symbol="Material2" target="#ID168">
                                <bind_vertex_input semantic="UVSET0" input_semantic="TEXCOORD" input_set="0" />
                            </instance_material>
                            <instance_material symbol="Material3" target="#ID12">
                                <bind_vertex_input semantic="UVSET0" input_semantic="TEXCOORD" input_set="0" />
                            </instance_material>
                        </technique_common>
                    </bind_material>
                </instance_geometry>
                <instance_geometry url="#ID202">
                    <bind_material>
                        <technique_common>
                            <instance_material symbol="Material2" target="#ID168">
                                <bind_vertex_input semantic="UVSET0" input_semantic="TEXCOORD" input_set="0" />
                            </instance_material>
                            <instance_material symbol="Material3" target="#ID12">
                                <bind_vertex_input semantic="UVSET0" input_semantic="TEXCOORD" input_set="0" />
                            </instance_material>
                        </technique_common>
                    </bind_material>
                </instance_geometry>
                <instance_geometry url="#ID212">
                    <bind_material>
                        <technique_common>
                            <instance_material symbol="Material2" target="#ID11">
                                <bind_vertex_input semantic="UVSET0" input_semantic="TEXCOORD" input_set="0" />
                            </instance_material>
                            <instance_material symbol="Material3" target="#ID158">
                                <bind_vertex_input semantic="UVSET0" input_semantic="TEXCOORD" input_set="0" />
                            </instance_material>
                            <instance_material symbol="Material4" target="#ID12">
                                <bind_vertex_input semantic="UVSET0" input_semantic="TEXCOORD" input_set="0" />
                            </instance_material>
                        </technique_common>
                    </bind_material>
                </instance_geometry>
                <instance_geometry url="#ID220">
                    <bind_material>
                        <technique_common>
                            <instance_material symbol="Material2" target="#ID5">
                                <bind_vertex_input semantic="UVSET0" input_semantic="TEXCOORD" input_set="0" />
                            </instance_material>
                            <instance_material symbol="Material3" target="#ID11">
                                <bind_vertex_input semantic="UVSET0" input_semantic="TEXCOORD" input_set="0" />
                            </instance_material>
                            <instance_material symbol="Material4" target="#ID12">
                                <bind_vertex_input semantic="UVSET0" input_semantic="TEXCOORD" input_set="0" />
                            </instance_material>
                        </technique_common>
                    </bind_material>
                </instance_geometry>
                <instance_geometry url="#ID228">
                    <bind_material>
                        <technique_common>
                            <instance_material symbol="Material2" target="#ID5">
                                <bind_vertex_input semantic="UVSET0" input_semantic="TEXCOORD" input_set="0" />
                            </instance_material>
                            <instance_material symbol="Material3" target="#ID11">
                                <bind_vertex_input semantic="UVSET0" input_semantic="TEXCOORD" input_set="0" />
                            </instance_material>
                            <instance_material symbol="Material4" target="#ID12">
                                <bind_vertex_input semantic="UVSET0" input_semantic="TEXCOORD" input_set="0" />
                            </instance_material>
                        </technique_common>
                    </bind_material>
                </instance_geometry>
                <instance_geometry url="#ID236">
                    <bind_material>
                        <technique_common>
                            <instance_material symbol="Material2" target="#ID12">
                                <bind_vertex_input semantic="UVSET0" input_semantic="TEXCOORD" input_set="0" />
                            </instance_material>
                        </technique_common>
                    </bind_material>
                </instance_geometry>
                <instance_geometry url="#ID240">
                    <bind_material>
                        <technique_common>
                            <instance_material symbol="Material2" target="#ID12">
                                <bind_vertex_input semantic="UVSET0" input_semantic="TEXCOORD" input_set="0" />
                            </instance_material>
                        </technique_common>
                    </bind_material>
                </instance_geometry>
                <instance_geometry url="#ID244">
                    <bind_material>
                        <technique_common>
                            <instance_material symbol="Material2" target="#ID12">
                                <bind_vertex_input semantic="UVSET0" input_semantic="TEXCOORD" input_set="0" />
                            </instance_material>
                        </technique_common>
                    </bind_material>
                </instance_geometry>
                <instance_geometry url="#ID248">
                    <bind_material>
                        <technique_common>
                            <instance_material symbol="Material2" target="#ID12">
                                <bind_vertex_input semantic="UVSET0" input_semantic="TEXCOORD" input_set="0" />
                            </instance_material>
                        </technique_common>
                    </bind_material>
                </instance_geometry>
                <instance_geometry url="#ID252">
                    <bind_material>
                        <technique_common>
                            <instance_material symbol="Material2" target="#ID22">
                                <bind_vertex_input semantic="UVSET0" input_semantic="TEXCOORD" input_set="0" />
                            </instance_material>
                        </technique_common>
                    </bind_material>
                </instance_geometry>
                <instance_geometry url="#ID256">
                    <bind_material>
                        <technique_common>
                            <instance_material symbol="Material2" target="#ID22">
                                <bind_vertex_input semantic="UVSET0" input_semantic="TEXCOORD" input_set="0" />
                            </instance_material>
                        </technique_common>
                    </bind_material>
                </instance_geometry>
                <instance_geometry url="#ID260">
                    <bind_material>
                        <technique_common>
                            <instance_material symbol="Material2" target="#ID12">
                                <bind_vertex_input semantic="UVSET0" input_semantic="TEXCOORD" input_set="0" />
                            </instance_material>
                        </technique_common>
                    </bind_material>
                </instance_geometry>
                <node name="skp_camera_Last_Saved_SketchUp_View">
                    <matrix>0.5310842 0.1572256 -0.8326042 -145.8871 -0.8473191 0.09854616 -0.5218611 -121.1518 0 0.9826336 0.1855566 162.4346 0 0 0 1</matrix>
                    <instance_camera url="#ID1" />
                </node>
            </node>
        </visual_scene>
    </library_visual_scenes>
    <library_geometries>
        <geometry id="ID3">
            <mesh>
                <source id="ID6">
                    <float_array id="ID14" count="72">26.74387 71.66667 149.2588 26.77794 71.66667 149.9351 26.77794 71.66667 149 26.64397 71.66667 149.5 26.48505 71.66667 149.7071 26.27794 71.66667 149.866 26.15294 71.66667 149.9178 26.19461 71.66667 149.9351 26.19461 71.66667 149.9351 26.15294 71.66667 149.9178 26.77794 71.66667 149.9351 26.27794 71.66667 149.866 26.48505 71.66667 149.7071 26.64397 71.66667 149.5 26.74387 71.66667 149.2588 26.77794 71.66667 149 26.77794 71.66667 149 26.77794 71.66667 149.9351 26.74387 71.66667 149.2588 26.64397 71.66667 149.5 26.48505 71.66667 149.7071 26.27794 71.66667 149.866 26.15294 71.66667 149.9178 26.19461 71.66667 149.9351</float_array>
                    <technique_common>
                        <accessor count="24" source="#ID14" stride="3">
                            <param name="X" type="float" />
                            <param name="Y" type="float" />
                            <param name="Z" type="float" />
                        </accessor>
                    </technique_common>
                </source>
                <source id="ID7">
                    <float_array id="ID15" count="72">-0 1 -0 -0 1 -0 -0 1 -0 -0 1 -0 -0 1 -0 -0 1 -0 -0 1 -0 -0 1 -0 0 -1 0 0 -1 0 0 -1 0 0 -1 0 0 -1 0 0 -1 0 0 -1 0 0 -1 0 0 0 0 0 0 0 0 0 0 0 0 0 0 0 0 0 0 0 0 0 0 0 0 0</float_array>
                    <technique_common>
                        <accessor count="24" source="#ID15" stride="3">
                            <param name="X" type="float" />
                            <param name="Y" type="float" />
                            <param name="Z" type="float" />
                        </accessor>
                    </technique_common>
                </source>
                <source id="ID8">
                    <Name_array id="ID16" count="0" />
                    <technique_common>
                        <accessor count="0" source="#ID16" stride="1">
                            <param name="skp_material" type="Name" />
                        </accessor>
                    </technique_common>
                </source>
                <vertices id="ID9">
                    <input semantic="POSITION" source="#ID6" />
                    <input semantic="NORMAL" source="#ID7" />
                </vertices>
                <triangles count="6" material="Material2">
                    <input offset="0" semantic="VERTEX" source="#ID9" />
                    <p>0 1 2 1 0 3 1 3 4 1 4 5 1 5 6 1 6 7</p>
                </triangles>
                <triangles count="6" material="Material3">
                    <input offset="0" semantic="VERTEX" source="#ID9" />
                    <p>8 9 10 9 11 10 11 12 10 12 13 10 13 14 10 15 10 14</p>
                </triangles>
                <lines count="8" material="Material4">
                    <input offset="0" semantic="VERTEX" source="#ID9" />
                    <p>16 17 18 16 19 18 20 19 21 20 22 21 23 22 23 17</p>
                </lines>
            </mesh>
        </geometry>
        <geometry id="ID17">
            <mesh>
                <source id="ID18">
                    <float_array id="ID24" count="7560">25.52794 71.66667 149.9797 25.59044 71.66667 149.866 25.52794 71.66667 149.7922 25.67169 71.66667 149.9178 25.59618 71.66667 149.9659 25.59618 71.66667 149.9659 25.52794 71.66667 149.9797 25.67169 71.66667 149.9178 25.59044 71.66667 149.866 25.52794 71.66667 149.7922 25.59618 71.66667 149.9659 25.67169 71.66667 149.9178 25.59044 71.66667 149.866 25.52794 71.66667 149.7922 25.52794 71.66667 149.9797 25.67169 71.66667 149.9178 25.59618 71 149.9659 25.59618 71.66667 149.9659 25.75294 71 149.866 25.75294 71.66667 149.866 25.75294 71.66667 149.866 25.67169 71.66667 149.9178 25.75294 71 149.866 25.59618 71 149.9659 25.59618 71.66667 149.9659 25.59618 71 149.9659 25.75294 71 149.866 25.75294 71.66667 149.866 25.69878 71.66667 149.9351 26.07794 71.66667 149.9351 26.15294 71.66667 149.9178 26.07794 71.66667 149.8867 26.03676 71.66667 149.9659 25.77794 71.66667 150 25.52794 71.66667 150 25.52794 71.66667 150 25.77794 71.66667 150 26.03676 71.66667 149.9659 26.07794 71.66667 149.9351 26.15294 71.66667 149.9178 26.07794 71.66667 149.8867 25.69878 71.66667 149.9351 25.69878 71.66667 149.9351 25.52794 71.66667 150 25.77794 71.66667 150 26.03676 71.66667 149.9659 26.15294 71.66667 149.9178 26.07794 71.66667 149.8867 26.07794 71.66667 149.9351 25.67169 71.66667 149.9178 25.59044 72.33333 149.866 25.59044 71.66667 149.866 25.67169 72.33333 149.9178 25.69878 71.66667 149.9351 25.69878 72.33333 149.9351 25.69878 72.33333 149.9351 25.69878 71.66667 149.9351 25.67169 72.33333 149.9178 25.67169 71.66667 149.9178 25.59044 72.33333 149.866 25.59044 71.66667 149.866 25.69878 72.33333 149.9351 25.67169 72.33333 149.9178 25.59044 72.33333 149.866 25.56202 71.66667 149.2588 25.52794 71.66667 149 25.66192 71.66667 149.5 25.82084 71.66667 149.7071 25.86128 71.66667 149.7381 25.75294 71.66667 149.866 25.75294 71.66667 148.134 25.59044 71.66667 148.134 25.67169 71.66667 148.0822 25.86128 71.66667 148.2619 25.52794 71.66667 148.2078 25.82084 71.66667 148.2929 25.66192 71.66667 148.5 25.56202 71.66667 148.7412 25.52794 71.66667 149 25.56202 71.66667 148.7412 25.52794 71.66667 148.2078 25.66192 71.66667 148.5 25.82084 71.66667 148.2929 25.86128 71.66667 148.2619 25.59044 71.66667 148.134 25.75294 71.66667 148.134 25.67169 71.66667 148.0822 25.75294 71.66667 149.866 25.86128 71.66667 149.7381 25.82084 71.66667 149.7071 25.66192 71.66667 149.5 25.56202 71.66667 149.2588 25.86128 71.66667 148.2619 25.75294 71.66667 148.134 25.82084 71.66667 148.2929 25.66192 71.66667 148.5 25.56202 71.66667 148.7412 25.52794 71.66667 149 25.56202 71.66667 149.2588 25.66192 71.66667 149.5 25.82084 71.66667 149.7071 25.86128 71.66667 149.7381 25.52794 71.66667 148.2078 25.59044 71.66667 148.134 25.67169 71.66667 148.0822 25.52794 71.66667 149.7922 25.45582 71.66667 149.7071 25.45582 72.33333 149.7071 25.52794 72.33333 149.7922 25.52794 72.33333 149.7922 25.45582 72.33333 149.7071 25.45582 71.66667 149.7071 25.52794 71.66667 149.7922 25.52794 72.33333 149.7922 25.45582 72.33333 149.7071 25.45582 71.66667 149.7071 25.52794 71.66667 149.9797 25.42794 71 150 25.42794 71.66667 150 25.52794 71.66667 149.9797 25.42794 71 150 25.42794 71.66667 150 25.42794 71 150 25.42794 71.66667 150 24.77794 71 147 25.26544 71 147.5 25.26544 71 147 24.77794 71 151 25.26544 71 148 25.42794 71 148 25.59618 71 148.0341 25.75294 71 148.134 25.88756 71 148.2929 25.99086 71 148.5 25.26544 71 150 26.05579 71 148.7412 26.07794 71 149 26.05579 71 149.2588 25.99086 71 149.5 25.88756 71 149.7071 25.75294 71 149.866 25.59618 71 149.9659 25.42794 71 150 25.26544 71 150.5 25.26544 71 151 25.26544 71 151 24.77794 71 151 25.26544 71 150.5 25.26544 71 150 25.42794 71 150 25.59618 71 149.9659 25.75294 71 149.866 25.88756 71 149.7071 25.99086 71 149.5 26.05579 71 149.2588 26.07794 71 149 26.05579 71 148.7412 25.99086 71 148.5 25.88756 71 148.2929 25.75294 71 148.134 25.59618 71 148.0341 25.42794 71 148 25.26544 71 148 25.26544 71 147.5 24.77794 71 147 25.26544 71 147 25.26544 71 150.5 25.26544 71 150 25.88756 71 149.7071 25.99086 71 149.5 26.05579 71 149.2588 26.07794 71 149 26.05579 71 148.7412 25.99086 71 148.5 25.88756 71 148.2929 25.75294 71 148.134 25.59618 71 148.0341 25.42794 71 148 25.26544 71 148 25.26544 71 147.5 25.26544 71 147 24.77794 71 147 24.77794 71 151 25.26544 71 151 26.02794 71.66667 149.866 26.02794 71.66667 149.866 26.02794 71.66667 149.866 25.88756 71 149.7071 25.88756 71.66667 149.7071 25.86128 71.66667 149.7381 25.86128 71.66667 149.7381 25.88756 71.66667 149.7071 25.88756 71 149.7071 25.88756 71.66667 149.7071 26.07794 71.66667 149 26.07794 71.03407 149.2588 26.07794 71 149 26.07794 71.13397 149.5 26.07794 71.29289 149.7071 26.07794 71.5 149.866 26.07794 71.66667 149.9351 26.07794 71.66667 149.8867 26.07794 71.66667 149.8867 26.07794 71.66667 149 26.07794 71.66667 149.9351 26.07794 71.5 149.866 26.07794 71.29289 149.7071 26.07794 71.13397 149.5 26.07794 71.03407 149.2588 26.07794 71 149 26.07794 71.03407 149.2588 26.07794 71.66667 149 26.07794 71.5 149.866 26.07794 71.29289 149.7071 26.07794 71.13397 149.5 26.07794 71.66667 149.9351 25.69878 72.33333 149.9351 25.69878 71.66667 149.9351 26.07794 72.33333 149.9351 26.07794 72.33333 149.9351 26.07794 71.66667 149.9351 25.69878 72.33333 149.9351 25.69878 71.66667 149.9351 26.07794 72.33333 149.9351 26.15294 72.33333 149.9178 26.07794 72.33333 149.9351 26.07794 72.33333 149.8867 26.03676 72.33333 149.9659 25.69878 72.33333 149.9351 25.59618 72.33333 149.9659 25.67169 72.33333 149.9178 25.77794 72.33333 150 25.52794 72.33333 149.9797 25.52794 72.33333 150 25.52794 72.33333 150 25.77794 72.33333 150 25.52794 72.33333 149.9797 25.59618 72.33333 149.9659 26.03676 72.33333 149.9659 26.07794 72.33333 149.9351 25.69878 72.33333 149.9351 25.67169 72.33333 149.9178 26.15294 72.33333 149.9178 26.07794 72.33333 149.8867 25.59618 72.33333 149.9659 26.07794 72.33333 149.8867 26.15294 72.33333 149.9178 26.03676 72.33333 149.9659 25.77794 72.33333 150 25.52794 72.33333 150 25.52794 72.33333 149.9797 25.75294 72.33333 149.866 26.02794 72.33333 149.866 25.86128 72.33333 149.7381 25.75294 72.33333 149.866 26.02794 72.33333 149.866 25.86128 72.33333 149.7381 26.02794 72.33333 149.866 25.86128 72.33333 149.7381 25.75294 72.33333 149.866 25.56202 72.33333 149.2588 25.52794 72.33333 149.7922 25.52794 72.33333 149 25.66192 72.33333 149.5 25.82084 72.33333 149.7071 25.59044 72.33333 149.866 25.59044 72.33333 149.866 25.52794 72.33333 149.7922 25.82084 72.33333 149.7071 25.66192 72.33333 149.5 25.56202 72.33333 149.2588 25.52794 72.33333 149 25.82084 72.33333 149.7071 25.52794 72.33333 149 25.56202 72.33333 149.2588 25.66192 72.33333 149.5 25.88756 71.66667 148.2929 25.75294 71 148.134 25.88756 71 148.2929 25.75294 71.66667 148.134 25.86128 71.66667 148.2619 25.86128 71.66667 148.2619 25.88756 71.66667 148.2929 25.75294 71.66667 148.134 25.75294 71 148.134 25.88756 71 148.2929 25.88756 71.66667 148.2929 25.69878 71.66667 148.0649 26.07794 71.66667 148.1133 26.07794 71.66667 148.0649 26.02794 71.66667 148.134 26.02794 71.66667 148.134 26.07794 71.66667 148.1133 25.69878 71.66667 148.0649 26.07794 71.66667 148.0649 26.07794 71.66667 148.0649 26.07794 71.66667 148.1133 25.69878 71.66667 148.0649 26.02794 71.66667 148.134 25.88756 71.66667 148.2929 25.99086 71.66667 148.5 26.05579 71.66667 148.7412 26.07794 71.66667 149 26.05579 71.66667 149.2588 25.99086 71.66667 149.5 25.88756 71.66667 149.7071 25.88756 71.66667 149.7071 25.99086 71.66667 149.5 26.05579 71.66667 149.2588 26.07794 71.66667 149 26.05579 71.66667 148.7412 25.99086 71.66667 148.5 25.88756 71.66667 148.2929 25.99086 71.66667 148.5 26.05579 71.66667 148.7412 26.05579 71.66667 149.2588 25.99086 71.66667 149.5 25.45582 71.66667 148.2929 25.35253 71.66667 148.5 25.28759 71.66667 148.7412 25.26544 71.66667 149 25.28759 71.66667 149.2588 25.35253 71.66667 149.5 25.45582 71.66667 149.7071 25.45582 71.66667 149.7071 25.35253 71.66667 149.5 25.28759 71.66667 149.2588 25.26544 71.66667 149 25.28759 71.66667 148.7412 25.35253 71.66667 148.5 25.45582 71.66667 148.2929 25.45582 71.66667 148.2929 25.35253 71.66667 149.5 25.28759 71.66667 149.2588 25.26544 71.66667 149 25.28759 71.66667 148.7412 25.35253 71.66667 148.5 25.45582 72.33333 148.2929 25.52794 71.66667 148.2078 25.45582 71.66667 148.2929 25.59044 71.66667 148.134 25.59044 72.33333 148.134 25.59044 72.33333 148.134 25.45582 72.33333 148.2929 25.59044 71.66667 148.134 25.52794 71.66667 148.2078 25.45582 71.66667 148.2929 25.45582 72.33333 148.2929 25.59044 72.33333 148.134 25.59618 71.66667 148.0341 25.52794 71.66667 148.0203 25.59618 71.66667 148.0341 25.52794 71.66667 148.0203 25.52794 71.66667 148.0203 25.59618 71.66667 148.0341 25.67169 72.33333 148.0822 25.67169 71.66667 148.0822 25.69878 72.33333 148.0649 25.69878 71.66667 148.0649 25.69878 71.66667 148.0649 25.69878 72.33333 148.0649 25.67169 71.66667 148.0822 25.67169 72.33333 148.0822 25.67169 72.33333 148.0822 25.69878 72.33333 148.0649 25.59618 71.66667 148.0341 25.59618 71 148.0341 25.67169 71.66667 148.0822 25.67169 71.66667 148.0822 25.59618 71.66667 148.0341 25.59618 71 148.0341 25.35253 71.66667 149.5 25.35253 72.33333 149.5 25.35253 72.33333 149.5 25.35253 71.66667 149.5 25.35253 72.33333 149.5 25.42794 71.66667 150 25.26544 71 150 25.26544 71.66667 150 25.42794 71 150 25.42794 71 150 25.42794 71.66667 150 25.26544 71 150 25.26544 71.66667 150 25.26544 71.66667 150 25.26544 72.33333 149 25.26544 71.66667 149 25.26544 72.33333 150 25.26544 73 150.5 25.26544 71 150 25.26544 71 150.5 25.26544 71.66667 150 25.26544 73 150 25.26544 73 150 25.26544 73 150.5 25.26544 72.33333 150 25.26544 71.66667 149 25.26544 71.66667 150 25.26544 71 150 25.26544 71 150.5 25.26544 72.33333 149 25.26544 72.33333 149 25.26544 72.33333 150 25.26544 73 150.5 25.26544 73 150 25.99086 71 149.5 25.99086 71.66667 149.5 25.99086 71.66667 149.5 25.99086 71 149.5 26.05579 71 149.2588 26.05579 71.66667 149.2588 26.05579 71.66667 149.2588 26.05579 71 149.2588 26.07794 71.66667 149 26.07794 71 149 26.07794 71.66667 149 26.07794 71 149 26.07794 71.66667 149 26.05579 71 148.7412 26.07794 71 149 26.05579 71.66667 148.7412 26.05579 71.66667 148.7412 26.07794 71.66667 149 26.05579 71 148.7412 26.07794 71 149 25.99086 71 148.5 25.99086 71.66667 148.5 25.99086 71.66667 148.5 25.99086 71 148.5 25.42794 71.66667 148 25.42794 71 148 25.52794 71.66667 148.0203 25.52794 71.66667 148.0203 25.42794 71.66667 148 25.42794 71 148 25.42794 71.66667 148 25.42794 71 148 25.26544 71.66667 148 25.26544 71 148 25.42794 71.66667 148 25.42794 71.66667 148 25.42794 71 148 25.26544 71.66667 148 25.26544 71 148 25.26544 71.66667 148 25.26544 72.33333 149 25.26544 71.66667 148 25.26544 71.66667 149 25.26544 71 147.5 25.26544 71 148 25.26544 73 147.5 25.26544 72.33333 148 25.26544 73 148 25.26544 73 148 25.26544 72.33333 148 25.26544 73 147.5 25.26544 72.33333 149 25.26544 71.66667 148 25.26544 71 147.5 25.26544 71 148 25.26544 71.66667 149 25.26544 72.33333 148 25.26544 73 148 25.26544 73 147.5 25.26544 73 147.5 25.26544 71 147 25.26544 71 147.5 25.26544 73 147 25.26544 73 147 25.26544 73 147.5 25.26544 71 147 25.26544 71 147.5 25.26544 73 147 25.26544 71 147 24.77794 73 147 24.77794 71 147 25.26544 73 147 25.26544 73 147 25.26544 71 147 24.77794 73 147 24.77794 71 147 24.77794 73 147 24.77794 71 147 23.77794 71 114 24.77794 71 114 23.77794 71 152 24.77794 71 151 24.77794 71 152 24.77794 71 152 24.77794 71 151 23.77794 71 152 24.77794 71 147 23.77794 71 114 24.77794 71 114 24.77794 71 114 23.77794 71 114 24.77794 71 152 23.77794 71 152 24.77794 73 147 24.77794 71 151 24.77794 71 147 24.77794 73 151 24.77794 73 151 24.77794 73 147 24.77794 71 151 24.77794 71 147 24.77794 73 151 25.26544 73 151 24.77794 71 151 24.77794 73 151 25.26544 71 151 25.26544 71 151 25.26544 73 151 24.77794 71 151 24.77794 73 151 25.26544 73 151 25.26544 73 151 25.26544 71 150.5 25.26544 71 151 25.26544 73 150.5 25.26544 73 150.5 25.26544 73 151 25.26544 71 150.5 25.26544 71 151 36.15585 71.03407 149.2588 36.0718 71 149 36.15585 71 149 36.0718 71.03407 149.2588 26.07794 71.03407 149.2588 26.07794 71 149 36.0718 71 149 26.07794 71 149 26.07794 71.03407 149.2588 36.0718 71.03407 149.2588 36.15585 71.03407 149.2588 36.15585 71 149 36.15585 71 149 36.15585 71.03407 149.2588 36.0718 71.03407 149.2588 36.0718 71 149 26.07794 71.03407 148.7412 26.07794 71.66667 149 26.07794 71 149 26.07794 71.13397 148.5 26.07794 71.29289 148.2929 26.07794 71.5 148.134 26.07794 71.66667 148.0649 26.07794 71.66667 148.1133 26.07794 71.66667 148.1133 26.07794 71.66667 148.0649 26.07794 71.66667 149 26.07794 71.5 148.134 26.07794 71.29289 148.2929 26.07794 71.13397 148.5 26.07794 71.03407 148.7412 26.07794 71 149 26.07794 71.03407 148.7412 26.07794 71.13397 148.5 26.07794 71.29289 148.2929 26.07794 71.5 148.134 36.15585 71.5 149.866 26.07794 71.66667 149.9351 26.07794 71.5 149.866 36.15585 71.74118 149.9659 26.07794 71.74118 149.9659 36.15585 71.5 149.866 26.07794 71.66667 149.9351 36.15585 71.74118 149.9659 26.07794 71.74118 149.9659 26.07794 71.5 149.866 36.15585 71.5 149.866 36.15585 71.74118 149.9659 26.07794 71.74118 149.9659 26.07794 71.29289 149.7071 36.07491 71.29246 149.7066 36.15585 71.29289 149.7071 36.15585 71.29289 149.7071 36.07491 71.29246 149.7066 26.07794 71.29289 149.7071 36.15585 71.29289 149.7071 36.07491 71.29246 149.7066 36.15585 71.13397 149.5 36.0718 71.13397 149.5 26.07794 71.13397 149.5 36.15585 71.13397 149.5 36.0718 71.13397 149.5 26.07794 71.13397 149.5 36.15585 71.13397 149.5 36.0718 71.13397 149.5 26.07794 72.33333 149.9351 26.07794 71.74118 149.9659 26.07794 71.66667 149.9351 26.07794 72 150 26.07794 72.25882 149.9659 26.07794 72.25882 149.9659 26.07794 72.33333 149.9351 26.07794 72 150 26.07794 71.74118 149.9659 26.07794 71.66667 149.9351 26.07794 72.25882 149.9659 26.07794 72 150 25.75294 73 149.866 25.59618 72.33333 149.9659 25.59618 73 149.9659 25.67169 72.33333 149.9178 25.75294 72.33333 149.866 25.75294 72.33333 149.866 25.75294 73 149.866 25.67169 72.33333 149.9178 25.59618 72.33333 149.9659 25.59618 73 149.9659 25.59618 73 149.9659 25.75294 73 149.866 26.07794 73 149 26.07794 72.33333 149.8867 26.07794 72.33333 149 26.07794 72.33333 149.9351 26.07794 72.5 149.866 26.07794 72.70711 149.7071 26.07794 72.86603 149.5 26.07794 72.96593 149.2588 26.07794 72.96593 149.2588 26.07794 73 149 26.07794 72.86603 149.5 26.07794 72.70711 149.7071 26.07794 72.5 149.866 26.07794 72.33333 149.9351 26.07794 72.33333 149.8867 26.07794 72.33333 149 26.07794 72.33333 149 26.07794 73 149 26.07794 72.96593 149.2588 26.07794 72.86603 149.5 26.07794 72.70711 149.7071 26.07794 72.5 149.866 26.27794 72.33333 148.134 26.07794 72.33333 148.1133 26.15294 72.33333 148.0822 26.07794 72.33333 149 26.48505 72.33333 148.2929 26.64397 72.33333 148.5 26.74387 72.33333 148.7412 26.77794 72.33333 149 26.74387 72.33333 149.2588 26.64397 72.33333 149.5 26.48505 72.33333 149.7071 26.27794 72.33333 149.866 26.27794 72.33333 149.866 26.48505 72.33333 149.7071 26.64397 72.33333 149.5 26.74387 72.33333 149.2588 26.07794 72.33333 149 26.77794 72.33333 149 26.74387 72.33333 148.7412 26.64397 72.33333 148.5 26.48505 72.33333 148.2929 26.27794 72.33333 148.134 26.07794 72.33333 148.1133 26.15294 72.33333 148.0822 26.07794 72.33333 148.1133 26.15294 72.33333 148.0822 26.27794 72.33333 148.134 26.48505 72.33333 148.2929 26.64397 72.33333 148.5 26.74387 72.33333 148.7412 26.77794 72.33333 149 26.74387 72.33333 149.2588 26.64397 72.33333 149.5 26.48505 72.33333 149.7071 26.27794 72.33333 149.866 25.42794 72.33333 150 25.42794 73 150 25.52794 72.33333 149.9797 25.52794 72.33333 149.9797 25.42794 72.33333 150 25.42794 73 150 25.42794 73 150 25.42794 72.33333 150 26.05579 72.33333 149.2588 25.99086 72.33333 149.5 25.88756 72.33333 149.7071 25.88756 72.33333 149.7071 25.99086 72.33333 149.5 26.05579 72.33333 149.2588 26.05579 72.33333 149.2588 25.99086 72.33333 149.5 25.88756 72.33333 149.7071 25.86128 72.33333 149.7381 25.88756 72.33333 149.7071 25.88756 73 149.7071 25.88756 73 149.7071 25.88756 72.33333 149.7071 25.86128 72.33333 149.7381 25.88756 73 149.7071 25.88756 72.33333 148.2929 25.82084 72.33333 148.2929 25.86128 72.33333 148.2619 25.66192 72.33333 148.5 25.99086 72.33333 148.5 26.05579 72.33333 148.7412 25.56202 72.33333 148.7412 25.56202 72.33333 148.7412 26.05579 72.33333 148.7412 25.66192 72.33333 148.5 25.99086 72.33333 148.5 25.88756 72.33333 148.2929 25.82084 72.33333 148.2929 25.86128 72.33333 148.2619 26.05579 72.33333 148.7412 25.56202 72.33333 148.7412 25.66192 72.33333 148.5 25.82084 72.33333 148.2929 25.86128 72.33333 148.2619 25.88756 72.33333 148.2929 25.99086 72.33333 148.5 25.77794 71.66667 148 25.52794 71.66667 148 26.03676 71.66667 148.0341 26.15294 71.66667 148.0822 26.15294 71.66667 148.0822 26.03676 71.66667 148.0341 25.77794 71.66667 148 25.52794 71.66667 148 25.52794 71.66667 148 26.15294 71.66667 148.0822 26.03676 71.66667 148.0341 25.77794 71.66667 148 26.07794 72.33333 148.0649 25.69878 71.66667 148.0649 25.69878 72.33333 148.0649 26.07794 71.66667 148.0649 26.07794 71.66667 148.0649 26.07794 72.33333 148.0649 25.69878 71.66667 148.0649 25.69878 72.33333 148.0649 26.07794 72.33333 148.0649 25.28759 71.66667 149.2588 25.28759 72.33333 149.2588 25.28759 72.33333 149.2588 25.28759 71.66667 149.2588 25.28759 72.33333 149.2588 25.26544 71.66667 149 25.26544 72.33333 149 25.26544 72.33333 149 25.26544 71.66667 149 25.26544 72.33333 149 25.28759 71.66667 148.7412 25.26544 71.66667 149 25.28759 72.33333 148.7412 25.28759 72.33333 148.7412 25.26544 72.33333 149 25.28759 71.66667 148.7412 25.26544 71.66667 149 25.28759 72.33333 148.7412 25.35253 71.66667 148.5 25.35253 72.33333 148.5 25.35253 72.33333 148.5 25.35253 71.66667 148.5 25.35253 72.33333 148.5 25.26544 72.33333 148 25.28759 72.33333 148.7412 25.42794 72.33333 148 25.26544 72.33333 149 25.35253 72.33333 148.5 25.45582 72.33333 148.2929 25.59618 72.33333 148.0341 25.59044 72.33333 148.134 25.67169 72.33333 148.0822 25.67169 72.33333 148.0822 25.59044 72.33333 148.134 25.59618 72.33333 148.0341 25.45582 72.33333 148.2929 25.42794 72.33333 148 25.35253 72.33333 148.5 25.28759 72.33333 148.7412 25.26544 72.33333 149 25.26544 72.33333 148 25.59618 72.33333 148.0341 25.42794 72.33333 148 25.26544 73 147.5 24.77794 73 147 25.26544 73 147 24.77794 73 151 25.26544 73 148 25.42794 73 148 25.59618 73 148.0341 25.75294 73 148.134 25.88756 73 148.2929 25.99086 73 148.5 25.26544 73 150 26.05579 73 148.7412 26.07794 73 149 26.05579 73 149.2588 25.99086 73 149.5 25.88756 73 149.7071 25.75294 73 149.866 25.59618 73 149.9659 25.42794 73 150 25.26544 73 150.5 25.26544 73 151 25.26544 73 151 25.26544 73 150.5 24.77794 73 151 25.26544 73 150 25.42794 73 150 25.59618 73 149.9659 25.75294 73 149.866 25.88756 73 149.7071 25.99086 73 149.5 26.05579 73 149.2588 26.07794 73 149 26.05579 73 148.7412 25.99086 73 148.5 25.88756 73 148.2929 25.75294 73 148.134 25.59618 73 148.0341 25.42794 73 148 25.26544 73 148 25.26544 73 147.5 24.77794 73 147 25.26544 73 147 25.42794 73 148 25.59618 73 148.0341 25.75294 73 148.134 25.88756 73 148.2929 25.99086 73 148.5 26.05579 73 148.7412 26.05579 73 149.2588 25.99086 73 149.5 25.42794 73 150 25.26544 72.33333 150 25.26544 73 150 25.42794 72.33333 150 25.42794 72.33333 150 25.42794 73 150 25.26544 72.33333 150 25.26544 73 150 25.42794 72.33333 148 25.26544 73 148 25.26544 72.33333 148 25.42794 73 148 25.42794 73 148 25.42794 72.33333 148 25.26544 73 148 25.26544 72.33333 148 24.77794 2 126.25 24.77794 1 147 24.77794 1 126.25 24.77794 3 147 24.77794 3 114 24.77794 2 113 24.77794 33.25 113.25 24.77794 72 113 24.77794 40.75 113.25 24.77794 40.75 114 24.77794 71 114 24.77794 71 147 24.77794 72 126.25 24.77794 73 147 24.77794 73 126.25 24.77794 33.25 114 24.77794 33.25 113.25 24.77794 3 114 24.77794 33.25 114 24.77794 73 126.25 24.77794 72 126.25 24.77794 73 147 24.77794 71 147 24.77794 72 113 24.77794 71 114 24.77794 40.75 114 24.77794 40.75 113.25 24.77794 2 113 24.77794 2 126.25 24.77794 3 147 24.77794 1 147 24.77794 1 126.25 24.77794 3 147 24.77794 3 114 24.77794 1 147 24.77794 1 126.25 24.77794 2 126.25 24.77794 2 113 24.77794 72 113 24.77794 72 126.25 24.77794 73 126.25 24.77794 40.75 114 24.77794 40.75 113.25 24.77794 33.25 113.25 24.77794 33.25 114 24.77794 40.75 114 23.77794 71 114 23.77794 40.75 114 24.77794 71 114 24.77794 71 114 24.77794 40.75 114 23.77794 71 114 23.77794 40.75 114 23.77794 40.75 114 24.77794 3 151 24.77794 3 152 24.77794 1 151 24.77794 1 154 24.77794 73 154 24.77794 71 152 24.77794 71 151 24.77794 73 151 24.77794 73 151 24.77794 71 151 24.77794 73 154 24.77794 71 152 24.77794 3 152 24.77794 1 151 24.77794 1 154 24.77794 3 151 24.77794 1 154 24.77794 1 151 24.77794 3 151 24.77794 3 152 24.77794 73 154 24.77794 71 152 23.77794 3 152 23.77794 71 152 24.77794 3 152 24.77794 3 152 24.77794 71 152 23.77794 3 152 23.77794 71 152 23.77794 3 152 23.77794 2 153 23.77794 3 152 23.77794 2 113 23.77794 72 153 23.77794 71 152 23.77794 71 114 23.77794 40.75 114 23.77794 40 113 23.77794 40 114 23.77794 72 113 23.77794 3 114 23.77794 34 113 23.77794 33.25 114 23.77794 34 114 23.77794 34 114 23.77794 33.25 114 23.77794 34 113 23.77794 3 114 23.77794 3 152 23.77794 2 113 23.77794 72 153 23.77794 71 114 23.77794 72 113 23.77794 40.75 114 23.77794 40 113 23.77794 40 114 23.77794 71 152 23.77794 2 153 23.77794 34 114 23.77794 33.25 114 23.77794 34 113 23.77794 2 113 23.77794 2 153 23.77794 72 153 23.77794 72 113 23.77794 40 113 23.77794 40 114 23.77794 3 114 22.77794 73 154 24.77794 73 126.25 22.77794 73 126.25 24.77794 73 154 24.77794 73 154 22.77794 73 154 24.77794 73 126.25 22.77794 73 126.25 22.77794 73 126.25 22.77794 73 154 36.0718 71.03407 148.7412 36.15585 71.03407 148.7412 26.07794 71.03407 148.7412 26.07794 71.03407 148.7412 36.0718 71.03407 148.7412 36.15585 71.03407 148.7412 36.15585 71.03407 148.7412 36.0718 71.03407 148.7412 36.0718 71.13397 148.5 36.15585 71.13397 148.5 26.07794 71.13397 148.5 26.07794 71.13397 148.5 36.0718 71.13397 148.5 36.15585 71.13397 148.5 36.15585 71.13397 148.5 36.0718 71.13397 148.5 36.0718 71.29289 148.2929 36.15585 71.29289 148.2929 26.07794 71.29289 148.2929 36.0718 71.29289 148.2929 26.07794 71.29289 148.2929 36.15585 71.29289 148.2929 36.15585 71.29289 148.2929 36.0718 71.29289 148.2929 26.07794 71.5 148.134 36.0718 71.5 148.134 36.15585 71.5 148.134 36.15585 71.5 148.134 36.0718 71.5 148.134 26.07794 71.5 148.134 36.15585 71.5 148.134 36.0718 71.5 148.134 26.07794 71.74118 148.0341 26.07794 71.66667 148.0649 36.0718 71.74118 148.0341 36.15585 71.74118 148.0341 36.15585 71.74118 148.0341 36.0718 71.74118 148.0341 26.07794 71.74118 148.0341 26.07794 71.66667 148.0649 36.15585 71.74118 148.0341 26.07794 71.74118 148.0341 36.0718 71.74118 148.0341 36.15585 72 150 26.07794 72 150 36.15585 72 150 26.07794 72 150 36.15585 72 150 36.15585 72.25882 149.9659 26.07794 72.33333 149.9351 26.07794 72.25882 149.9659 36.15585 72.5 149.866 26.07794 72.5 149.866 26.07794 72.33333 149.9351 26.07794 72.5 149.866 36.15585 72.5 149.866 36.15585 72.25882 149.9659 26.07794 72.25882 149.9659 36.15585 72.25882 149.9659 36.15585 72.5 149.866 26.07794 72.5 148.134 26.07794 72.33333 148.1133 26.07794 72.33333 148.0649 26.07794 72.33333 149 26.07794 73 149 26.07794 72.70711 148.2929 26.07794 72.86603 148.5 26.07794 72.96593 148.7412 26.07794 72.96593 148.7412 26.07794 72.86603 148.5 26.07794 73 149 26.07794 72.70711 148.2929 26.07794 72.5 148.134 26.07794 72.33333 149 26.07794 72.33333 148.1133 26.07794 72.33333 148.0649 26.07794 72.96593 148.7412 26.07794 72.5 148.134 26.07794 72.70711 148.2929 26.07794 72.86603 148.5 26.05579 73 149.2588 26.07794 72.33333 149 26.05579 72.33333 149.2588 26.07794 73 149 26.07794 73 149 26.05579 73 149.2588 26.07794 72.33333 149 26.05579 72.33333 149.2588 26.07794 73 149 26.05579 72.33333 148.7412 26.07794 72.33333 149 26.05579 73 148.7412 26.05579 73 148.7412 26.07794 73 149 26.05579 72.33333 148.7412 26.07794 72.33333 149 26.07794 72.96593 149.2588 36.15585 73 149 26.07794 73 149 36.15585 72.96593 149.2588 36.15585 72.96593 149.2588 26.07794 72.96593 149.2588 36.15585 73 149 26.07794 73 149 36.15585 72.96593 149.2588 36.15585 73 149 26.07794 72.86603 149.5 36.15585 72.86603 149.5 36.15585 72.86603 149.5 26.07794 72.86603 149.5 36.15585 72.86603 149.5 26.07794 72.70711 149.7071 36.15585 72.70711 149.7071 36.15585 72.70711 149.7071 26.07794 72.70711 149.7071 36.15585 72.70711 149.7071 26.02794 72.33333 148.134 26.02794 72.33333 148.134 26.02794 72.33333 148.134 26.77794 72.33333 148.0649 26.19461 72.33333 148.0649 26.19461 72.33333 148.0649 26.77794 72.33333 148.0649 26.77794 72.33333 148.0649 26.19461 72.33333 148.0649 25.99086 73 149.5 25.99086 72.33333 149.5 25.99086 73 149.5 25.99086 72.33333 149.5 25.88756 73 148.2929 25.86128 72.33333 148.2619 25.88756 72.33333 148.2929 25.75294 72.33333 148.134 25.75294 73 148.134 25.75294 73 148.134 25.88756 73 148.2929 25.75294 72.33333 148.134 25.86128 72.33333 148.2619 25.88756 72.33333 148.2929 25.75294 72.33333 148.134 25.99086 73 148.5 25.99086 72.33333 148.5 25.99086 73 148.5 25.99086 72.33333 148.5 26.07794 71.74118 148.0341 26.07794 72.33333 148.0649 26.07794 71.66667 148.0649 26.07794 72 148 26.07794 72.25882 148.0341 26.07794 72.25882 148.0341 26.07794 72 148 26.07794 72.33333 148.0649 26.07794 71.74118 148.0341 26.07794 71.66667 148.0649 26.07794 72 148 26.07794 72.25882 148.0341 25.67169 72.33333 148.0822 25.59618 73 148.0341 25.59618 72.33333 148.0341 25.67169 72.33333 148.0822 25.59618 73 148.0341 25.59618 72.33333 148.0341 25.42794 73 148 25.42794 72.33333 148 25.42794 73 148 25.42794 72.33333 148 23.77794 3 152 24.77794 3 114 23.77794 3 114 24.77794 3 147 24.77794 3 151 24.77794 3 152 24.77794 3 152 23.77794 3 152 24.77794 3 151 24.77794 3 147 24.77794 3 114 23.77794 3 114 24.77794 3 147 24.77794 1 151 24.77794 1 147 24.77794 3 151 24.77794 3 151 24.77794 3 147 24.77794 1 151 24.77794 1 147 25.26544 1 147 24.77794 3 147 24.77794 1 147 25.26544 3 147 25.26544 3 147 25.26544 1 147 24.77794 3 147 24.77794 1 147 25.26544 1 147 25.26544 3 147 24.77794 1 147 23.77794 1 126.25 24.77794 1 126.25 22.77794 1 126.25 22.77794 1 154 24.77794 1 151 24.77794 1 154 24.77794 1 154 24.77794 1 151 22.77794 1 154 24.77794 1 147 22.77794 1 126.25 23.77794 1 126.25 24.77794 1 126.25 22.77794 1 154 22.77794 1 126.25 23.77794 1 126.25 24.77794 2 112 24.77794 1 126.25 24.77794 1 112 24.77794 2 126.25 24.77794 2 113 24.77794 2 113 24.77794 2 112 24.77794 2 126.25 24.77794 1 126.25 24.77794 1 112 24.77794 2 112 24.77794 1 112 24.77794 73 112 24.77794 72 113 24.77794 72 126.25 24.77794 73 126.25 24.77794 73 126.25 24.77794 73 112 24.77794 72 126.25 24.77794 72 113 24.77794 73 112 24.77794 3 114 23.77794 33.25 114 23.77794 3 114 24.77794 33.25 114 24.77794 33.25 114 24.77794 3 114 23.77794 33.25 114 23.77794 3 114 23.77794 34 114 23.77794 40 114 23.77794 40 114 23.77794 34 114 25.26544 3 151 24.77794 1 151 24.77794 3 151 25.26544 1 151 25.26544 1 151 25.26544 3 151 24.77794 1 151 24.77794 3 151 25.26544 3 151 25.26544 1 151 24.77794 1 154 22.77794 73 154 22.77794 1 154 24.77794 73 154 24.77794 73 154 24.77794 1 154 22.77794 73 154 22.77794 1 154 23.77794 34 114 22.77794 34 113 23.77794 34 113 22.77794 34 115 23.77794 34 115 23.77794 34 115 23.77794 34 114 22.77794 34 115 22.77794 34 113 23.77794 34 113 23.77794 34 115 22.77794 34 115 22.77794 34 113 23.77794 2 113 22.77794 34 113 22.77794 2 113 23.77794 34 113 23.77794 34 113 23.77794 2 113 22.77794 34 113 22.77794 2 113 22.77794 2 113 22.77794 2 126.25 23.77794 2 113 22.77794 2 113 23.77794 2 153 22.77794 2 153 22.77794 2 153 22.77794 2 126.25 23.77794 2 153 23.77794 2 113 22.77794 2 113 22.77794 2 126.25 22.77794 2 153 23.77794 72 153 22.77794 2 153 22.77794 72 153 23.77794 2 153 23.77794 2 153 23.77794 72 153 22.77794 2 153 22.77794 72 153 22.77794 72 153 23.77794 72 153 22.77794 72 113 23.77794 72 113 22.77794 72 126.25 22.77794 72 153 22.77794 72 153 23.77794 72 153 22.77794 72 126.25 22.77794 72 113 23.77794 72 113 22.77794 72 126.25 22.77794 72 113 23.77794 40 113 22.77794 72 113 22.77794 40 113 23.77794 72 113 23.77794 72 113 23.77794 40 113 22.77794 72 113 22.77794 40 113 22.77794 40 113 22.77794 40 115 23.77794 40 113 22.77794 40 113 23.77794 40 114 23.77794 40 115 23.77794 40 115 22.77794 40 115 23.77794 40 114 23.77794 40 113 22.77794 40 113 22.77794 40 115 23.77794 40 115 24.77794 73 112 22.77794 73 112 24.77794 73 112 22.77794 73 112 22.77794 73 112 22.77794 40 115 22.77794 34 113 22.77794 34 115 22.77794 1 154 22.77794 2 153 22.77794 1 126.25 22.77794 73 154 22.77794 1 112 22.77794 72 153 22.77794 72 126.25 22.77794 72 113 22.77794 2 113 22.77794 73 112 22.77794 2 126.25 22.77794 40 113 22.77794 73 126.25 22.77794 73 126.25 22.77794 73 154 22.77794 73 112 22.77794 72 113 22.77794 40 113 22.77794 40 115 22.77794 34 113 22.77794 2 113 22.77794 2 126.25 22.77794 2 153 22.77794 1 112 22.77794 72 126.25 22.77794 72 153 22.77794 1 126.25 22.77794 1 154 22.77794 34 115 22.77794 1 112 36.0718 72 148 26.07794 72 148 36.15585 72 148 36.15585 72 148 36.0718 72 148 26.07794 72 148 36.15585 72 148 36.0718 72 148 26.07794 72.96593 148.7412 36.15585 72.96593 148.7412 26.07794 72.96593 148.7412 36.15585 72.96593 148.7412 36.15585 72.96593 148.7412 26.07794 72.5 148.134 26.07794 72.25882 148.0341 26.07794 72.33333 148.0649 36.0718 72.25882 148.0341 36.0718 72.5 148.134 36.15585 72.25882 148.0341 36.15585 72.5 148.134 36.15585 72.5 148.134 36.0718 72.5 148.134 36.15585 72.25882 148.0341 36.0718 72.25882 148.0341 26.07794 72.5 148.134 26.07794 72.25882 148.0341 26.07794 72.33333 148.0649 36.15585 72.5 148.134 36.15585 72.25882 148.0341 36.0718 72.25882 148.0341 36.0718 72.5 148.134 36.06868 72.70754 148.2934 26.07794 72.70711 148.2929 36.15585 72.70711 148.2929 36.15585 72.70711 148.2929 36.06868 72.70754 148.2934 26.07794 72.70711 148.2929 36.15585 72.70711 148.2929 36.06868 72.70754 148.2934 26.07794 72.86603 148.5 36.15585 72.86603 148.5 36.15585 72.86603 148.5 26.07794 72.86603 148.5 36.15585 72.86603 148.5 25.59618 3 148.0341 25.26544 3 148 25.42794 3 148 25.26544 3 147.5 24.77794 3 147 25.26544 3 147 24.77794 3 151 25.75294 3 148.134 25.88756 3 148.2929 25.99086 3 148.5 25.26544 3 150 26.05579 3 148.7412 26.07794 3 149 26.05579 3 149.2588 25.99086 3 149.5 25.88756 3 149.7071 25.75294 3 149.866 25.59618 3 149.9659 25.42794 3 150 25.26544 3 150.5 25.26544 3 151 25.26544 3 151 25.26544 3 150.5 24.77794 3 151 25.26544 3 150 25.42794 3 150 25.59618 3 149.9659 25.75294 3 149.866 25.88756 3 149.7071 25.99086 3 149.5 26.05579 3 149.2588 26.07794 3 149 26.05579 3 148.7412 25.99086 3 148.5 25.88756 3 148.2929 25.75294 3 148.134 25.59618 3 148.0341 25.26544 3 148 25.26544 3 147.5 24.77794 3 147 25.26544 3 147 25.42794 3 148 25.26544 3 150.5 25.26544 3 150 25.26544 3 147.5 25.26544 3 148 25.42794 3 148 25.59618 3 148.0341 25.75294 3 148.134 25.88756 3 148.2929 25.99086 3 148.5 26.05579 3 148.7412 26.07794 3 149 26.05579 3 149.2588 25.99086 3 149.5 25.88756 3 149.7071 25.75294 3 149.866 25.59618 3 149.9659 25.42794 3 150 24.77794 1 151 25.26544 1 147 24.77794 1 147 25.26544 1 147.5 25.26544 1 148 25.42794 1 148 25.59618 1 148.0341 25.75294 1 148.134 25.88756 1 148.2929 25.99086 1 148.5 25.26544 1 150 26.05579 1 148.7412 26.07794 1 149 26.05579 1 149.2588 25.99086 1 149.5 25.88756 1 149.7071 25.75294 1 149.866 25.59618 1 149.9659 25.26544 1 150.5 25.26544 1 151 25.42794 1 150 25.26544 1 150 25.59618 1 149.9659 25.42794 1 150 25.26544 1 151 24.77794 1 151 25.26544 1 150.5 25.75294 1 149.866 25.88756 1 149.7071 25.99086 1 149.5 26.05579 1 149.2588 26.07794 1 149 26.05579 1 148.7412 25.99086 1 148.5 25.88756 1 148.2929 25.75294 1 148.134 25.59618 1 148.0341 25.42794 1 148 25.26544 1 148 25.26544 1 147.5 25.26544 1 147 24.77794 1 147 25.26544 1 147.5 25.26544 1 148 25.26544 1 150.5 25.26544 1 150 25.42794 1 150 25.59618 1 149.9659 25.75294 1 149.866 25.88756 1 149.7071 25.99086 1 149.5 26.05579 1 149.2588 26.07794 1 149 26.05579 1 148.7412 25.99086 1 148.5 25.88756 1 148.2929 25.75294 1 148.134 25.59618 1 148.0341 25.42794 1 148 25.26544 3 147.5 25.26544 1 147 25.26544 1 147.5 25.26544 3 147 25.26544 3 147 25.26544 3 147.5 25.26544 1 147 25.26544 1 147.5 24.77794 1 126.25 22.77794 1 112 24.77794 1 112 22.77794 1 126.25 23.77794 1 126.25 23.77794 1 126.25 24.77794 1 126.25 22.77794 1 126.25 22.77794 1 112 24.77794 1 112 24.77794 73 112 22.77794 1 112 22.77794 73 112 24.77794 1 112 24.77794 2 112 24.77794 2 112 24.77794 73 112 24.77794 1 112 22.77794 1 112 22.77794 73 112 23.77794 40 114 23.77794 34 115 23.77794 34 114 23.77794 40 115 23.77794 40 115 23.77794 40 114 23.77794 34 115 23.77794 34 114 25.26544 3 151 25.26544 1 150.5 25.26544 1 151 25.26544 3 150.5 25.26544 3 150.5 25.26544 3 151 25.26544 1 150.5 25.26544 1 151 23.77794 34 115 22.77794 40 115 22.77794 34 115 23.77794 40 115 23.77794 40 115 23.77794 34 115 22.77794 40 115 22.77794 34 115 23.77794 34 120 22.77794 34 118 22.77794 34 118.5 22.77794 34 120 22.77794 34 120 23.77794 34 120 22.77794 34 118.5 22.77794 34 118 22.77794 34 118 23.77794 34 120 22.77794 34 120 22.77794 34 118.5 22.77794 40 118 23.77794 40 120 22.77794 40 118.5 22.77794 40 120 22.77794 40 120 22.77794 40 118.5 23.77794 40 120 22.77794 40 118 23.77794 40 120 22.77794 40 118 22.77794 40 118.5 22.77794 40 120 25.26544 1 150 25.26544 1.666667 150 25.26544 2.333333 150 25.26544 1.666667 149 25.26544 3 150 25.26544 2.333333 149 25.26544 2.333333 150 25.26544 1.666667 149 25.26544 2.333333 149 25.26544 3 150 25.26544 1.666667 150 25.26544 1 150 25.26544 1.666667 149 25.26544 1.666667 150 25.26544 2.333333 150 25.26544 2.333333 149 25.26544 1.666667 148 25.26544 2.333333 148 25.26544 1 148 25.26544 3 148 25.26544 3 148 25.26544 2.333333 148 25.26544 1.666667 148 25.26544 1 148 25.26544 2.333333 148 25.26544 1.666667 148 25.42794 2.333333 148 25.26544 3 148 25.26544 2.333333 148 25.42794 3 148 25.42794 3 148 25.42794 2.333333 148 25.26544 3 148 25.26544 2.333333 148 25.42794 2.333333 148 25.59618 2.333333 148.0341 25.42794 3 148 25.42794 2.333333 148 25.59618 3 148.0341 25.59618 3 148.0341 25.59618 2.333333 148.0341 25.42794 3 148 25.42794 2.333333 148 25.59618 2.333333 148.0341 25.67169 2.333333 148.0822 25.75294 3 148.134 25.75294 2.333333 148.134 25.75294 2.333333 148.134 25.67169 2.333333 148.0822 25.75294 3 148.134 25.67169 2.333333 148.0822 25.75294 2.333333 148.134 25.88756 3 148.2929 25.88756 2.333333 148.2929 25.88756 3 148.2929 25.88756 2.333333 148.2929 25.88756 2.333333 148.2929 25.99086 3 148.5 25.99086 2.333333 148.5 25.99086 3 148.5 25.99086 2.333333 148.5 25.99086 2.333333 148.5 26.05579 3 148.7412 26.05579 2.333333 148.7412 26.05579 3 148.7412 26.05579 2.333333 148.7412 26.05579 2.333333 148.7412 26.07794 3 149 26.07794 2.333333 149 26.07794 3 149 26.07794 2.333333 149 26.07794 2.333333 149 26.05579 3 149.2588 26.07794 2.333333 149 26.05579 2.333333 149.2588 26.07794 3 149 26.07794 3 149 26.05579 3 149.2588 26.07794 2.333333 149 26.05579 2.333333 149.2588 26.05579 2.333333 149.2588 25.99086 3 149.5 25.99086 2.333333 149.5 25.99086 3 149.5 25.99086 2.333333 149.5 25.99086 2.333333 149.5 25.88756 3 149.7071 25.88756 2.333333 149.7071 25.88756 3 149.7071 25.88756 2.333333 149.7071 25.88756 2.333333 149.7071 25.75294 3 149.866 25.86128 2.333333 149.7381 25.75294 2.333333 149.866 25.75294 3 149.866 25.86128 2.333333 149.7381 25.75294 2.333333 149.866 25.86128 2.333333 149.7381 25.75294 2.333333 149.866 25.59618 2.333333 149.9659 25.59618 3 149.9659 25.67169 2.333333 149.9178 25.67169 2.333333 149.9178 25.59618 2.333333 149.9659 25.59618 3 149.9659 25.67169 2.333333 149.9178 25.59618 2.333333 149.9659 25.42794 2.333333 150 25.42794 3 150 25.52794 2.333333 149.9797 25.52794 2.333333 149.9797 25.42794 2.333333 150 25.42794 3 150 25.52794 2.333333 149.9797 25.42794 2.333333 150 25.42794 3 150 25.26544 2.333333 150 25.26544 3 150 25.42794 2.333333 150 25.42794 2.333333 150 25.42794 3 150 25.26544 2.333333 150 25.26544 3 150 25.42794 1.666667 150 25.26544 1 150 25.26544 1.666667 150 25.42794 1 150 25.42794 1 150 25.42794 1.666667 150 25.26544 1 150 25.26544 1.666667 150 25.42794 1.666667 150 25.59618 1.666667 149.9659 25.42794 1 150 25.42794 1.666667 150 25.59618 1 149.9659 25.59618 1 149.9659 25.59618 1.666667 149.9659 25.42794 1 150 25.42794 1.666667 150 25.59618 1.666667 149.9659 25.67169 1.666667 149.9178 25.75294 1 149.866 25.75294 1.666667 149.866 25.75294 1.666667 149.866 25.67169 1.666667 149.9178 25.75294 1 149.866 25.67169 1.666667 149.9178 25.75294 1.666667 149.866 25.88756 1 149.7071 25.88756 1.666667 149.7071 25.86128 1.666667 149.7381 25.86128 1.666667 149.7381 25.88756 1.666667 149.7071 25.88756 1 149.7071 25.86128 1.666667 149.7381 25.88756 1.666667 149.7071 25.99086 1 149.5 25.99086 1.666667 149.5 25.99086 1.666667 149.5 25.99086 1 149.5 25.99086 1.666667 149.5 26.05579 1 149.2588 26.05579 1.666667 149.2588 26.05579 1.666667 149.2588 26.05579 1 149.2588 26.05579 1.666667 149.2588 26.07794 1 149 26.07794 1.666667 149 26.07794 1.666667 149 26.07794 1 149 26.07794 1.666667 149 26.07794 1.666667 149 26.05579 1 148.7412 26.07794 1 149 26.05579 1.666667 148.7412 26.05579 1.666667 148.7412 26.07794 1.666667 149 26.05579 1 148.7412 26.07794 1 149 26.05579 1.666667 148.7412 25.99086 1 148.5 25.99086 1.666667 148.5 25.99086 1.666667 148.5 25.99086 1 148.5 25.99086 1.666667 148.5 25.88756 1 148.2929 25.88756 1.666667 148.2929 25.88756 1.666667 148.2929 25.88756 1 148.2929 25.88756 1.666667 148.2929 25.75294 1 148.134 25.75294 1.666667 148.134 25.86128 1.666667 148.2619 25.86128 1.666667 148.2619 25.75294 1.666667 148.134 25.75294 1 148.134 25.86128 1.666667 148.2619 25.75294 1.666667 148.134 25.59618 1.666667 148.0341 25.59618 1 148.0341 25.67169 1.666667 148.0822 25.67169 1.666667 148.0822 25.59618 1.666667 148.0341 25.59618 1 148.0341 25.67169 1.666667 148.0822 25.59618 1.666667 148.0341 25.42794 1.666667 148 25.42794 1 148 25.52794 1.666667 148.0203 25.52794 1.666667 148.0203 25.42794 1.666667 148 25.42794 1 148 25.52794 1.666667 148.0203 25.42794 1.666667 148 25.42794 1 148 25.26544 1.666667 148 25.26544 1 148 25.42794 1.666667 148 25.42794 1.666667 148 25.42794 1 148 25.26544 1.666667 148 25.26544 1 148 23.77794 34 120 23.77794 40 120 23.77794 40 120 23.77794 34 120 23.77794 34 120 22.77794 37 120 22.77794 34 120 22.77794 40 120 23.77794 40 120 23.77794 40 120 23.77794 34 120 22.77794 40 120 22.77794 37 120 22.77794 34 120 22.77794 37 120 22.77794 46 120 22.77794 40.375 118.5 22.77794 40.375 120 22.77794 48 135 22.77794 26 134.5 22.77794 26 135 22.77794 28 133 22.77794 26 118 22.77794 46 133 22.77794 40 118 22.77794 40 118.5 22.77794 48 118 22.77794 28 120 22.77794 34 118 22.77794 33.625 118.5 22.77794 33.625 120 22.77794 34 118.5 22.77794 34 118.5 22.77794 33.625 118.5 22.77794 34 118 22.77794 33.625 120 22.77794 28 120 22.77794 28 133 22.77794 26 118 22.77794 48 135 22.77794 46 120 22.77794 48 118 22.77794 40.375 118.5 22.77794 40 118 22.77794 40 118.5 22.77794 46 133 22.77794 26 134.5 22.77794 26 135 22.77794 40.375 120 22.77794 46 120 22.77794 46 133 22.77794 28 133 22.77794 28 120 22.77794 33.625 120 22.77794 33.625 118.5 22.77794 26 118 22.77794 26 134.5 22.77794 26 135 22.77794 48 135 22.77794 48 118 22.77794 40.375 118.5 22.77794 40.375 120 25.28759 1.666667 149.2588 25.26544 1.666667 150 25.26544 1.666667 149 25.35253 1.666667 149.5 25.45582 1.666667 149.7071 25.59044 1.666667 149.866 25.67169 1.666667 149.9178 25.59618 1.666667 149.9659 25.42794 1.666667 150 25.42794 1.666667 150 25.59618 1.666667 149.9659 25.26544 1.666667 150 25.67169 1.666667 149.9178 25.59044 1.666667 149.866 25.45582 1.666667 149.7071 25.35253 1.666667 149.5 25.28759 1.666667 149.2588 25.26544 1.666667 149 25.28759 1.666667 149.2588 25.35253 1.666667 149.5 25.45582 1.666667 149.7071 25.59044 1.666667 149.866 25.26544 2.333333 149 25.28759 1.666667 148.7412 25.26544 1.666667 149 25.28759 2.333333 148.7412 25.28759 2.333333 148.7412 25.26544 2.333333 149 25.28759 1.666667 148.7412 25.26544 1.666667 149 25.28759 2.333333 148.7412 25.28759 1.666667 148.7412 25.28759 2.333333 149.2588 25.26544 1.666667 149 25.28759 1.666667 149.2588 25.26544 2.333333 149 25.26544 2.333333 149 25.28759 2.333333 149.2588 25.26544 1.666667 149 25.28759 1.666667 149.2588 25.28759 2.333333 149.2588 25.26544 2.333333 148 25.28759 2.333333 148.7412 25.42794 2.333333 148 25.26544 2.333333 149 25.35253 2.333333 148.5 25.45582 2.333333 148.2929 25.59618 2.333333 148.0341 25.59044 2.333333 148.134 25.67169 2.333333 148.0822 25.67169 2.333333 148.0822 25.59044 2.333333 148.134 25.59618 2.333333 148.0341 25.45582 2.333333 148.2929 25.42794 2.333333 148 25.35253 2.333333 148.5 25.28759 2.333333 148.7412 25.26544 2.333333 149 25.26544 2.333333 148 25.35253 2.333333 148.5 25.45582 2.333333 148.2929 25.59044 2.333333 148.134 25.28759 2.333333 149.2588 25.52794 2.333333 149 25.26544 2.333333 149 25.52794 2.333333 149.7922 25.35253 2.333333 149.5 25.45582 2.333333 149.7071 25.59044 2.333333 148.134 25.75294 2.333333 148.134 25.67169 2.333333 148.0822 25.45582 2.333333 148.2929 25.88756 2.333333 148.2929 25.35253 2.333333 148.5 25.99086 2.333333 148.5 25.28759 2.333333 148.7412 26.05579 2.333333 148.7412 26.07794 2.333333 149 25.56202 2.333333 149.2588 26.05579 2.333333 149.2588 25.66192 2.333333 149.5 25.99086 2.333333 149.5 25.82084 2.333333 149.7071 25.88756 2.333333 149.7071 25.86128 2.333333 149.7381 25.86128 2.333333 149.7381 25.82084 2.333333 149.7071 25.88756 2.333333 149.7071 25.99086 2.333333 149.5 25.66192 2.333333 149.5 26.05579 2.333333 149.2588 25.56202 2.333333 149.2588 26.07794 2.333333 149 25.52794 2.333333 149 25.26544 2.333333 149 26.05579 2.333333 148.7412 25.28759 2.333333 148.7412 25.99086 2.333333 148.5 25.35253 2.333333 148.5 25.88756 2.333333 148.2929 25.45582 2.333333 148.2929 25.75294 2.333333 148.134 25.59044 2.333333 148.134 25.67169 2.333333 148.0822 25.45582 2.333333 149.7071 25.35253 2.333333 149.5 25.52794 2.333333 149.7922 25.28759 2.333333 149.2588 25.52794 2.333333 149.7922 25.45582 2.333333 149.7071 25.52794 2.333333 149 25.56202 2.333333 149.2588 25.66192 2.333333 149.5 25.82084 2.333333 149.7071 25.35253 2.333333 149.5 26.07794 2.333333 148.0649 26.07794 3 149 26.07794 2.333333 149 26.07794 2.5 148.134 26.07794 2.707107 148.2929 26.07794 2.866025 148.5 26.07794 2.965926 148.7412 26.07794 2.965926 148.7412 26.07794 2.866025 148.5 26.07794 3 149 26.07794 2.707107 148.2929 26.07794 2.5 148.134 26.07794 2.333333 148.0649 26.07794 2.333333 149 26.07794 2.333333 148.0649 26.07794 2.5 148.134 26.07794 2.707107 148.2929 26.07794 2.866025 148.5 26.07794 2.965926 148.7412 26.07794 3 149 26.07794 2.333333 149.8867 26.07794 2.333333 149 26.07794 2.333333 149.9351 26.07794 2.5 149.866 26.07794 2.707107 149.7071 26.07794 2.866025 149.5 26.07794 2.965926 149.2588 26.07794 2.965926 149.2588 26.07794 3 149 26.07794 2.866025 149.5 26.07794 2.707107 149.7071 26.07794 2.5 149.866 26.07794 2.333333 149.9351 26.07794 2.333333 149.8867 26.07794 2.333333 149 26.07794 2.965926 149.2588 26.07794 2.866025 149.5 26.07794 2.707107 149.7071 26.07794 2.5 149.866 26.07794 2.333333 149.9351 26.07794 2.333333 149.8867 26.02794 2.333333 149.866 25.75294 2.333333 149.866 25.86128 2.333333 149.7381 26.07794 2.333333 149.8867 25.67169 2.333333 149.9178 26.07794 2.333333 149.9351 25.69878 2.333333 149.9351 25.69878 2.333333 149.9351 26.07794 2.333333 149.9351 25.67169 2.333333 149.9178 26.07794 2.333333 149.8867 25.75294 2.333333 149.866 26.02794 2.333333 149.866 25.86128 2.333333 149.7381 25.69878 2.333333 149.9351 26.02794 2.333333 149.866 25.52794 2.333333 149.7922 25.56202 2.333333 149.2588 25.52794 2.333333 149 25.66192 2.333333 149.5 25.82084 2.333333 149.7071 25.86128 2.333333 149.7381 25.75294 2.333333 149.866 25.59044 2.333333 149.866 25.67169 2.333333 149.9178 25.67169 2.333333 149.9178 25.59044 2.333333 149.866 25.75294 2.333333 149.866 25.52794 2.333333 149.7922 25.86128 2.333333 149.7381 25.82084 2.333333 149.7071 25.66192 2.333333 149.5 25.56202 2.333333 149.2588 25.52794 2.333333 149 25.59044 2.333333 149.866 25.59044 2.333333 149.866 25.52794 2.333333 149.9797 25.52794 2.333333 149.7922 25.67169 2.333333 149.9178 25.59618 2.333333 149.9659 25.59618 2.333333 149.9659 25.67169 2.333333 149.9178 25.52794 2.333333 149.9797 25.59044 2.333333 149.866 25.52794 2.333333 149.7922 26.15294 2.333333 149.9178 26.07794 2.333333 149.9351 26.07794 2.333333 149.8867 26.03676 2.333333 149.9659 25.69878 2.333333 149.9351 25.59618 2.333333 149.9659 25.67169 2.333333 149.9178 25.77794 2.333333 150 25.52794 2.333333 149.9797 25.52794 2.333333 150 25.52794 2.333333 150 25.77794 2.333333 150 25.52794 2.333333 149.9797 25.59618 2.333333 149.9659 26.03676 2.333333 149.9659 25.69878 2.333333 149.9351 25.67169 2.333333 149.9178 26.07794 2.333333 149.9351 26.15294 2.333333 149.9178 26.07794 2.333333 149.8867 26.15294 2.333333 149.9178 26.03676 2.333333 149.9659 25.77794 2.333333 150 25.52794 2.333333 150 26.02794 1.666667 149.866 25.75294 1.666667 149.866 25.86128 1.666667 149.7381 26.07794 1.666667 149.8867 26.07794 1.666667 149.9351 25.69878 1.666667 149.9351 25.69878 1.666667 149.9351 26.07794 1.666667 149.9351 26.07794 1.666667 149.8867 25.75294 1.666667 149.866 26.02794 1.666667 149.866 25.86128 1.666667 149.7381 26.02794 1.666667 149.866 26.07794 1.666667 149.8867 26.07794 1.666667 149.9351 25.69878 1.666667 149.9351 25.82084 1.666667 148.2929 25.88756 1.666667 148.2929 25.86128 1.666667 148.2619 25.66192 1.666667 148.5 25.99086 1.666667 148.5 25.56202 1.666667 148.7412 26.05579 1.666667 148.7412 25.52794 1.666667 149 26.07794 1.666667 149 25.56202 1.666667 149.2588 26.05579 1.666667 149.2588 25.66192 1.666667 149.5 25.99086 1.666667 149.5 25.82084 1.666667 149.7071 25.88756 1.666667 149.7071 25.82084 1.666667 149.7071 25.88756 1.666667 149.7071 25.99086 1.666667 149.5 25.66192 1.666667 149.5 26.05579 1.666667 149.2588 25.56202 1.666667 149.2588 26.07794 1.666667 149 25.52794 1.666667 149 26.05579 1.666667 148.7412 25.56202 1.666667 148.7412 25.99086 1.666667 148.5 25.66192 1.666667 148.5 25.88756 1.666667 148.2929 25.82084 1.666667 148.2929 25.86128 1.666667 148.2619 25.82084 1.666667 149.7071 25.82084 1.666667 148.2929 25.66192 1.666667 148.5 25.56202 1.666667 148.7412 25.52794 1.666667 149 25.56202 1.666667 149.2588 25.66192 1.666667 149.5 26.07794 1.666667 149 26.07794 1.034074 149.2588 26.07794 1 149 26.07794 1.133975 149.5 26.07794 1.292893 149.7071 26.07794 1.5 149.866 26.07794 1.666667 149.9351 26.07794 1.666667 149.8867 26.07794 1.666667 149.8867 26.07794 1.666667 149 26.07794 1.666667 149.9351 26.07794 1.5 149.866 26.07794 1.292893 149.7071 26.07794 1.133975 149.5 26.07794 1.034074 149.2588 26.07794 1 149 26.07794 1.5 149.866 26.07794 1.292893 149.7071 26.07794 1.133975 149.5 26.07794 1.034074 149.2588 26.07794 1.034074 148.7412 26.07794 1.133975 148.5 26.07794 1.292893 148.2929 26.07794 1.5 148.134 26.07794 1.666667 148.0649 26.07794 1.666667 148.1133 26.07794 1.666667 148.1133 26.07794 1.666667 148.0649 26.07794 1.5 148.134 26.07794 1.292893 148.2929 26.07794 1.133975 148.5 26.07794 1.034074 148.7412 26.07794 1.034074 148.7412 26.07794 1.133975 148.5 26.07794 1.292893 148.2929 26.07794 1.5 148.134 26.07794 1.666667 148.0649 26.07794 1.666667 148.1133 26.02794 1.666667 148.134 26.07794 1.666667 148.1133 26.02794 1.666667 148.134 26.07794 1.666667 148.1133 26.02794 1.666667 148.134 25.67169 1.666667 148.0822 26.07794 1.666667 148.0649 25.69878 1.666667 148.0649 25.75294 1.666667 148.134 25.75294 1.666667 148.134 25.67169 1.666667 148.0822 26.07794 1.666667 148.0649 25.69878 1.666667 148.0649 25.69878 1.666667 148.0649 25.59044 1.666667 148.134 25.52794 1.666667 148.2078 25.52794 1.666667 148.2078 25.59044 1.666667 148.134 25.59044 1.666667 148.134 25.52794 1.666667 148.2078 25.59618 1.666667 148.0341 25.52794 1.666667 148.0203 25.59618 1.666667 148.0341 25.52794 1.666667 148.0203 25.77794 1.666667 148 25.52794 1.666667 148 26.03676 1.666667 148.0341 26.15294 1.666667 148.0822 26.15294 1.666667 148.0822 26.03676 1.666667 148.0341 25.77794 1.666667 148 25.52794 1.666667 148 26.15294 1.666667 148.0822 26.03676 1.666667 148.0341 25.77794 1.666667 148 25.52794 1.666667 148 25.35253 2.333333 149.5 25.35253 1.666667 149.5 25.35253 2.333333 149.5 25.35253 1.666667 149.5 25.45582 2.333333 149.7071 25.45582 1.666667 149.7071 25.45582 2.333333 149.7071 25.45582 1.666667 149.7071 25.59044 2.333333 149.866 25.59044 1.666667 149.866 25.52794 2.333333 149.7922 25.52794 2.333333 149.7922 25.59044 2.333333 149.866 25.59044 1.666667 149.866 25.67169 1.666667 149.9178 25.67169 2.333333 149.9178 25.69878 1.666667 149.9351 25.69878 2.333333 149.9351 25.69878 2.333333 149.9351 25.69878 1.666667 149.9351 25.67169 2.333333 149.9178 25.67169 1.666667 149.9178 25.35253 1.666667 148.5 25.35253 2.333333 148.5 25.35253 2.333333 148.5 25.35253 1.666667 148.5 25.35253 1.666667 148.5 25.45582 1.666667 148.2929 25.45582 2.333333 148.2929 25.45582 2.333333 148.2929 25.45582 1.666667 148.2929 25.45582 1.666667 148.2929 25.52794 1.666667 148.2078 25.59044 1.666667 148.134 25.59044 2.333333 148.134 25.59044 2.333333 148.134 25.59044 1.666667 148.134 25.52794 1.666667 148.2078 25.67169 2.333333 148.0822 25.67169 1.666667 148.0822 25.69878 2.333333 148.0649 25.69878 1.666667 148.0649 25.69878 1.666667 148.0649 25.69878 2.333333 148.0649 25.67169 1.666667 148.0822 25.67169 2.333333 148.0822 25.69878 2.333333 148.0649 36.0718 2.5 148.134 26.07794 2.333333 148.0649 26.07794 2.5 148.134 26.07794 2.258819 148.0341 36.0718 2.258819 148.0341 36.15585 2.5 148.134 36.15585 2.258819 148.0341 36.15585 2.258819 148.0341 36.15585 2.5 148.134 36.0718 2.258819 148.0341 36.0718 2.5 148.134 26.07794 2.258819 148.0341 26.07794 2.333333 148.0649 26.07794 2.5 148.134 36.15585 2.258819 148.0341 36.15585 2.5 148.134 36.0718 2.258819 148.0341 26.07794 2.258819 148.0341 36.0718 2.5 148.134 36.0718 2.707107 148.2929 26.07794 2.707107 148.2929 36.15585 2.707107 148.2929 36.15585 2.707107 148.2929 36.0718 2.707107 148.2929 26.07794 2.707107 148.2929 36.15585 2.707107 148.2929 36.0718 2.707107 148.2929 26.07794 2.866025 148.5 36.15585 2.866025 148.5 36.0718 2.866025 148.5 36.0718 2.866025 148.5 26.07794 2.866025 148.5 36.15585 2.866025 148.5 36.15585 2.866025 148.5 36.0718 2.866025 148.5 26.07794 2.965926 148.7412 36.15585 2.965926 148.7412 36.0718 2.965926 148.7412 36.0718 2.965926 148.7412 26.07794 2.965926 148.7412 36.15585 2.965926 148.7412 36.15585 2.965926 148.7412 36.0718 2.965926 148.7412 26.07794 3 149 36.15585 3 149 36.0718 3 149 36.0718 3 149 26.07794 3 149 36.15585 3 149 36.15585 3 149 36.0718 3 149 26.07794 2.965926 149.2588 36.15585 2.965926 149.2588 36.0718 2.965926 149.2588 36.0718 2.965926 149.2588 26.07794 2.965926 149.2588 36.15585 2.965926 149.2588 36.15585 2.965926 149.2588 36.0718 2.965926 149.2588 26.07794 2.866025 149.5 36.15585 2.866025 149.5 36.0718 2.866025 149.5 36.0718 2.866025 149.5 26.07794 2.866025 149.5 36.15585 2.866025 149.5 36.15585 2.866025 149.5 36.0718 2.866025 149.5 26.07794 2.707107 149.7071 36.07491 2.707536 149.7066 36.15585 2.707107 149.7071 36.07491 2.707536 149.7066 36.15585 2.707107 149.7071 26.07794 2.707107 149.7071 36.15585 2.707107 149.7071 36.07491 2.707536 149.7066 36.15585 2.5 149.866 26.07794 2.5 149.866 36.15585 2.5 149.866 26.07794 2.5 149.866 36.15585 2.5 149.866 36.15585 2.258819 149.9659 26.07794 2.333333 149.9351 26.07794 2.258819 149.9659 36.15585 2.258819 149.9659 26.07794 2.333333 149.9351 26.07794 2.258819 149.9659 36.15585 2.258819 149.9659 26.07794 2.258819 149.9659 26.07794 1.666667 149.9351 25.69878 2.333333 149.9351 25.69878 1.666667 149.9351 26.07794 2.333333 149.9351 26.07794 2.333333 149.9351 26.07794 1.666667 149.9351 25.69878 2.333333 149.9351 25.69878 1.666667 149.9351 26.27794 1.666667 148.134 26.48505 1.666667 148.2929 26.64397 1.666667 148.5 26.74387 1.666667 148.7412 26.77794 1.666667 149 26.74387 1.666667 149.2588 26.64397 1.666667 149.5 26.48505 1.666667 149.7071 26.27794 1.666667 149.866 26.15294 1.666667 149.9178 26.15294 1.666667 149.9178 26.27794 1.666667 149.866 26.48505 1.666667 149.7071 26.64397 1.666667 149.5 26.74387 1.666667 149.2588 26.77794 1.666667 149 26.74387 1.666667 148.7412 26.64397 1.666667 148.5 26.48505 1.666667 148.2929 26.27794 1.666667 148.134 26.15294 1.666667 149.9178 26.27794 1.666667 149.866 26.48505 1.666667 149.7071 26.64397 1.666667 149.5 26.74387 1.666667 149.2588 26.77794 1.666667 149 26.74387 1.666667 148.7412 26.64397 1.666667 148.5 26.48505 1.666667 148.2929 26.27794 1.666667 148.134 36.15585 1.5 149.866 26.07794 1.666667 149.9351 26.07794 1.5 149.866 26.07794 1.741181 149.9659 36.15585 1.741181 149.9659 36.15585 1.741181 149.9659 36.15585 1.5 149.866 26.07794 1.741181 149.9659 26.07794 1.666667 149.9351 26.07794 1.5 149.866 36.15585 1.741181 149.9659 36.15585 1.5 149.866 26.07794 1.741181 149.9659 36.15585 1.292893 149.7071 26.07794 1.292893 149.7071 36.15585 1.292893 149.7071 26.07794 1.292893 149.7071 36.15585 1.292893 149.7071 26.07794 1.133975 149.5 36.15585 1.133975 149.5 26.07794 1.133975 149.5 36.15585 1.133975 149.5 36.15585 1.133975 149.5 26.07794 1.034074 149.2588 36.15585 1.034074 149.2588 26.07794 1.034074 149.2588 36.15585 1.034074 149.2588 36.15585 1.034074 149.2588 26.07794 1 149 36.15585 1 149 26.07794 1 149 36.15585 1 149 36.15585 1 149 26.07794 1.034074 148.7412 36.15585 1.034074 148.7412 26.07794 1.034074 148.7412 36.15585 1.034074 148.7412 36.15585 1.034074 148.7412 26.07794 1.133975 148.5 36.15585 1.133975 148.5 26.07794 1.133975 148.5 36.15585 1.133975 148.5 36.15585 1.133975 148.5 36.06868 1.292464 148.2934 36.15585 1.292893 148.2929 26.07794 1.292893 148.2929 36.06868 1.292464 148.2934 26.07794 1.292893 148.2929 36.15585 1.292893 148.2929 36.15585 1.292893 148.2929 36.06868 1.292464 148.2934 36.0718 1.5 148.134 26.07794 1.5 148.134 36.15585 1.5 148.134 36.15585 1.5 148.134 36.0718 1.5 148.134 26.07794 1.5 148.134 36.15585 1.5 148.134 36.0718 1.5 148.134 36.0718 1.741181 148.0341 26.07794 1.666667 148.0649 26.07794 1.741181 148.0341 36.15585 1.741181 148.0341 36.15585 1.741181 148.0341 36.0718 1.741181 148.0341 26.07794 1.666667 148.0649 26.07794 1.741181 148.0341 36.15585 1.741181 148.0341 26.07794 1.741181 148.0341 36.0718 1.741181 148.0341 26.07794 2.333333 148.0649 25.69878 1.666667 148.0649 25.69878 2.333333 148.0649 26.07794 1.666667 148.0649 26.07794 1.666667 148.0649 26.07794 2.333333 148.0649 25.69878 1.666667 148.0649 25.69878 2.333333 148.0649 26.07794 2 148 36.0718 2 148 36.15585 2 148 36.15585 2 148 36.0718 2 148 26.07794 2 148 36.15585 2 148 36.0718 2 148 26.07794 2 148 26.07794 1.741181 148.0341 26.07794 1.666667 148.0649 26.07794 2 148 26.07794 2.258819 148.0341 26.07794 2.258819 148.0341 26.07794 2 148 26.07794 1.741181 148.0341 26.07794 1.666667 148.0649 26.07794 2.333333 149.9351 26.07794 1.741181 149.9659 26.07794 1.666667 149.9351 26.07794 2 150 26.07794 2.258819 149.9659 26.07794 2.258819 149.9659 26.07794 2.333333 149.9351 26.07794 2 150 26.07794 1.741181 149.9659 26.07794 1.666667 149.9351 26.07794 2 150 36.15585 2 150 26.07794 2 150 36.15585 2 150 26.07794 2 150 36.15585 2 150 26.77794 1.666667 148.0649 26.19461 1.666667 148.0649 26.77794 1.666667 148.0649 26.19461 1.666667 148.0649 26.19461 1.666667 148.0649 26.77794 1.666667 148.0649</float_array>
                    <technique_common>
                        <accessor count="2520" source="#ID24" stride="3">
                            <param name="X" type="float" />
                            <param name="Y" type="float" />
                            <param name="Z" type="float" />
                        </accessor>
                    </technique_common>
                </source>
                <source id="ID19">
                    <float_array id="ID25" count="7560">-0 1 -0 -0 1 -0 -0 1 -0 -0 1 -0 -0 1 -0 0 -1 0 0 -1 0 0 -1 0 0 -1 0 0 -1 0 0 0 0 0 0 0 0 0 0 0 0 0 0 0 0 -0.5374084 8.821405e-16 -0.8433221 -0.3742612 4.036805e-15 -0.9273233 -0.3742612 4.036805e-15 -0.9273233 -0.6576354 -8.525568e-16 -0.7533363 -0.6576354 -8.525568e-16 -0.7533363 0.6576354 8.525568e-16 0.7533363 0.5374084 -8.821405e-16 0.8433221 0.6576354 8.525568e-16 0.7533363 0.3742612 -4.036805e-15 0.9273233 0.3742612 -4.036805e-15 0.9273233 0 0 0 0 0 0 0 0 0 -0 1 -0 -0 1 -0 -0 1 -0 -0 1 -0 -0 1 -0 -0 1 -0 -0 1 -0 0 -1 0 0 -1 0 0 -1 0 0 -1 0 0 -1 0 0 -1 0 0 -1 0 0 0 0 0 0 0 0 0 0 0 0 0 0 0 0 0 0 0 0 0 0 -0.5374084 0 0.8433221 -0.6576354 0 0.7533363 -0.6576354 0 0.7533363 -0.5374084 0 0.8433221 -0.5374084 0 0.8433221 -0.5374084 0 0.8433221 0.5374084 -0 -0.8433221 0.5374084 -0 -0.8433221 0.5374084 -0 -0.8433221 0.5374084 -0 -0.8433221 0.6576354 -0 -0.7533363 0.6576354 -0 -0.7533363 0 0 0 0 0 0 0 0 0 0 -1 0 0 -1 0 0 -1 0 0 -1 0 0 -1 0 0 -1 0 0 -1 0 0 -1 0 0 -1 0 0 -1 0 0 -1 0 0 -1 0 0 -1 0 0 -1 0 -0 1 -0 -0 1 -0 -0 1 -0 -0 1 -0 -0 1 -0 -0 1 -0 -0 1 -0 -0 1 -0 -0 1 -0 -0 1 -0 -0 1 -0 -0 1 -0 -0 1 -0 -0 1 -0 0 0 0 0 0 0 0 0 0 0 0 0 0 0 0 0 0 0 0 0 0 0 0 0 0 0 0 0 0 0 0 0 0 0 0 0 0 0 0 -0.7630315 0 0.6463613 -0.8349626 0 0.5503068 -0.8349626 0 0.5503068 -0.7630315 0 0.6463613 0.7630315 -0 -0.6463613 0.8349626 -0 -0.5503068 0.8349626 -0 -0.5503068 0.7630315 -0 -0.6463613 0 0 0 0 0 0 0 0 0 -0.1985114 7.055537e-15 -0.9800986 -0.1985114 7.055537e-15 -0.9800986 -0.1985114 7.055537e-15 -0.9800986 0.1985114 -7.055537e-15 0.9800986 0.1985114 -7.055537e-15 0.9800986 0.1985114 -7.055537e-15 0.9800986 0 0 0 0 0 0 7.433323e-14 1 -2.538613e-27 7.433323e-14 1 -2.538613e-27 7.433323e-14 1 -2.538613e-27 7.433323e-14 1 -2.538613e-27 7.433323e-14 1 -2.538613e-27 7.433323e-14 1 -2.538613e-27 7.433323e-14 1 -2.538613e-27 7.433323e-14 1 -2.538613e-27 7.433323e-14 1 -2.538613e-27 7.433323e-14 1 -2.538613e-27 7.433323e-14 1 -2.538613e-27 7.433323e-14 1 -2.538613e-27 7.433323e-14 1 -2.538613e-27 7.433323e-14 1 -2.538613e-27 7.433323e-14 1 -2.538613e-27 7.433323e-14 1 -2.538613e-27 7.433323e-14 1 -2.538613e-27 7.433323e-14 1 -2.538613e-27 7.433323e-14 1 -2.538613e-27 7.433323e-14 1 -2.538613e-27 7.433323e-14 1 -2.538613e-27 -7.433323e-14 -1 2.538613e-27 -7.433323e-14 -1 2.538613e-27 -7.433323e-14 -1 2.538613e-27 -7.433323e-14 -1 2.538613e-27 -7.433323e-14 -1 2.538613e-27 -7.433323e-14 -1 2.538613e-27 -7.433323e-14 -1 2.538613e-27 -7.433323e-14 -1 2.538613e-27 -7.433323e-14 -1 2.538613e-27 -7.433323e-14 -1 2.538613e-27 -7.433323e-14 -1 2.538613e-27 -7.433323e-14 -1 2.538613e-27 -7.433323e-14 -1 2.538613e-27 -7.433323e-14 -1 2.538613e-27 -7.433323e-14 -1 2.538613e-27 -7.433323e-14 -1 2.538613e-27 -7.433323e-14 -1 2.538613e-27 -7.433323e-14 -1 2.538613e-27 -7.433323e-14 -1 2.538613e-27 -7.433323e-14 -1 2.538613e-27 -7.433323e-14 -1 2.538613e-27 0 0 0 0 0 0 0 0 0 0 0 0 0 0 0 0 0 0 0 0 0 0 0 0 0 0 0 0 0 0 0 0 0 0 0 0 0 0 0 0 0 0 0 0 0 0 0 0 0 0 0 0 0 0 -0 1 -0 0 -1 0 0 0 0 -0.8349626 -1.293326e-15 -0.5503068 -0.8349626 -1.293326e-15 -0.5503068 -0.7630315 -2.568027e-15 -0.6463613 0.7630315 2.568027e-15 0.6463613 0.8349626 1.293326e-15 0.5503068 0.8349626 1.293326e-15 0.5503068 0 0 0 1 -8.995194e-14 1.776352e-13 1 -8.995194e-14 1.776352e-13 1 -8.995194e-14 1.776352e-13 1 -8.995194e-14 1.776352e-13 1 -8.995194e-14 1.776352e-13 1 -8.995194e-14 1.776352e-13 1 -8.995194e-14 1.776352e-13 1 -8.995194e-14 1.776352e-13 -1 8.995194e-14 -1.776352e-13 -1 8.995194e-14 -1.776352e-13 -1 8.995194e-14 -1.776352e-13 -1 8.995194e-14 -1.776352e-13 -1 8.995194e-14 -1.776352e-13 -1 8.995194e-14 -1.776352e-13 -1 8.995194e-14 -1.776352e-13 -1 8.995194e-14 -1.776352e-13 0 0 0 0 0 0 0 0 0 0 0 0 0 0 0 -4.872293e-13 0 1 -4.872293e-13 0 1 -4.872293e-13 0 1 -4.872293e-13 0 1 4.872293e-13 -0 -1 4.872293e-13 -0 -1 4.872293e-13 -0 -1 4.872293e-13 -0 -1 0 0 0 0 -1 0 0 -1 0 0 -1 0 0 -1 0 0 -1 0 0 -1 0 0 -1 0 0 -1 0 0 -1 0 0 -1 0 -0 1 -0 -0 1 -0 -0 1 -0 -0 1 -0 -0 1 -0 -0 1 -0 -0 1 -0 -0 1 -0 -0 1 -0 -0 1 -0 0 0 0 0 0 0 0 0 0 0 0 0 0 0 0 0 0 0 0 0 0 -0 1 -0 -0 1 -0 -0 1 -0 0 -1 0 0 -1 0 0 -1 0 0 0 0 0 0 0 0 0 0 0 -1 0 0 -1 0 0 -1 0 0 -1 0 0 -1 0 0 -1 0 -0 1 -0 -0 1 -0 -0 1 -0 -0 1 -0 -0 1 -0 -0 1 -0 0 0 0 0 0 0 0 0 0 0 0 0 -0.8349626 -2.031745e-15 0.5503068 -0.6576354 -2.981402e-15 0.7533363 -0.8349626 -2.031745e-15 0.5503068 -0.6576354 -2.981402e-15 0.7533363 -0.7630315 -4.034232e-15 0.6463613 0.7630315 4.034232e-15 -0.6463613 0.8349626 2.031745e-15 -0.5503068 0.6576354 2.981402e-15 -0.7533363 0.6576354 2.981402e-15 -0.7533363 0.8349626 2.031745e-15 -0.5503068 0 0 0 -0 1 -0 -0 1 -0 -0 1 -0 -0 1 -0 0 -1 0 0 -1 0 0 -1 0 0 -1 0 0 0 0 0 0 0 0 0 0 0 0 0 0 -1 0 0 -1 0 0 -1 0 0 -1 0 0 -1 0 0 -1 0 0 -1 0 -0 1 -0 -0 1 -0 -0 1 -0 -0 1 -0 -0 1 -0 -0 1 -0 -0 1 -0 0 0 0 0 0 0 0 0 0 0 0 0 0 -1 0 0 -1 0 0 -1 0 0 -1 0 0 -1 0 0 -1 0 0 -1 0 -0 1 -0 -0 1 -0 -0 1 -0 -0 1 -0 -0 1 -0 -0 1 -0 -0 1 -0 0 0 0 0 0 0 0 0 0 0 0 0 0 0 0 0 0 0 -0.8349626 -1.613488e-15 -0.5503068 -0.7630315 -3.203742e-15 -0.6463613 -0.8349626 -1.613488e-15 -0.5503068 -0.6576354 -1.62014e-15 -0.7533363 -0.6576354 -1.62014e-15 -0.7533363 0.6576354 1.62014e-15 0.7533363 0.8349626 1.613488e-15 0.5503068 0.6576354 1.62014e-15 0.7533363 0.7630315 3.203742e-15 0.6463613 0.8349626 1.613488e-15 0.5503068 0 0 0 0 0 0 -0 1 -0 -0 1 -0 0 -1 0 0 -1 0 0 0 0 0 0 0 -0.5374084 0 -0.8433221 -0.5374084 0 -0.8433221 -0.5374084 0 -0.8433221 -0.5374084 0 -0.8433221 0.5374084 -0 0.8433221 0.5374084 -0 0.8433221 0.5374084 -0 0.8433221 0.5374084 -0 0.8433221 0 0 0 0 0 0 -0.3742612 -3.7548e-15 0.9273233 -0.3742612 -3.7548e-15 0.9273233 -0.5374084 -1.861335e-15 0.8433221 0.5374084 1.861335e-15 -0.8433221 0.3742612 3.7548e-15 -0.9273233 0.3742612 3.7548e-15 -0.9273233 -0.9348962 0 0.3549211 -0.9348962 0 0.3549211 0.9348962 -0 -0.3549211 0.9348962 -0 -0.3549211 0 0 0 -1.311771e-12 0 -1 -1.311771e-12 0 -1 -1.311771e-12 0 -1 -1.311771e-12 0 -1 1.311771e-12 -0 1 1.311771e-12 -0 1 1.311771e-12 -0 1 1.311771e-12 -0 1 0 0 0 -1 8.4827e-41 -2.955858e-13 -1 8.4827e-41 -2.955858e-13 -1 8.4827e-41 -2.955858e-13 -1 8.4827e-41 -2.955858e-13 -1 8.4827e-41 -2.955858e-13 -1 8.4827e-41 -2.955858e-13 -1 8.4827e-41 -2.955858e-13 -1 8.4827e-41 -2.955858e-13 1 -8.4827e-41 2.955858e-13 1 -8.4827e-41 2.955858e-13 1 -8.4827e-41 2.955858e-13 1 -8.4827e-41 2.955858e-13 1 -8.4827e-41 2.955858e-13 1 -8.4827e-41 2.955858e-13 1 -8.4827e-41 2.955858e-13 1 -8.4827e-41 2.955858e-13 0 0 0 0 0 0 0 0 0 0 0 0 -0.9348962 0 -0.3549211 -0.9348962 0 -0.3549211 0.9348962 -0 0.3549211 0.9348962 -0 0.3549211 -0.9848682 2.275494e-19 -0.1733047 -0.9848682 2.275494e-19 -0.1733047 0.9848682 -2.275494e-19 0.1733047 0.9848682 -2.275494e-19 0.1733047 -0.9963585 4.533049e-19 -0.08526251 -0.9963585 4.533049e-19 -0.08526251 0.9963585 -4.533049e-19 0.08526251 0.9963585 -4.533049e-19 0.08526251 -0.9963585 4.533048e-19 0.08526251 -0.9848682 2.275493e-19 0.1733047 -0.9963585 4.533048e-19 0.08526251 -0.9848682 2.275493e-19 0.1733047 0.9848682 -2.275493e-19 -0.1733047 0.9963585 -4.533048e-19 -0.08526251 0.9848682 -2.275493e-19 -0.1733047 0.9963585 -4.533048e-19 -0.08526251 -0.9348962 0 0.3549211 -0.9348962 0 0.3549211 0.9348962 -0 -0.3549211 0.9348962 -0 -0.3549211 -0.1985114 -5.52183e-15 0.9800986 -0.1985114 -5.52183e-15 0.9800986 -0.1985114 -5.52183e-15 0.9800986 0.1985114 5.52183e-15 -0.9800986 0.1985114 5.52183e-15 -0.9800986 0.1985114 5.52183e-15 -0.9800986 0 0 0 -1.136868e-12 0 1 -1.136868e-12 0 1 -1.136868e-12 0 1 -1.136868e-12 0 1 1.136868e-12 -0 -1 1.136868e-12 -0 -1 1.136868e-12 -0 -1 1.136868e-12 -0 -1 0 0 0 -1 7.958892e-28 2.566929e-13 -1 7.958892e-28 2.566929e-13 -1 7.958892e-28 2.566929e-13 -1 7.958892e-28 2.566929e-13 -1 7.958892e-28 2.566929e-13 -1 7.958892e-28 2.566929e-13 -1 7.958892e-28 2.566929e-13 -1 7.958892e-28 2.566929e-13 1 -7.958892e-28 -2.566929e-13 1 -7.958892e-28 -2.566929e-13 1 -7.958892e-28 -2.566929e-13 1 -7.958892e-28 -2.566929e-13 1 -7.958892e-28 -2.566929e-13 1 -7.958892e-28 -2.566929e-13 1 -7.958892e-28 -2.566929e-13 1 -7.958892e-28 -2.566929e-13 0 0 0 0 0 0 0 0 0 -1 0 -2.955858e-13 -1 0 -2.955858e-13 -1 0 -2.955858e-13 -1 0 -2.955858e-13 1 -0 2.955858e-13 1 -0 2.955858e-13 1 -0 2.955858e-13 1 -0 2.955858e-13 0 0 0 5.830094e-13 -0 1 5.830094e-13 -0 1 5.830094e-13 -0 1 5.830094e-13 -0 1 -5.830094e-13 0 -1 -5.830094e-13 0 -1 -5.830094e-13 0 -1 -5.830094e-13 0 -1 0 0 0 1.932942e-13 -1 4.259928e-15 1.932942e-13 -1 4.259928e-15 1.932942e-13 -1 4.259928e-15 1.932942e-13 -1 4.259928e-15 1.932942e-13 -1 4.259928e-15 1.932942e-13 -1 4.259928e-15 -1.932942e-13 1 -4.259928e-15 -1.932942e-13 1 -4.259928e-15 -1.932942e-13 1 -4.259928e-15 -1.932942e-13 1 -4.259928e-15 -1.932942e-13 1 -4.259928e-15 -1.932942e-13 1 -4.259928e-15 0 0 0 0 0 0 0 0 0 0 0 0 1 -0 1.865175e-14 1 -0 1.865175e-14 1 -0 1.865175e-14 1 -0 1.865175e-14 -1 0 -1.865175e-14 -1 0 -1.865175e-14 -1 0 -1.865175e-14 -1 0 -1.865175e-14 0 0 0 0 0 -1 0 0 -1 0 0 -1 0 0 -1 -0 -0 1 -0 -0 1 -0 -0 1 -0 -0 1 0 0 0 -1 0 4.433787e-13 -1 0 4.433787e-13 -1 0 4.433787e-13 -1 0 4.433787e-13 1 -0 -4.433787e-13 1 -0 -4.433787e-13 1 -0 -4.433787e-13 1 -0 -4.433787e-13 1.257533e-14 -0.9659258 0.258819 1.924812e-14 -1 1.581187e-13 1.924812e-14 -1 6.242232e-14 1.257533e-14 -0.9659258 0.258819 1.257533e-14 -0.9659258 0.258819 1.924812e-14 -1 9.738952e-14 -1.924812e-14 1 -1.581187e-13 -1.924812e-14 1 -9.738952e-14 -1.257533e-14 0.9659258 -0.258819 -1.257533e-14 0.9659258 -0.258819 -1.257533e-14 0.9659258 -0.258819 -1.924812e-14 1 -6.242232e-14 0 0 0 0 0 0 0 0 0 0 0 0 1 3.126977e-14 1.15138e-13 1 3.126977e-14 1.15138e-13 1 3.126977e-14 1.15138e-13 1 3.126977e-14 1.15138e-13 1 3.126977e-14 1.15138e-13 1 3.126977e-14 1.15138e-13 1 3.126977e-14 1.15138e-13 1 3.126977e-14 1.15138e-13 -1 -3.126977e-14 -1.15138e-13 -1 -3.126977e-14 -1.15138e-13 -1 -3.126977e-14 -1.15138e-13 -1 -3.126977e-14 -1.15138e-13 -1 -3.126977e-14 -1.15138e-13 -1 -3.126977e-14 -1.15138e-13 -1 -3.126977e-14 -1.15138e-13 -1 -3.126977e-14 -1.15138e-13 0 0 0 0 0 0 0 0 0 0 0 0 1.487482e-06 -0.5000503 0.8659964 1.552514e-14 -0.3826834 0.9238795 1.487482e-06 -0.5000503 0.8659964 2.301657e-15 -0.258819 0.9659258 2.301657e-15 -0.258819 0.9659258 -1.487482e-06 0.5000503 -0.8659964 -1.552514e-14 0.3826834 -0.9238795 -2.301657e-15 0.258819 -0.9659258 -2.301657e-15 0.258819 -0.9659258 -1.487482e-06 0.5000503 -0.8659964 0 0 0 0 0 0 0 0 0 7.533937e-07 -0.7071708 0.7070428 7.478032e-07 -0.707405 0.7068085 7.642213e-07 -0.706717 0.7074963 -7.642213e-07 0.706717 -0.7074963 -7.478032e-07 0.707405 -0.7068085 -7.533937e-07 0.7071708 -0.7070428 0 0 0 0 0 0 -7.341599e-07 -0.8660442 0.4999674 -7.341599e-07 -0.8660442 0.4999674 -7.341599e-07 -0.8660442 0.4999674 7.341599e-07 0.8660442 -0.4999674 7.341599e-07 0.8660442 -0.4999674 7.341599e-07 0.8660442 -0.4999674 0 0 0 0 0 0 1 1.393915e-30 2.289739e-12 1 1.393915e-30 2.289739e-12 1 1.393915e-30 2.289739e-12 1 1.393915e-30 2.289739e-12 1 1.393915e-30 2.289739e-12 -1 -1.393915e-30 -2.289739e-12 -1 -1.393915e-30 -2.289739e-12 -1 -1.393915e-30 -2.289739e-12 -1 -1.393915e-30 -2.289739e-12 -1 -1.393915e-30 -2.289739e-12 0 0 0 0 0 0 -0.6576354 8.554264e-16 -0.7533363 -0.3742612 3.002096e-15 -0.9273233 -0.3742612 3.002096e-15 -0.9273233 -0.5374084 -8.880338e-16 -0.8433221 -0.6576354 8.554264e-16 -0.7533363 0.6576354 -8.554264e-16 0.7533363 0.6576354 -8.554264e-16 0.7533363 0.5374084 8.880338e-16 0.8433221 0.3742612 -3.002096e-15 0.9273233 0.3742612 -3.002096e-15 0.9273233 0 0 0 0 0 0 1 8.995194e-14 1.776352e-13 1 8.995194e-14 1.776352e-13 1 8.995194e-14 1.776352e-13 1 8.995194e-14 1.776352e-13 1 8.995194e-14 1.776352e-13 1 8.995194e-14 1.776352e-13 1 8.995194e-14 1.776352e-13 1 8.995194e-14 1.776352e-13 -1 -8.995194e-14 -1.776352e-13 -1 -8.995194e-14 -1.776352e-13 -1 -8.995194e-14 -1.776352e-13 -1 -8.995194e-14 -1.776352e-13 -1 -8.995194e-14 -1.776352e-13 -1 -8.995194e-14 -1.776352e-13 -1 -8.995194e-14 -1.776352e-13 -1 -8.995194e-14 -1.776352e-13 0 0 0 0 0 0 0 0 0 0 0 0 0 0 0 0 0 0 0 -1 0 0 -1 0 0 -1 0 0 -1 0 0 -1 0 0 -1 0 0 -1 0 0 -1 0 0 -1 0 0 -1 0 0 -1 0 0 -1 0 -0 1 -0 -0 1 -0 -0 1 -0 -0 1 -0 -0 1 -0 -0 1 -0 -0 1 -0 -0 1 -0 -0 1 -0 -0 1 -0 -0 1 -0 -0 1 -0 0 0 0 0 0 0 0 0 0 0 0 0 0 0 0 0 0 0 0 0 0 0 0 0 0 0 0 0 0 0 0 0 0 -0.1985114 6.791135e-15 -0.9800986 -0.1985114 6.791135e-15 -0.9800986 -0.1985114 6.791135e-15 -0.9800986 0.1985114 -6.791135e-15 0.9800986 0.1985114 -6.791135e-15 0.9800986 0.1985114 -6.791135e-15 0.9800986 0 0 0 0 0 0 -0 1 -0 -0 1 -0 -0 1 -0 0 -1 0 0 -1 0 0 -1 0 0 0 0 0 0 0 0 0 0 -0.7630315 2.579595e-15 -0.6463613 -0.8349626 1.299152e-15 -0.5503068 -0.8349626 1.299152e-15 -0.5503068 0.8349626 -1.299152e-15 0.5503068 0.8349626 -1.299152e-15 0.5503068 0.7630315 -2.579595e-15 0.6463613 0 0 0 0 -1 0 0 -1 0 0 -1 0 0 -1 0 0 -1 0 0 -1 0 0 -1 0 -0 1 -0 -0 1 -0 -0 1 -0 -0 1 -0 -0 1 -0 -0 1 -0 -0 1 -0 0 0 0 0 0 0 0 0 0 0 0 0 0 0 0 0 0 0 0 0 0 -0 1 -0 -0 1 -0 -0 1 -0 -0 1 -0 0 -1 0 0 -1 0 0 -1 0 0 -1 0 0 0 0 0 0 0 0 0 0 0 0 0 -1.499167e-13 0 -1 -1.499167e-13 0 -1 -1.499167e-13 0 -1 -1.499167e-13 0 -1 1.499167e-13 -0 1 1.499167e-13 -0 1 1.499167e-13 -0 1 1.499167e-13 -0 1 0 0 0 -0.9848682 0 0.1733047 -0.9848682 0 0.1733047 0.9848682 -0 -0.1733047 0.9848682 -0 -0.1733047 0 0 0 -0.9963585 0 0.08526251 -0.9963585 0 0.08526251 0.9963585 -0 -0.08526251 0.9963585 -0 -0.08526251 -0.9963585 0 -0.08526251 -0.9848682 0 -0.1733047 -0.9963585 0 -0.08526251 -0.9848682 0 -0.1733047 0.9848682 -0 0.1733047 0.9963585 -0 0.08526251 0.9848682 -0 0.1733047 0.9963585 -0 0.08526251 0 0 0 -0.9348962 0 -0.3549211 -0.9348962 0 -0.3549211 0.9348962 -0 0.3549211 0.9348962 -0 0.3549211 0 0 0 0 1 0 0 1 0 0 1 0 0 1 0 0 1 0 0 1 0 0 1 0 0 1 0 0 1 0 -0 -1 -0 -0 -1 -0 -0 -1 -0 -0 -1 -0 -0 -1 -0 -0 -1 -0 -0 -1 -0 -0 -1 -0 -0 -1 -0 0 0 0 0 0 0 0 -1 0 0 -1 0 0 -1 0 0 -1 0 0 -1 0 0 -1 0 0 -1 0 0 -1 0 0 -1 0 0 -1 0 0 -1 0 0 -1 0 0 -1 0 0 -1 0 0 -1 0 0 -1 0 0 -1 0 0 -1 0 0 -1 0 0 -1 0 0 -1 0 -0 1 -0 -0 1 -0 -0 1 -0 -0 1 -0 -0 1 -0 -0 1 -0 -0 1 -0 -0 1 -0 -0 1 -0 -0 1 -0 -0 1 -0 -0 1 -0 -0 1 -0 -0 1 -0 -0 1 -0 -0 1 -0 -0 1 -0 -0 1 -0 -0 1 -0 -0 1 -0 -0 1 -0 0 0 0 0 0 0 0 0 0 0 0 0 0 0 0 0 0 0 0 0 0 0 0 0 -1.311771e-12 0 -1 -1.311771e-12 0 -1 -1.311771e-12 0 -1 -1.311771e-12 0 -1 1.311771e-12 -0 1 1.311771e-12 -0 1 1.311771e-12 -0 1 1.311771e-12 -0 1 -1.136868e-12 0 1 -1.136868e-12 0 1 -1.136868e-12 0 1 -1.136868e-12 0 1 1.136868e-12 -0 -1 1.136868e-12 -0 -1 1.136868e-12 -0 -1 1.136868e-12 -0 -1 1 3.537253e-16 -3.071178e-15 1 3.537253e-16 -3.071178e-15 1 3.537253e-16 -3.071178e-15 1 3.537253e-16 -3.071178e-15 1 3.537253e-16 -3.071178e-15 1 3.537253e-16 -3.071178e-15 1 3.537253e-16 -3.071178e-15 1 3.537253e-16 -3.071178e-15 1 3.537253e-16 -3.071178e-15 1 3.537253e-16 -3.071178e-15 1 3.537253e-16 -3.071178e-15 1 3.537253e-16 -3.071178e-15 1 3.537253e-16 -3.071178e-15 1 3.537253e-16 -3.071178e-15 1 3.537253e-16 -3.071178e-15 1 3.537253e-16 -3.071178e-15 -1 -3.537253e-16 3.071178e-15 -1 -3.537253e-16 3.071178e-15 -1 -3.537253e-16 3.071178e-15 -1 -3.537253e-16 3.071178e-15 -1 -3.537253e-16 3.071178e-15 -1 -3.537253e-16 3.071178e-15 -1 -3.537253e-16 3.071178e-15 -1 -3.537253e-16 3.071178e-15 -1 -3.537253e-16 3.071178e-15 -1 -3.537253e-16 3.071178e-15 -1 -3.537253e-16 3.071178e-15 -1 -3.537253e-16 3.071178e-15 -1 -3.537253e-16 3.071178e-15 -1 -3.537253e-16 3.071178e-15 -1 -3.537253e-16 3.071178e-15 -1 -3.537253e-16 3.071178e-15 0 0 0 0 0 0 0 0 0 0 0 0 0 0 0 0 0 0 0 0 0 0 0 0 0 0 0 0 0 0 0 0 0 0 0 0 0 0 0 0 0 1 0 0 1 0 0 1 0 0 1 -0 -0 -1 -0 -0 -1 -0 -0 -1 -0 -0 -1 0 0 0 1 1.064945e-15 2.250052e-14 1 1.064945e-15 2.250052e-14 1 1.064945e-15 2.250052e-14 1 1.064945e-15 2.250052e-14 1 1.064945e-15 2.250052e-14 1 1.064945e-15 2.250052e-14 1 1.064945e-15 2.250052e-14 1 1.064945e-15 2.250052e-14 -1 -1.064945e-15 -2.250052e-14 -1 -1.064945e-15 -2.250052e-14 -1 -1.064945e-15 -2.250052e-14 -1 -1.064945e-15 -2.250052e-14 -1 -1.064945e-15 -2.250052e-14 -1 -1.064945e-15 -2.250052e-14 -1 -1.064945e-15 -2.250052e-14 -1 -1.064945e-15 -2.250052e-14 0 0 0 0 0 0 0 0 0 0 0 0 0 0 0 0 0 -1 0 0 -1 0 0 -1 0 0 -1 -0 -0 1 -0 -0 1 -0 -0 1 -0 -0 1 0 0 0 -1 0 0 -1 0 0 -1 0 0 -1 0 0 -1 0 0 -1 0 0 -1 0 0 -1 0 0 -1 0 0 -1 0 0 -1 0 0 -1 0 0 -1 0 0 -1 0 0 1 -0 -0 1 -0 -0 1 -0 -0 1 -0 -0 1 -0 -0 1 -0 -0 1 -0 -0 1 -0 -0 1 -0 -0 1 -0 -0 1 -0 -0 1 -0 -0 1 -0 -0 1 -0 -0 0 0 0 0 0 0 0 0 0 0 0 0 0 0 0 0 0 0 0 0 0 0 0 0 0 0 0 0 0 0 -0 1 -0 -0 1 -0 -0 1 -0 -0 1 -0 0 -1 0 0 -1 0 0 -1 0 0 -1 0 0 0 0 0 0 0 1.032366e-14 -0.9659258 -0.258819 1.032366e-14 -0.9659258 -0.258819 1.032366e-14 -0.9659258 -0.258819 -1.032366e-14 0.9659258 0.258819 -1.032366e-14 0.9659258 0.258819 -1.032366e-14 0.9659258 0.258819 0 0 0 0 0 0 -1.53297e-15 -0.8660254 -0.5 -1.53297e-15 -0.8660254 -0.5 -1.53297e-15 -0.8660254 -0.5 1.53297e-15 0.8660254 0.5 1.53297e-15 0.8660254 0.5 1.53297e-15 0.8660254 0.5 0 0 0 0 0 0 -5.231903e-15 -0.7071068 -0.7071068 -5.231903e-15 -0.7071068 -0.7071068 -5.231903e-15 -0.7071068 -0.7071068 5.231903e-15 0.7071068 0.7071068 5.231903e-15 0.7071068 0.7071068 5.231903e-15 0.7071068 0.7071068 0 0 0 0 0 0 4.470572e-15 -0.5 -0.8660254 4.470572e-15 -0.5 -0.8660254 4.470572e-15 -0.5 -0.8660254 -4.470572e-15 0.5 0.8660254 -4.470572e-15 0.5 0.8660254 -4.470572e-15 0.5 0.8660254 0 0 0 0 0 0 1.066477e-14 -0.258819 -0.9659258 1.342223e-14 -0.3826834 -0.9238795 1.066477e-14 -0.258819 -0.9659258 1.066477e-14 -0.258819 -0.9659258 -1.066477e-14 0.258819 0.9659258 -1.066477e-14 0.258819 0.9659258 -1.066477e-14 0.258819 0.9659258 -1.342223e-14 0.3826834 0.9238795 0 0 0 0 0 0 0 0 0 -1.4731e-14 -2.51026e-14 1 -1.4731e-14 -2.883635e-14 1 1.4731e-14 2.51026e-14 -1 1.4731e-14 2.883635e-14 -1 0 0 0 -6.466671e-15 0.258819 0.9659258 5.426041e-15 0.3826834 0.9238795 -6.466671e-15 0.258819 0.9659258 -3.139989e-15 0.5 0.8660254 -3.139989e-15 0.5 0.8660254 -5.426041e-15 -0.3826834 -0.9238795 3.139989e-15 -0.5 -0.8660254 3.139989e-15 -0.5 -0.8660254 6.466671e-15 -0.258819 -0.9659258 6.466671e-15 -0.258819 -0.9659258 0 0 0 0 0 0 1 -3.126977e-14 1.15138e-13 1 -3.126977e-14 1.15138e-13 1 -3.126977e-14 1.15138e-13 1 -3.126977e-14 1.15138e-13 1 -3.126977e-14 1.15138e-13 1 -3.126977e-14 1.15138e-13 1 -3.126977e-14 1.15138e-13 1 -3.126977e-14 1.15138e-13 -1 3.126977e-14 -1.15138e-13 -1 3.126977e-14 -1.15138e-13 -1 3.126977e-14 -1.15138e-13 -1 3.126977e-14 -1.15138e-13 -1 3.126977e-14 -1.15138e-13 -1 3.126977e-14 -1.15138e-13 -1 3.126977e-14 -1.15138e-13 -1 3.126977e-14 -1.15138e-13 0 0 0 0 0 0 0 0 0 0 0 0 -0.9848682 0 -0.1733047 -0.9963585 0 -0.08526251 -0.9848682 0 -0.1733047 -0.9963585 0 -0.08526251 0.9963585 -0 0.08526251 0.9848682 -0 0.1733047 0.9963585 -0 0.08526251 0.9848682 -0 0.1733047 -0.9963585 0 0.08526251 -0.9848682 0 0.1733047 -0.9963585 0 0.08526251 -0.9848682 0 0.1733047 0.9848682 -0 -0.1733047 0.9963585 -0 -0.08526251 0.9848682 -0 -0.1733047 0.9963585 -0 -0.08526251 -3.041056e-14 0.9659258 0.258819 -2.293317e-14 1 2.343622e-14 -2.293317e-14 1 -2.427386e-14 -3.041056e-14 0.9659258 0.258819 3.041056e-14 -0.9659258 -0.258819 3.041056e-14 -0.9659258 -0.258819 2.293317e-14 -1 -2.343622e-14 2.293317e-14 -1 2.427386e-14 0 0 0 0 0 0 -3.954887e-14 0.8660254 0.5 -3.954887e-14 0.8660254 0.5 3.954887e-14 -0.8660254 -0.5 3.954887e-14 -0.8660254 -0.5 0 0 0 -2.652768e-14 0.7071068 0.7071068 -2.652768e-14 0.7071068 0.7071068 2.652768e-14 -0.7071068 -0.7071068 2.652768e-14 -0.7071068 -0.7071068 0 0 0 0 -1 0 -0 1 -0 0 0 0 0 -1 0 0 -1 0 -0 1 -0 -0 1 -0 0 0 0 0 0 0 -0.9348962 0 -0.3549211 -0.9348962 0 -0.3549211 0.9348962 -0 0.3549211 0.9348962 -0 0.3549211 -0.8349626 2.034658e-15 0.5503068 -0.7630315 4.040016e-15 0.6463613 -0.8349626 2.034658e-15 0.5503068 -0.6576354 2.981812e-15 0.7533363 -0.6576354 2.981812e-15 0.7533363 0.6576354 -2.981812e-15 -0.7533363 0.8349626 -2.034658e-15 -0.5503068 0.6576354 -2.981812e-15 -0.7533363 0.7630315 -4.040016e-15 -0.6463613 0.8349626 -2.034658e-15 -0.5503068 0 0 0 -0.9348962 0 0.3549211 -0.9348962 0 0.3549211 0.9348962 -0 -0.3549211 0.9348962 -0 -0.3549211 1 0 -1.447972e-12 1 0 -1.447972e-12 1 0 -1.447972e-12 1 0 -1.447972e-12 1 0 -1.447972e-12 -1 -0 1.447972e-12 -1 -0 1.447972e-12 -1 -0 1.447972e-12 -1 -0 1.447972e-12 -1 -0 1.447972e-12 0 0 0 0 0 0 -0.5374084 1.856363e-15 0.8433221 -0.3742612 9.440763e-16 0.9273233 -0.3742612 9.440763e-16 0.9273233 0.5374084 -1.856363e-15 -0.8433221 0.3742612 -9.440763e-16 -0.9273233 0.3742612 -9.440763e-16 -0.9273233 -0.1985114 0 0.9800986 -0.1985114 0 0.9800986 0.1985114 -0 -0.9800986 0.1985114 -0 -0.9800986 -1.932942e-13 1 -4.259928e-15 -1.932942e-13 1 -4.259928e-15 -1.932942e-13 1 -4.259928e-15 -1.932942e-13 1 -4.259928e-15 -1.932942e-13 1 -4.259928e-15 -1.932942e-13 1 -4.259928e-15 1.932942e-13 -1 4.259928e-15 1.932942e-13 -1 4.259928e-15 1.932942e-13 -1 4.259928e-15 1.932942e-13 -1 4.259928e-15 1.932942e-13 -1 4.259928e-15 1.932942e-13 -1 4.259928e-15 1 -0 -0 1 -0 -0 1 -0 -0 1 -0 -0 -1 0 0 -1 0 0 -1 0 0 -1 0 0 -0 -0 1 -0 -0 1 -0 -0 1 -0 -0 1 0 0 -1 0 0 -1 0 0 -1 0 0 -1 0 0 0 0 0 0 2.07531e-13 -1 1.037571e-14 2.07531e-13 -1 1.037571e-14 2.07531e-13 -1 1.037571e-14 2.07531e-13 -1 1.037571e-14 2.07531e-13 -1 1.037571e-14 2.07531e-13 -1 1.037571e-14 2.07531e-13 -1 1.037571e-14 -2.07531e-13 1 -1.037571e-14 -2.07531e-13 1 -1.037571e-14 -2.07531e-13 1 -1.037571e-14 -2.07531e-13 1 -1.037571e-14 -2.07531e-13 1 -1.037571e-14 -2.07531e-13 1 -1.037571e-14 -2.07531e-13 1 -1.037571e-14 0 0 0 0 0 0 0 0 0 1 -0 -0 1 -0 -0 1 -0 -0 1 -0 -0 1 -0 -0 -1 0 0 -1 0 0 -1 0 0 -1 0 0 -1 0 0 0 0 0 0 0 0 1 -0 -0 1 -0 -0 1 -0 -0 1 -0 -0 -1 0 0 -1 0 0 -1 0 0 -1 0 0 0 0 0 0 0 1 0 0 1 0 0 1 0 0 1 -0 -0 -1 -0 -0 -1 -0 -0 -1 -0 -0 -1 0 0 1 0 0 1 -0 -0 -1 -0 -0 -1 0 0 -1 0 0 -1 0 0 -1 0 0 -1 -0 -0 1 -0 -0 1 -0 -0 1 -0 -0 1 0 0 0 0 0 0 0 0 1 0 0 1 0 0 1 0 0 1 -0 -0 -1 -0 -0 -1 -0 -0 -1 -0 -0 -1 0 -1 0 0 -1 0 0 -1 0 0 -1 0 0 -1 0 -0 1 -0 -0 1 -0 -0 1 -0 -0 1 -0 -0 1 -0 0 0 0 0 0 0 0 0 0 -0 -0 1 -0 -0 1 -0 -0 1 -0 -0 1 0 0 -1 0 0 -1 0 0 -1 0 0 -1 0 0 0 -0 1 -0 -0 1 -0 -0 1 -0 -0 1 -0 -0 1 -0 0 -1 0 0 -1 0 0 -1 0 0 -1 0 0 -1 0 0 0 0 0 0 0 0 0 -1 0 0 -1 0 0 -1 0 0 -1 -0 -0 1 -0 -0 1 -0 -0 1 -0 -0 1 0 0 0 0 -1 0 0 -1 0 0 -1 0 0 -1 0 0 -1 0 -0 1 -0 -0 1 -0 -0 1 -0 -0 1 -0 -0 1 -0 0 0 0 0 0 0 -0 -0 1 -0 -0 1 -0 -0 1 -0 -0 1 0 0 -1 0 0 -1 0 0 -1 0 0 -1 0 0 0 -0 1 -0 -0 1 -0 -0 1 -0 -0 1 -0 -0 1 -0 0 -1 0 0 -1 0 0 -1 0 0 -1 0 0 -1 0 0 0 0 0 0 0 -0 1 -0 -0 1 -0 0 -1 0 0 -1 0 0 0 0 -1 0 0 -1 0 0 -1 0 0 -1 0 0 -1 0 0 -1 0 0 -1 0 0 -1 0 0 -1 0 0 -1 0 0 -1 0 0 -1 0 0 -1 0 0 -1 0 0 -1 0 0 -1 0 0 1 -0 -0 1 -0 -0 1 -0 -0 1 -0 -0 1 -0 -0 1 -0 -0 1 -0 -0 1 -0 -0 1 -0 -0 1 -0 -0 1 -0 -0 1 -0 -0 1 -0 -0 1 -0 -0 1 -0 -0 1 -0 -0 0 0 0 3.462445e-15 -3.123045e-10 -1 3.462445e-15 -7.998612e-14 -1 3.462445e-15 -7.41939e-14 -1 -3.462445e-15 7.41939e-14 1 -3.462445e-15 3.123045e-10 1 -3.462445e-15 7.998612e-14 1 0 0 0 0 0 0 -3.004578e-14 0.9659258 -0.258819 -3.004578e-14 0.9659258 -0.258819 3.004578e-14 -0.9659258 0.258819 3.004578e-14 -0.9659258 0.258819 0 0 0 1.305621e-06 0.5000584 -0.8659917 -1.343026e-15 0.258819 -0.9659258 -1.803879e-15 0.3826834 -0.9238795 -1.343026e-15 0.258819 -0.9659258 1.305621e-06 0.5000584 -0.8659917 -1.343026e-15 0.258819 -0.9659258 1.305621e-06 0.5000584 -0.8659917 -1.305621e-06 -0.5000584 0.8659917 -1.305621e-06 -0.5000584 0.8659917 1.343026e-15 -0.258819 0.9659258 1.343026e-15 -0.258819 0.9659258 -1.305621e-06 -0.5000584 0.8659917 1.343026e-15 -0.258819 0.9659258 1.803879e-15 -0.3826834 0.9238795 0 0 0 0 0 0 0 0 0 0 0 0 4.649588e-07 0.7073915 -0.706822 4.699715e-07 0.7071736 -0.7070399 4.796562e-07 0.7067526 -0.7074608 -4.796562e-07 -0.7067526 0.7074608 -4.649588e-07 -0.7073915 0.706822 -4.699715e-07 -0.7071736 0.7070399 0 0 0 0 0 0 -8.357174e-07 0.8660416 -0.4999719 -8.357174e-07 0.8660416 -0.4999719 8.357174e-07 -0.8660416 0.4999719 8.357174e-07 -0.8660416 0.4999719 0 0 0 7.433323e-14 -1 -5.595014e-31 7.433323e-14 -1 -5.595014e-31 7.433323e-14 -1 -5.595014e-31 7.433323e-14 -1 -5.595014e-31 7.433323e-14 -1 -5.595014e-31 7.433323e-14 -1 -5.595014e-31 7.433323e-14 -1 -5.595014e-31 7.433323e-14 -1 -5.595014e-31 7.433323e-14 -1 -5.595014e-31 7.433323e-14 -1 -5.595014e-31 7.433323e-14 -1 -5.595014e-31 7.433323e-14 -1 -5.595014e-31 7.433323e-14 -1 -5.595014e-31 7.433323e-14 -1 -5.595014e-31 7.433323e-14 -1 -5.595014e-31 7.433323e-14 -1 -5.595014e-31 7.433323e-14 -1 -5.595014e-31 7.433323e-14 -1 -5.595014e-31 7.433323e-14 -1 -5.595014e-31 7.433323e-14 -1 -5.595014e-31 7.433323e-14 -1 -5.595014e-31 -7.433323e-14 1 5.595014e-31 -7.433323e-14 1 5.595014e-31 -7.433323e-14 1 5.595014e-31 -7.433323e-14 1 5.595014e-31 -7.433323e-14 1 5.595014e-31 -7.433323e-14 1 5.595014e-31 -7.433323e-14 1 5.595014e-31 -7.433323e-14 1 5.595014e-31 -7.433323e-14 1 5.595014e-31 -7.433323e-14 1 5.595014e-31 -7.433323e-14 1 5.595014e-31 -7.433323e-14 1 5.595014e-31 -7.433323e-14 1 5.595014e-31 -7.433323e-14 1 5.595014e-31 -7.433323e-14 1 5.595014e-31 -7.433323e-14 1 5.595014e-31 -7.433323e-14 1 5.595014e-31 -7.433323e-14 1 5.595014e-31 -7.433323e-14 1 5.595014e-31 -7.433323e-14 1 5.595014e-31 -7.433323e-14 1 5.595014e-31 0 0 0 0 0 0 0 0 0 0 0 0 0 0 0 0 0 0 0 0 0 0 0 0 0 0 0 0 0 0 0 0 0 0 0 0 0 0 0 0 0 0 0 0 0 0 0 0 0 0 0 -0 1 -0 -0 1 -0 -0 1 -0 -0 1 -0 -0 1 -0 -0 1 -0 -0 1 -0 -0 1 -0 -0 1 -0 -0 1 -0 -0 1 -0 -0 1 -0 -0 1 -0 -0 1 -0 -0 1 -0 -0 1 -0 -0 1 -0 -0 1 -0 -0 1 -0 -0 1 -0 -0 1 -0 0 -1 0 0 -1 0 0 -1 0 0 -1 0 0 -1 0 0 -1 0 0 -1 0 0 -1 0 0 -1 0 0 -1 0 0 -1 0 0 -1 0 0 -1 0 0 -1 0 0 -1 0 0 -1 0 0 -1 0 0 -1 0 0 -1 0 0 -1 0 0 -1 0 0 0 0 0 0 0 0 0 0 0 0 0 0 0 0 0 0 0 0 0 0 0 0 0 0 0 0 0 0 0 0 0 0 0 0 0 0 0 0 0 0 0 0 0 0 0 0 0 0 0 0 -1 0 0 -1 0 0 -1 0 0 -1 0 0 1 -0 -0 1 -0 -0 1 -0 -0 1 -0 -0 0 -1 0 0 -1 0 0 -1 0 0 -1 0 0 -1 0 -0 1 -0 -0 1 -0 -0 1 -0 -0 1 -0 -0 1 -0 0 0 -1 0 0 -1 0 0 -1 0 0 -1 0 0 -1 -0 -0 1 -0 -0 1 -0 -0 1 -0 -0 1 -0 -0 1 1 0 0 1 0 0 1 0 0 1 0 0 -1 -0 -0 -1 -0 -0 -1 -0 -0 -1 -0 -0 -1 0 0 -1 0 0 -1 0 0 -1 0 0 1 -0 -0 1 -0 -0 1 -0 -0 1 -0 -0 -0 -0 1 -0 -0 1 -0 -0 1 -0 -0 1 0 0 -1 0 0 -1 0 0 -1 0 0 -1 0 -1 0 0 -1 0 0 -1 0 0 -1 0 -0 1 -0 -0 1 -0 -0 1 -0 -0 1 -0 0 0 0 0 0 0 0 0 0 0 0 0 -0 1 -0 -0 1 -0 -0 1 -0 -0 1 -0 0 -1 0 0 -1 0 0 -1 0 0 -1 0 0 0 0 0 0 0 0 0 0 0 0 0 -1 0 0 -1 0 0 -1 0 0 -1 0 0 -1 0 0 -1 0 0 1 -0 -0 1 -0 -0 1 -0 -0 1 -0 -0 1 -0 -0 1 -0 -0 0 0 0 0 0 0 0 0 0 0 0 0 -1 0 0 -1 0 0 -1 0 0 -1 0 0 1 -0 -0 1 -0 -0 1 -0 -0 1 -0 -0 0 0 0 0 0 0 0 0 1 0 0 1 0 0 1 0 0 1 -0 -0 -1 -0 -0 -1 -0 -0 -1 -0 -0 -1 0 0 0 -0.3742612 2.074533e-15 0.9273233 -0.1985114 0 0.9800986 -0.1985114 0 0.9800986 -0.3742612 2.074533e-15 0.9273233 0.3742612 -2.074533e-15 -0.9273233 0.3742612 -2.074533e-15 -0.9273233 0.1985114 -0 -0.9800986 0.1985114 -0 -0.9800986 0 0 0 -0.5374084 4.079209e-15 0.8433221 -0.6576354 2.062866e-15 0.7533363 -0.6576354 2.062866e-15 0.7533363 0.6576354 -2.062866e-15 -0.7533363 0.5374084 -4.079209e-15 -0.8433221 0.6576354 -2.062866e-15 -0.7533363 0 0 0 0 0 0 -0.8349626 -1.276718e-29 0.5503068 -0.8349626 -1.276718e-29 0.5503068 0.8349626 1.276718e-29 -0.5503068 0.8349626 1.276718e-29 -0.5503068 0 0 0 -0.9348962 2.039631e-18 0.3549211 -0.9348962 2.039631e-18 0.3549211 0.9348962 -2.039631e-18 -0.3549211 0.9348962 -2.039631e-18 -0.3549211 0 0 0 -0.9848682 2.478173e-18 0.1733047 -0.9848682 2.478173e-18 0.1733047 0.9848682 -2.478173e-18 -0.1733047 0.9848682 -2.478173e-18 -0.1733047 0 0 0 -0.9963585 8.778571e-19 0.08526251 -0.9963585 8.778571e-19 0.08526251 0.9963585 -8.778571e-19 -0.08526251 0.9963585 -8.778571e-19 -0.08526251 0 0 0 -0.9848682 4.406656e-19 -0.1733047 -0.9963585 8.778571e-19 -0.08526251 -0.9848682 4.406656e-19 -0.1733047 -0.9963585 8.778571e-19 -0.08526251 0.9963585 -8.778571e-19 0.08526251 0.9848682 -4.406656e-19 0.1733047 0.9963585 -8.778571e-19 0.08526251 0.9848682 -4.406656e-19 0.1733047 0 0 0 -0.9348962 0 -0.3549211 -0.9348962 0 -0.3549211 0.9348962 -0 0.3549211 0.9348962 -0 0.3549211 0 0 0 -0.8349626 -1.543835e-15 -0.5503068 -0.8349626 -1.543835e-15 -0.5503068 0.8349626 1.543835e-15 0.5503068 0.8349626 1.543835e-15 0.5503068 0 0 0 -0.6576354 5.137841e-16 -0.7533363 -0.7630315 -3.065438e-15 -0.6463613 -0.6576354 5.137841e-16 -0.7533363 0.6576354 -5.137841e-16 0.7533363 0.7630315 3.065438e-15 0.6463613 0.6576354 -5.137841e-16 0.7533363 0 0 0 0 0 0 -0.3742612 4.600741e-16 -0.9273233 -0.3742612 4.600741e-16 -0.9273233 -0.5374084 4.081419e-15 -0.8433221 0.5374084 -4.081419e-15 0.8433221 0.3742612 -4.600741e-16 0.9273233 0.3742612 -4.600741e-16 0.9273233 0 0 0 0 0 0 -0.1985114 -3.176763e-15 -0.9800986 -0.1985114 -3.176763e-15 -0.9800986 -0.1985114 -3.176763e-15 -0.9800986 0.1985114 3.176763e-15 0.9800986 0.1985114 3.176763e-15 0.9800986 0.1985114 3.176763e-15 0.9800986 0 0 0 0 0 0 0 0 -1 0 0 -1 0 0 -1 0 0 -1 -0 -0 1 -0 -0 1 -0 -0 1 -0 -0 1 0 0 -1 0 0 -1 0 0 -1 0 0 -1 -0 -0 1 -0 -0 1 -0 -0 1 -0 -0 1 0 0 0 -0.3742612 -2.077343e-15 -0.9273233 -0.1985114 0 -0.9800986 -0.1985114 0 -0.9800986 -0.3742612 -2.077343e-15 -0.9273233 0.3742612 2.077343e-15 0.9273233 0.3742612 2.077343e-15 0.9273233 0.1985114 -0 0.9800986 0.1985114 -0 0.9800986 0 0 0 -0.5374084 -4.084734e-15 -0.8433221 -0.6576354 -5.227727e-16 -0.7533363 -0.6576354 -5.227727e-16 -0.7533363 0.6576354 5.227727e-16 0.7533363 0.5374084 4.084734e-15 0.8433221 0.6576354 5.227727e-16 0.7533363 0 0 0 0 0 0 -0.8349626 1.536553e-15 -0.5503068 -0.8349626 1.536553e-15 -0.5503068 -0.7630315 3.050978e-15 -0.6463613 0.7630315 -3.050978e-15 0.6463613 0.8349626 -1.536553e-15 0.5503068 0.8349626 -1.536553e-15 0.5503068 0 0 0 0 0 0 -0.9348962 0 -0.3549211 -0.9348962 0 -0.3549211 0.9348962 -0 0.3549211 0.9348962 -0 0.3549211 0 0 0 -0.9848682 0 -0.1733047 -0.9848682 0 -0.1733047 0.9848682 -0 0.1733047 0.9848682 -0 0.1733047 0 0 0 -0.9963585 0 -0.08526251 -0.9963585 0 -0.08526251 0.9963585 -0 0.08526251 0.9963585 -0 0.08526251 0 0 0 -0.9963585 0 0.08526251 -0.9848682 7.412408e-30 0.1733047 -0.9963585 0 0.08526251 -0.9848682 7.412408e-30 0.1733047 0.9848682 -7.412408e-30 -0.1733047 0.9963585 -0 -0.08526251 0.9848682 -7.412408e-30 -0.1733047 0.9963585 -0 -0.08526251 0 0 0 -0.9348962 3.289748e-29 0.3549211 -0.9348962 3.289748e-29 0.3549211 0.9348962 -3.289748e-29 -0.3549211 0.9348962 -3.289748e-29 -0.3549211 0 0 0 -0.8349626 1.539466e-15 0.5503068 -0.8349626 1.539466e-15 0.5503068 0.8349626 -1.539466e-15 -0.5503068 0.8349626 -1.539466e-15 -0.5503068 0 0 0 -0.6576354 -5.184974e-16 0.7533363 -0.6576354 -5.184974e-16 0.7533363 -0.7630315 3.056762e-15 0.6463613 0.7630315 -3.056762e-15 -0.6463613 0.6576354 5.184974e-16 -0.7533363 0.6576354 5.184974e-16 -0.7533363 0 0 0 0 0 0 -0.3742612 -4.604019e-16 0.9273233 -0.3742612 -4.604019e-16 0.9273233 -0.5374084 -4.082064e-15 0.8433221 0.5374084 4.082064e-15 -0.8433221 0.3742612 4.604019e-16 -0.9273233 0.3742612 4.604019e-16 -0.9273233 0 0 0 0 0 0 -0.1985114 3.176763e-15 0.9800986 -0.1985114 3.176763e-15 0.9800986 -0.1985114 3.176763e-15 0.9800986 0.1985114 -3.176763e-15 -0.9800986 0.1985114 -3.176763e-15 -0.9800986 0.1985114 -3.176763e-15 -0.9800986 0 0 0 0 0 0 0 0 1 0 0 1 0 0 1 0 0 1 -0 -0 -1 -0 -0 -1 -0 -0 -1 -0 -0 -1 1 0 0 1 0 0 -1 -0 -0 -1 -0 -0 -1.894781e-14 -0 1 -1.894781e-14 -0 1 -1.894781e-14 -0 1 -1.894781e-14 -0 1 -1.894781e-14 -0 1 1.894781e-14 0 -1 1.894781e-14 0 -1 1.894781e-14 0 -1 1.894781e-14 0 -1 1.894781e-14 0 -1 0 0 0 -1 0 0 -1 0 0 -1 0 0 -1 0 0 -1 0 0 -1 0 0 -1 0 0 -1 0 0 -1 0 0 -1 0 0 -1 0 0 -1 0 0 -1 0 0 -1 0 0 -1 0 0 -1 0 0 -1 0 0 1 -0 -0 1 -0 -0 1 -0 -0 1 -0 -0 1 -0 -0 1 -0 -0 1 -0 -0 1 -0 -0 1 -0 -0 1 -0 -0 1 -0 -0 1 -0 -0 1 -0 -0 1 -0 -0 1 -0 -0 1 -0 -0 1 -0 -0 0 0 0 0 0 0 0 0 0 0 0 0 0 0 0 0 0 0 0 0 0 0 0 0 0 0 0 0 0 0 0 0 0 0 0 0 0 0 0 0 -1 0 0 -1 0 0 -1 0 0 -1 0 0 -1 0 0 -1 0 0 -1 0 0 -1 0 0 -1 0 -0 1 -0 -0 1 -0 -0 1 -0 -0 1 -0 -0 1 -0 -0 1 -0 -0 1 -0 -0 1 -0 -0 1 -0 0 0 0 0 0 0 0 0 0 0 0 0 -0.9963585 -6.655809e-18 -0.08526251 -0.9848682 3.944658e-17 -0.1733047 -0.9963585 -6.655809e-18 -0.08526251 -0.9848682 3.944658e-17 -0.1733047 0.9848682 -3.944658e-17 0.1733047 0.9963585 6.655809e-18 0.08526251 0.9848682 -3.944658e-17 0.1733047 0.9963585 6.655809e-18 0.08526251 0 0 0 0 0 0 -0.9848682 3.341074e-18 0.1733047 -0.9963585 6.655809e-18 0.08526251 -0.9848682 3.341074e-18 0.1733047 -0.9963585 6.655809e-18 0.08526251 0.9963585 -6.655809e-18 -0.08526251 0.9848682 -3.341074e-18 -0.1733047 0.9963585 -6.655809e-18 -0.08526251 0.9848682 -3.341074e-18 -0.1733047 0 0 0 -1.3996e-13 1 -1.448182e-13 -1.3996e-13 1 -1.448182e-13 -1.3996e-13 1 -1.448182e-13 -1.3996e-13 1 -1.448182e-13 -1.3996e-13 1 -1.448182e-13 -1.3996e-13 1 -1.448182e-13 -1.3996e-13 1 -1.448182e-13 -1.3996e-13 1 -1.448182e-13 -1.3996e-13 1 -1.448182e-13 1.3996e-13 -1 1.448182e-13 1.3996e-13 -1 1.448182e-13 1.3996e-13 -1 1.448182e-13 1.3996e-13 -1 1.448182e-13 1.3996e-13 -1 1.448182e-13 1.3996e-13 -1 1.448182e-13 1.3996e-13 -1 1.448182e-13 1.3996e-13 -1 1.448182e-13 1.3996e-13 -1 1.448182e-13 0 0 0 0 0 0 0 0 0 1.667292e-13 1 -1.388196e-14 1.667292e-13 1 -1.388196e-14 1.667292e-13 1 -1.388196e-14 1.667292e-13 1 -1.388196e-14 1.667292e-13 1 -1.388196e-14 1.667292e-13 1 -1.388196e-14 1.667292e-13 1 -1.388196e-14 1.667292e-13 1 -1.388196e-14 1.667292e-13 1 -1.388196e-14 1.667292e-13 1 -1.388196e-14 1.667292e-13 1 -1.388196e-14 1.667292e-13 1 -1.388196e-14 1.667292e-13 1 -1.388196e-14 1.667292e-13 1 -1.388196e-14 1.667292e-13 1 -1.388196e-14 1.667292e-13 1 -1.388196e-14 1.667292e-13 1 -1.388196e-14 1.667292e-13 1 -1.388196e-14 1.667292e-13 1 -1.388196e-14 1.667292e-13 1 -1.388196e-14 1.667292e-13 1 -1.388196e-14 1.667292e-13 1 -1.388196e-14 1.667292e-13 1 -1.388196e-14 -1.667292e-13 -1 1.388196e-14 -1.667292e-13 -1 1.388196e-14 -1.667292e-13 -1 1.388196e-14 -1.667292e-13 -1 1.388196e-14 -1.667292e-13 -1 1.388196e-14 -1.667292e-13 -1 1.388196e-14 -1.667292e-13 -1 1.388196e-14 -1.667292e-13 -1 1.388196e-14 -1.667292e-13 -1 1.388196e-14 -1.667292e-13 -1 1.388196e-14 -1.667292e-13 -1 1.388196e-14 -1.667292e-13 -1 1.388196e-14 -1.667292e-13 -1 1.388196e-14 -1.667292e-13 -1 1.388196e-14 -1.667292e-13 -1 1.388196e-14 -1.667292e-13 -1 1.388196e-14 -1.667292e-13 -1 1.388196e-14 -1.667292e-13 -1 1.388196e-14 -1.667292e-13 -1 1.388196e-14 -1.667292e-13 -1 1.388196e-14 -1.667292e-13 -1 1.388196e-14 -1.667292e-13 -1 1.388196e-14 -1.667292e-13 -1 1.388196e-14 0 0 0 0 0 0 0 0 0 0 0 0 0 0 0 0 0 0 0 0 0 1 0 0 1 0 0 1 0 0 1 0 0 1 0 0 1 0 0 1 0 0 -1 -0 -0 -1 -0 -0 -1 -0 -0 -1 -0 -0 -1 -0 -0 -1 -0 -0 -1 -0 -0 0 0 0 0 0 0 0 0 0 0 0 0 0 0 0 1 -0 -0 1 -0 -0 1 -0 -0 1 -0 -0 1 -0 -0 1 -0 -0 1 -0 -0 1 -0 -0 -1 0 0 -1 0 0 -1 0 0 -1 0 0 -1 0 0 -1 0 0 -1 0 0 -1 0 0 0 0 0 0 0 0 0 0 0 0 0 0 0 0 0 0 0 0 1.330602e-13 -1 2.610962e-13 1.330602e-13 -1 2.610962e-13 1.330602e-13 -1 2.610962e-13 1.330602e-13 -1 2.610962e-13 1.330602e-13 -1 2.610962e-13 1.330602e-13 -1 2.610962e-13 1.330602e-13 -1 2.610962e-13 -1.330602e-13 1 -2.610962e-13 -1.330602e-13 1 -2.610962e-13 -1.330602e-13 1 -2.610962e-13 -1.330602e-13 1 -2.610962e-13 -1.330602e-13 1 -2.610962e-13 -1.330602e-13 1 -2.610962e-13 -1.330602e-13 1 -2.610962e-13 0 0 0 0 0 0 5.362194e-14 1 6.312122e-14 5.362194e-14 1 6.312122e-14 5.362194e-14 1 6.312122e-14 5.362194e-14 1 6.312122e-14 5.362194e-14 1 6.312122e-14 5.362194e-14 1 6.312122e-14 5.362194e-14 1 6.312122e-14 5.362194e-14 1 6.312122e-14 5.362194e-14 1 6.312122e-14 -5.362194e-14 -1 -6.312122e-14 -5.362194e-14 -1 -6.312122e-14 -5.362194e-14 -1 -6.312122e-14 -5.362194e-14 -1 -6.312122e-14 -5.362194e-14 -1 -6.312122e-14 -5.362194e-14 -1 -6.312122e-14 -5.362194e-14 -1 -6.312122e-14 -5.362194e-14 -1 -6.312122e-14 -5.362194e-14 -1 -6.312122e-14 0 0 0 2.858923e-13 -1 -5.174927e-13 2.858923e-13 -1 -5.174927e-13 2.858923e-13 -1 -5.174927e-13 2.858923e-13 -1 -5.174927e-13 2.858923e-13 -1 -5.174927e-13 -2.858923e-13 1 5.174927e-13 -2.858923e-13 1 5.174927e-13 -2.858923e-13 1 5.174927e-13 -2.858923e-13 1 5.174927e-13 -2.858923e-13 1 5.174927e-13 4.896049e-15 -1 -1.02687e-12 4.896049e-15 -1 -1.02687e-12 4.896049e-15 -1 -1.02687e-12 4.896049e-15 -1 -1.02687e-12 4.896049e-15 -1 -1.02687e-12 4.896049e-15 -1 -1.02687e-12 4.896049e-15 -1 -1.02687e-12 4.896049e-15 -1 -1.02687e-12 4.896049e-15 -1 -1.02687e-12 4.896049e-15 -1 -1.02687e-12 -4.896049e-15 1 1.02687e-12 -4.896049e-15 1 1.02687e-12 -4.896049e-15 1 1.02687e-12 -4.896049e-15 1 1.02687e-12 -4.896049e-15 1 1.02687e-12 -4.896049e-15 1 1.02687e-12 -4.896049e-15 1 1.02687e-12 -4.896049e-15 1 1.02687e-12 -4.896049e-15 1 1.02687e-12 -4.896049e-15 1 1.02687e-12 0 0 0 0 0 0 0 0 0 0 0 0 0 -1 0 0 -1 0 0 -1 0 0 -1 0 0 -1 0 0 -1 0 -0 1 -0 -0 1 -0 -0 1 -0 -0 1 -0 -0 1 -0 -0 1 -0 0 0 0 0 0 0 0 0 0 0 0 0 -0 1 -0 -0 1 -0 -0 1 -0 -0 1 -0 -0 1 -0 -0 1 -0 -0 1 -0 -0 1 -0 -0 1 -0 -0 1 -0 -0 1 -0 -0 1 -0 -0 1 -0 -0 1 -0 -0 1 -0 0 -1 0 0 -1 0 0 -1 0 0 -1 0 0 -1 0 0 -1 0 0 -1 0 0 -1 0 0 -1 0 0 -1 0 0 -1 0 0 -1 0 0 -1 0 0 -1 0 0 -1 0 0 0 0 0 0 0 0 0 0 0 0 0 0 0 0 0 0 0 0 0 0 1 -0 -0 1 -0 -0 1 -0 -0 1 -0 -0 1 -0 -0 1 -0 -0 1 -0 -0 1 -0 -0 -1 0 0 -1 0 0 -1 0 0 -1 0 0 -1 0 0 -1 0 0 -1 0 0 -1 0 0 0 0 0 0 0 0 0 0 0 0 0 0 1 -0 -0 1 -0 -0 1 -0 -0 1 -0 -0 1 -0 -0 1 -0 -0 -1 0 0 -1 0 0 -1 0 0 -1 0 0 -1 0 0 -1 0 0 0 0 0 0 0 0 0 0 0 0 0 0 0 0 0 0 0 0 -0 1 -0 -0 1 -0 0 -1 0 0 -1 0 0 0 0 -0 1 -0 -0 1 -0 -0 1 -0 -0 1 -0 0 -1 0 0 -1 0 0 -1 0 0 -1 0 0 0 0 -0 1 -0 -0 1 -0 0 -1 0 0 -1 0 0 0 0 0 0 0 -0 1 -0 -0 1 -0 0 -1 0 0 -1 0 -0 1 -0 -0 1 -0 -0 1 -0 -0 1 -0 0 -1 0 0 -1 0 0 -1 0 0 -1 0 0 0 0 0 0 0 0 0 0 0 0 0 -0.9348962 0 0.3549211 -0.9348962 0 0.3549211 0.9348962 -0 -0.3549211 0.9348962 -0 -0.3549211 -0.8349626 6.17155e-16 0.5503068 -0.8349626 6.17155e-16 0.5503068 0.8349626 -6.17155e-16 -0.5503068 0.8349626 -6.17155e-16 -0.5503068 -0.6576354 6.188526e-16 0.7533363 -0.6576354 6.188526e-16 0.7533363 -0.7630315 1.225423e-15 0.6463613 0.7630315 -1.225423e-15 -0.6463613 0.6576354 -6.188526e-16 -0.7533363 0.6576354 -6.188526e-16 -0.7533363 -0.5374084 -1.673817e-18 0.8433221 -0.5374084 -1.673817e-18 0.8433221 -0.5374084 -1.673817e-18 0.8433221 -0.5374084 -1.673817e-18 0.8433221 0.5374084 1.673817e-18 -0.8433221 0.5374084 1.673817e-18 -0.8433221 0.5374084 1.673817e-18 -0.8433221 0.5374084 1.673817e-18 -0.8433221 -0.9348962 1.19867e-16 -0.3549211 -0.9348962 1.19867e-16 -0.3549211 0.9348962 -1.19867e-16 0.3549211 0.9348962 -1.19867e-16 0.3549211 0 0 0 -0.8349626 -5.422658e-16 -0.5503068 -0.8349626 -5.422658e-16 -0.5503068 0.8349626 5.422658e-16 0.5503068 0.8349626 5.422658e-16 0.5503068 0 0 0 -0.7630315 -1.230025e-15 -0.6463613 -0.6576354 -6.208439e-16 -0.7533363 -0.6576354 -6.208439e-16 -0.7533363 0.6576354 6.208439e-16 0.7533363 0.6576354 6.208439e-16 0.7533363 0.7630315 1.230025e-15 0.6463613 -0.5374084 2.338476e-18 -0.8433221 -0.5374084 2.338476e-18 -0.8433221 -0.5374084 2.338476e-18 -0.8433221 -0.5374084 2.338476e-18 -0.8433221 0.5374084 -2.338476e-18 0.8433221 0.5374084 -2.338476e-18 0.8433221 0.5374084 -2.338476e-18 0.8433221 0.5374084 -2.338476e-18 0.8433221 0 0 0 1.018837e-14 0.5 -0.8660254 7.902609e-15 0.3826834 -0.9238795 1.018837e-14 0.5 -0.8660254 5.112471e-15 0.258819 -0.9659258 5.112471e-15 0.258819 -0.9659258 1.018837e-14 0.5 -0.8660254 5.112471e-15 0.258819 -0.9659258 -5.112471e-15 -0.258819 0.9659258 -1.018837e-14 -0.5 0.8660254 -5.112471e-15 -0.258819 0.9659258 -1.018837e-14 -0.5 0.8660254 -5.112471e-15 -0.258819 0.9659258 -7.902609e-15 -0.3826834 0.9238795 -1.018837e-14 -0.5 0.8660254 0 0 0 0 0 0 0 0 0 0 0 0 0 0 0 1.319025e-14 0.7071068 -0.7071068 1.319025e-14 0.7071068 -0.7071068 1.319025e-14 0.7071068 -0.7071068 -1.319025e-14 -0.7071068 0.7071068 -1.319025e-14 -0.7071068 0.7071068 -1.319025e-14 -0.7071068 0.7071068 0 0 0 0 0 0 1.668459e-14 0.8660254 -0.5 1.668459e-14 0.8660254 -0.5 1.668459e-14 0.8660254 -0.5 -1.668459e-14 -0.8660254 0.5 -1.668459e-14 -0.8660254 0.5 -1.668459e-14 -0.8660254 0.5 0 0 0 0 0 0 2.16284e-14 0.9659258 -0.258819 2.16284e-14 0.9659258 -0.258819 2.16284e-14 0.9659258 -0.258819 -2.16284e-14 -0.9659258 0.258819 -2.16284e-14 -0.9659258 0.258819 -2.16284e-14 -0.9659258 0.258819 0 0 0 0 0 0 2.536117e-14 1 1.511324e-13 2.536117e-14 1 1.520681e-13 2.536117e-14 1 1.520681e-13 -2.536117e-14 -1 -1.520681e-13 -2.536117e-14 -1 -1.511324e-13 -2.536117e-14 -1 -1.520681e-13 0 0 0 0 0 0 2.462038e-14 0.9659258 0.258819 2.462038e-14 0.9659258 0.258819 2.462038e-14 0.9659258 0.258819 -2.462038e-14 -0.9659258 -0.258819 -2.462038e-14 -0.9659258 -0.258819 -2.462038e-14 -0.9659258 -0.258819 0 0 0 0 0 0 -7.341599e-07 0.8660442 0.4999674 -7.341599e-07 0.8660442 0.4999674 -7.341599e-07 0.8660442 0.4999674 7.341599e-07 -0.8660442 -0.4999674 7.341599e-07 -0.8660442 -0.4999674 7.341599e-07 -0.8660442 -0.4999674 0 0 0 0 0 0 7.533938e-07 0.7071708 0.7070428 7.478033e-07 0.707405 0.7068085 7.642214e-07 0.706717 0.7074963 -7.478033e-07 -0.707405 -0.7068085 -7.642214e-07 -0.706717 -0.7074963 -7.533938e-07 -0.7071708 -0.7070428 0 0 0 0 0 0 1.487482e-06 0.5000503 0.8659964 1.487482e-06 0.5000503 0.8659964 -1.487482e-06 -0.5000503 -0.8659964 -1.487482e-06 -0.5000503 -0.8659964 0 0 0 8.542236e-15 0.258819 0.9659258 1.36455e-14 0.3826834 0.9238795 8.542236e-15 0.258819 0.9659258 -8.542236e-15 -0.258819 -0.9659258 -1.36455e-14 -0.3826834 -0.9238795 -8.542236e-15 -0.258819 -0.9659258 0 0 0 0 0 0 0 0 1 0 0 1 0 0 1 0 0 1 -0 -0 -1 -0 -0 -1 -0 -0 -1 -0 -0 -1 -0 1 -0 -0 1 -0 -0 1 -0 -0 1 -0 -0 1 -0 -0 1 -0 -0 1 -0 -0 1 -0 -0 1 -0 -0 1 -0 0 -1 0 0 -1 0 0 -1 0 0 -1 0 0 -1 0 0 -1 0 0 -1 0 0 -1 0 0 -1 0 0 -1 0 0 0 0 0 0 0 0 0 0 0 0 0 0 0 0 0 0 0 0 0 0 0 0 0 0 0 0 0 0 0 -1.58212e-14 -0.5 0.8660254 -1.196593e-14 -0.3826834 0.9238795 -1.58212e-14 -0.5 0.8660254 -8.17658e-15 -0.258819 0.9659258 -8.17658e-15 -0.258819 0.9659258 8.17658e-15 0.258819 -0.9659258 1.58212e-14 0.5 -0.8660254 8.17658e-15 0.258819 -0.9659258 1.196593e-14 0.3826834 -0.9238795 1.58212e-14 0.5 -0.8660254 0 0 0 0 0 0 0 0 0 -2.280587e-14 -0.7071068 0.7071068 -2.280587e-14 -0.7071068 0.7071068 2.280587e-14 0.7071068 -0.7071068 2.280587e-14 0.7071068 -0.7071068 0 0 0 -2.818052e-14 -0.8660254 0.5 -2.818052e-14 -0.8660254 0.5 2.818052e-14 0.8660254 -0.5 2.818052e-14 0.8660254 -0.5 0 0 0 -3.143129e-14 -0.9659258 0.258819 -3.143129e-14 -0.9659258 0.258819 3.143129e-14 0.9659258 -0.258819 3.143129e-14 0.9659258 -0.258819 0 0 0 -3.254006e-14 -1 0 -3.254006e-14 -1 0 3.254006e-14 1 -0 3.254006e-14 1 -0 0 0 0 -3.143129e-14 -0.9659258 -0.258819 -3.143129e-14 -0.9659258 -0.258819 3.143129e-14 0.9659258 0.258819 3.143129e-14 0.9659258 0.258819 0 0 0 -8.357174e-07 -0.8660416 -0.4999719 -8.357174e-07 -0.8660416 -0.4999719 8.357174e-07 0.8660416 0.4999719 8.357174e-07 0.8660416 0.4999719 0 0 0 4.649588e-07 -0.7073915 -0.706822 4.796562e-07 -0.7067526 -0.7074608 4.699715e-07 -0.7071736 -0.7070399 -4.649588e-07 0.7073915 0.706822 -4.699715e-07 0.7071736 0.7070399 -4.796562e-07 0.7067526 0.7074608 0 0 0 0 0 0 1.305621e-06 -0.5000584 -0.8659917 1.305621e-06 -0.5000584 -0.8659917 1.305621e-06 -0.5000584 -0.8659917 -1.305621e-06 0.5000584 0.8659917 -1.305621e-06 0.5000584 0.8659917 -1.305621e-06 0.5000584 0.8659917 0 0 0 0 0 0 -6.014068e-15 -0.258819 -0.9659258 -8.967341e-15 -0.3826834 -0.9238795 -6.014068e-15 -0.258819 -0.9659258 -6.014068e-15 -0.258819 -0.9659258 6.014068e-15 0.258819 0.9659258 6.014068e-15 0.258819 0.9659258 8.967341e-15 0.3826834 0.9238795 6.014068e-15 0.258819 0.9659258 0 0 0 0 0 0 0 0 0 0 0 -1 0 0 -1 0 0 -1 0 0 -1 -0 -0 1 -0 -0 1 -0 -0 1 -0 -0 1 -3.646376e-16 5.539146e-14 -1 -3.646376e-16 -6.24398e-10 -1 -3.646376e-16 6.315304e-14 -1 3.646376e-16 -6.315304e-14 1 3.646376e-16 6.24398e-10 1 3.646376e-16 -5.539146e-14 1 0 0 0 0 0 0 0 0 0 1 0 0 1 0 0 1 0 0 1 0 0 -1 -0 -0 -1 -0 -0 -1 -0 -0 -1 -0 -0 1 0 0 1 0 0 1 0 0 1 0 0 1 0 0 -1 -0 -0 -1 -0 -0 -1 -0 -0 -1 -0 -0 -1 -0 -0 0 0 0 -4.813794e-16 -1.465878e-14 1 -4.813794e-16 -1.091611e-14 1 4.813794e-16 1.465878e-14 -1 4.813794e-16 1.091611e-14 -1 0 0 0 -0 1 -0 -0 1 -0 0 -1 0 0 -1 0 0 0 0 0 0 0</float_array>
                    <technique_common>
                        <accessor count="2520" source="#ID25" stride="3">
                            <param name="X" type="float" />
                            <param name="Y" type="float" />
                            <param name="Z" type="float" />
                        </accessor>
                    </technique_common>
                </source>
                <source id="ID20">
                    <Name_array id="ID26" count="0" />
                    <technique_common>
                        <accessor count="0" source="#ID26" stride="1">
                            <param name="skp_material" type="Name" />
                        </accessor>
                    </technique_common>
                </source>
                <vertices id="ID21">
                    <input semantic="POSITION" source="#ID18" />
                    <input semantic="NORMAL" source="#ID19" />
                </vertices>
                <triangles count="943" material="Material2">
                    <input offset="0" semantic="VERTEX" source="#ID21" />
                    <p>0 1 2 1 0 3 3 0 4 15 16 17 16 15 18 18 15 19 4 28 3 28 4 29 29 30 31 30 29 32 32 29 4 32 4 0 32 0 33 33 0 34 49 50 51 50 49 52 52 49 53 52 53 54 64 9 65 9 64 66 9 66 67 9 67 68 9 68 69 9 69 8 8 69 7 70 71 72 71 70 73 71 73 74 74 73 75 74 75 76 74 76 77 74 77 65 50 105 51 105 50 106 106 50 107 107 50 108 116 117 118 117 116 16 16 116 17 124 125 126 125 124 127 125 127 128 128 127 129 129 127 130 130 127 131 131 127 132 132 127 133 133 127 134 133 134 135 135 134 136 136 134 137 137 134 138 138 134 139 139 134 140 140 134 141 141 134 142 134 127 143 143 127 144 87 184 88 184 87 31 31 87 3 31 3 29 29 3 28 19 187 18 187 19 188 188 19 189 194 195 196 195 194 197 197 194 198 198 194 199 199 194 200 200 194 201 215 216 217 216 215 218 224 225 226 225 224 227 228 229 230 229 228 225 229 225 227 229 227 231 229 231 232 232 231 233 251 252 253 252 251 243 243 251 241 243 241 239 239 241 240 260 261 262 261 260 263 261 263 264 261 264 256 261 256 254 261 254 265 265 254 230 265 232 261 232 265 230 232 230 229 276 277 278 277 276 279 279 276 280 287 288 289 288 287 86 288 86 85 288 85 290 290 85 83 299 75 73 75 299 76 76 299 300 76 300 301 76 301 77 77 301 302 77 302 65 65 302 303 65 303 64 64 303 66 66 303 304 66 304 67 67 304 305 67 305 68 65 317 74 317 65 318 318 65 319 319 65 320 320 65 9 320 9 321 321 9 322 322 9 323 337 338 339 338 337 340 340 337 341 80 349 350 349 80 84 349 84 86 355 340 341 340 355 356 356 355 357 356 357 358 277 365 366 365 277 367 367 277 279 107 371 106 371 107 372 376 377 378 377 376 379 385 386 387 388 389 390 389 388 391 391 388 387 391 387 386 387 388 392 188 405 187 405 188 406 406 409 405 409 406 410 409 413 414 413 409 410 417 418 419 418 417 420 420 425 418 425 420 426 426 278 425 278 426 276 366 429 430 429 366 431 431 366 365 436 437 438 437 436 439 445 446 447 446 448 449 448 446 450 450 446 451 451 446 445 450 451 452 464 465 466 465 464 467 473 474 475 474 473 476 482 483 484 483 482 485 485 482 486 485 486 487 498 499 500 499 498 501 507 508 509 508 507 510 516 517 518 517 516 519 524 525 526 525 524 527 525 527 528 528 529 525 540 541 542 541 540 543 541 543 544 541 544 545 541 545 546 541 546 547 560 561 562 561 563 564 563 561 560 573 560 562 560 573 574 560 574 575 575 574 581 582 573 583 573 582 581 573 581 574 527 583 528 583 527 524 583 524 582 582 524 581 589 590 591 590 589 592 592 589 593 601 602 603 602 601 604 604 601 605 613 614 615 614 613 616 616 613 617 617 613 618 618 613 619 619 613 620 635 636 637 636 635 638 638 635 639 638 639 640 638 640 641 638 641 642 638 642 643 638 643 226 226 643 644 226 644 645 226 645 646 226 646 224 603 670 671 670 603 672 672 603 602 678 243 651 243 678 679 243 679 680 243 680 253 243 253 252 601 687 605 687 601 688 688 601 689 694 695 696 695 694 697 697 694 698 697 698 699 697 699 700 700 699 638 700 638 262 262 638 683 262 683 260 260 683 263 263 683 682 263 682 264 264 682 681 264 681 256 302 291 292 291 302 301 291 301 300 291 300 299 291 299 73 350 715 716 715 350 717 717 350 349 717 349 287 287 349 86 717 287 289 289 718 717 718 289 288 727 728 729 728 727 730 372 736 371 736 372 737 737 741 736 741 737 742 745 746 747 746 745 748 748 754 746 754 748 755 755 339 754 339 755 337 759 760 761 760 759 762 761 760 763 761 763 764 761 764 765 765 764 766 765 766 767 779 780 781 780 779 782 782 779 783 782 783 784 782 784 785 782 785 786 782 786 787 782 787 788 782 788 789 789 788 790 789 790 791 789 791 792 789 792 793 789 793 794 789 794 795 789 795 796 789 796 797 782 789 798 782 798 799 829 830 831 830 829 832 837 838 839 838 837 840 845 846 847 846 845 848 848 845 849 850 849 845 849 850 851 851 850 852 851 852 853 853 852 854 854 852 855 855 852 856 856 852 857 856 857 858 858 857 859 860 849 851 890 891 892 891 890 893 899 900 901 902 900 903 900 902 901 903 900 904 903 904 905 903 905 906 920 921 922 921 920 923 929 930 931 930 929 932 930 932 933 933 932 934 935 936 937 936 935 938 938 935 934 938 934 932 931 939 940 939 931 930 940 939 941 940 941 942 967 968 969 968 967 819 819 967 802 802 967 970 526 977 978 977 526 979 979 526 529 529 526 525 978 985 986 985 978 987 987 978 979 979 978 977 986 993 994 993 987 995 987 993 986 987 986 985 1001 993 995 993 1001 1002 993 1002 994 994 1002 1003 1009 1001 1010 1001 1009 1011 1001 1011 1002 1002 1011 1012 1002 1012 1003 564 1020 1021 1020 564 563 1025 1026 1027 1026 1025 1028 1028 1029 1026 1020 1027 1021 1027 1020 1025 1037 1038 1039 1038 1037 1040 1040 1037 1041 1041 1037 1042 1041 1042 1043 1041 1043 1044 1057 1058 1059 1058 1057 1060 1065 1066 1067 1066 1065 1068 1073 1074 1075 1074 1073 1076 1083 1076 1073 1076 1083 1084 1088 1084 1083 1084 1088 1089 1028 1088 1029 1088 1028 1089 638 1093 636 1093 638 699 1093 699 698 1093 698 694 1093 694 696 1096 639 1097 639 1096 640 640 1096 641 641 1096 642 1097 639 635 1097 635 637 1102 1059 1103 1059 1102 1057 689 1103 688 1103 689 1102 1106 1107 1108 1107 1106 1109 1109 1106 1110 1117 1108 1118 1108 1117 1106 1068 1118 1066 1118 1068 1117 1121 1122 1123 1122 1121 1124 1122 1124 1125 1133 1134 1135 1134 1133 1110 1110 1133 1109 1135 1139 1140 1139 1135 1134 1143 1144 1145 1144 1143 1146 1146 1143 1147 1147 1143 1148 1155 1156 1157 1156 1155 1158 1163 1164 1165 1164 1163 1166 1173 1174 1175 1174 1173 1176 1176 1173 1177 1177 1173 1178 1177 1178 1179 1190 1191 1192 1191 1190 1193 1193 1190 1194 1202 1194 1190 1194 1202 1203 1203 1202 1204 1204 1202 1205 1211 1212 1213 1212 1211 1214 1214 1219 1212 1219 1214 1220 1220 1214 892 892 1214 890 1223 1224 1225 1224 1223 1226 1233 1234 1235 1234 1233 1236 1241 1242 1243 1242 1241 1244 1244 1241 1245 1254 1255 1256 1255 1254 1257 1263 1264 1265 1264 1263 1266 1266 1263 1267 1275 1276 1277 1276 1275 1278 1284 1285 1286 1285 1284 1287 1287 1284 1288 1296 1297 1298 1297 1296 1299 1305 1306 1307 1306 1305 1308 1308 1305 1309 969 1317 1318 1317 969 968 1322 1323 1324 1325 1326 1327 1326 1325 1328 1327 1326 1329 1326 1328 1330 1330 1328 1331 1331 1328 1332 1329 1333 1334 1333 1329 1326 1333 1326 1335 1334 1333 1323 1334 1323 1336 1336 1323 1322 1334 1336 1332 1334 1332 1328 1334 1328 1337 1355 1009 1356 1009 1355 1011 1011 1355 1357 1011 1357 1012 1363 1074 1364 1074 1363 1075 1368 1369 1370 1369 1368 1371 1371 1368 1372 1371 1372 1373 1373 1372 1374 1386 1368 1387 1368 1386 1372 1372 1386 1388 1372 1388 1374 1394 1386 1387 1386 1394 1395 1395 1388 1386 1394 1364 1395 1364 1394 1363 1369 1355 1356 1355 1369 1371 1355 1371 1357 1357 1371 1373 1399 1400 1401 1402 1403 1404 1403 1402 1405 1405 1402 1400 1405 1400 1399 1405 1399 1406 1405 1406 1407 1405 1407 1408 1405 1408 1409 1409 1408 1410 1409 1410 1411 1409 1411 1412 1409 1412 1413 1409 1413 1414 1409 1414 1415 1409 1415 1416 1409 1416 1417 1405 1409 1418 1405 1418 1419 1458 1459 1460 1459 1458 1461 1461 1458 1462 1462 1458 1463 1463 1458 1464 1464 1458 1465 1465 1458 1466 1466 1458 1467 1467 1458 1468 1467 1468 1469 1469 1468 1470 1470 1468 1471 1471 1468 1472 1472 1468 1473 1473 1468 1474 1474 1468 1475 1468 1458 1476 1476 1458 1477 1478 1475 1468 1517 1518 1519 1518 1517 1520 1525 1526 1527 1526 1525 1528 1528 1525 1529 1535 1536 1537 1536 1535 1538 1538 1535 1539 1545 1546 1547 1546 1545 1548 1553 1554 1555 1554 1553 1556 1561 1562 1563 1562 1561 1564 1569 1244 1245 1244 1569 1570 1570 1569 1571 1571 1569 1572 1581 1309 1305 1309 1581 1582 1582 1581 1583 1582 1583 1584 1556 1593 1554 1593 1556 1594 1594 1556 1595 1594 1595 1596 1595 1556 1597 1598 1596 1595 1598 1609 1596 1609 1598 1610 1609 1519 1611 1519 1609 1517 1517 1609 1610 1517 1610 1612 1619 1620 1621 1620 1619 1622 1628 1629 1630 1629 1628 1631 1637 1631 1628 1631 1637 1638 1638 1637 1639 1645 1639 1646 1639 1645 1638 1650 1646 1651 1646 1650 1645 1655 1651 1656 1651 1655 1650 1660 1656 1661 1656 1660 1655 1665 1666 1667 1666 1665 1668 1674 1667 1675 1667 1674 1665 1679 1675 1680 1675 1679 1674 1684 1685 1686 1685 1679 1680 1679 1685 1684 1684 1692 1693 1692 1684 1694 1694 1684 1686 1693 1700 1701 1700 1693 1702 1702 1693 1692 1708 1709 1710 1709 1708 1711 1716 1717 1718 1717 1716 1719 1725 1726 1727 1726 1725 1728 1734 1728 1725 1728 1734 1735 1735 1734 1736 1736 1742 1735 1742 1736 1743 1743 1736 1744 1743 1750 1742 1750 1743 1751 1751 1755 1750 1755 1751 1756 1756 1760 1755 1760 1756 1761 1765 1766 1767 1766 1765 1768 1768 1774 1766 1774 1768 1775 1775 1779 1774 1779 1775 1780 1780 1784 1779 1784 1780 1785 1785 1780 1786 1784 1792 1793 1792 1784 1794 1794 1784 1785 1793 1800 1801 1800 1793 1802 1802 1793 1792 1808 1809 1810 1809 1808 1811 1548 1816 1546 1816 1548 1817 1820 1821 1822 1821 1820 1823 1823 1820 1824 1831 1832 1833 1834 1835 1836 1835 1834 1837 1835 1837 1838 1837 1834 1839 1839 1834 1831 1832 1840 1841 1840 1832 1842 1842 1832 1831 1842 1831 1834 1838 1843 1844 1843 1838 1837 1844 1843 1845 1845 1843 1846 1844 1845 1847 1878 1879 1880 1879 1878 1881 1879 1881 1882 1879 1882 1883 1879 1883 1884 1879 1884 1885 1879 1885 1886 1900 1901 1902 1901 1900 1903 1910 1911 1912 1911 1910 1913 1919 1920 1921 1920 1919 1922 1921 1920 1923 1921 1923 1924 1921 1924 1925 1925 1924 1926 1925 1926 1927 1940 1941 1942 1941 1940 1943 1943 1940 1944 1943 1944 1945 1946 1947 1948 1947 1946 1949 1947 1949 1950 1950 1949 1951 1950 1951 1952 1952 1951 1953 1952 1953 1954 1954 1953 1942 1954 1942 1955 1955 1942 1941 1955 1941 1956 1955 1956 1957 1957 1956 1958 1957 1958 1959 1959 1958 1960 1959 1960 1961 1961 1960 1962 1993 1994 1995 1994 1993 1996 1994 1996 1997 1994 1997 1998 1994 1998 1999 2012 2013 2014 2013 2012 2015 2015 2012 2016 2016 2012 2017 2017 2012 2018 2018 2012 2019 2034 2035 2036 2035 2034 2037 2035 2037 2038 2038 2037 2039 2038 2039 2040 2050 2051 2052 2051 2050 2053 2053 2050 2054 2054 2050 2055 2055 2050 2056 2056 2050 2057 2056 2057 2058 2069 2070 2071 2070 2069 2072 2070 2072 2073 2079 2080 2081 2080 2079 2082 2080 2082 2083 2083 2084 2085 2084 2083 2082 2084 2082 2086 2084 2086 2087 2087 2086 2088 2103 2104 2105 2104 2103 2106 2104 2106 1884 1884 2106 2107 1884 2107 2108 2119 2120 2121 2120 2119 2122 2120 2122 2123 2123 2122 2124 2123 2124 2125 2125 2124 2126 2125 2126 2127 2127 2126 2128 2127 2128 2129 2129 2128 2130 2129 2130 2131 2131 2130 2132 2131 2132 2133 2133 2132 2114 2129 2111 2127 2111 2129 2131 2111 2131 2133 2111 2133 2114 2111 2114 2113 2156 2157 2158 2157 2156 2159 2159 2156 2160 2160 2156 2161 2161 2156 2162 2162 2156 2163 2176 2156 2158 2156 2176 2177 2156 2177 2178 2156 2178 2179 2156 2179 2180 2156 2180 2181 2194 2127 2195 2127 2194 2125 2125 2194 2123 2123 2194 2120 2120 2194 2121 2199 2200 2201 2200 2199 2195 2195 2199 2202 2195 2202 2194 2194 2202 2121 2208 2202 2199 2202 2208 2209 2202 2209 2121 2121 2209 2119 2119 2209 2122 2122 2209 2124 2124 2209 2126 2209 2214 2215 2214 2209 2208 2214 2208 2199 2215 2218 2219 2218 2215 2220 2220 2215 2214 2220 2214 2201 2201 2214 2199 2220 2200 2221 2200 2220 2201 2221 2200 2195 2230 1912 2231 1912 2230 1910 2234 2231 2235 2231 2234 2230 2238 2235 2239 2235 2238 2240 2234 2235 2240 2244 2238 2239 2238 2244 2245 2245 2244 2246 2245 2246 2247 1903 2252 1901 2252 1903 2253 2253 2257 2252 2257 2253 2258 2258 2262 2257 2262 2258 2263 2263 2258 2264 2268 2263 2264 2263 2268 2269 2269 2268 2270 2269 2270 2271 2277 2278 2279 2278 2277 2280 2280 2277 2281 2281 2277 2282 2281 2282 2283 2296 2279 2297 2279 2296 2277 2277 2296 2298 2277 2298 2282 2304 2296 2297 2296 2304 2298 2298 2304 2305 2305 2304 2306 2312 2306 2304 2306 2312 2305 2305 2312 2313 2313 2312 2314 2320 2314 2312 2314 2320 2313 2313 2320 2321 2321 2320 2322 2328 2322 2320 2322 2328 2321 2321 2328 2329 2329 2328 2330 2336 2330 2328 2330 2336 2329 2329 2336 2337 2337 2336 2338 2344 2338 2336 2338 2344 2337 2337 2344 2345 2346 2337 2345 2352 2344 2353 2344 2352 2345 2345 2352 2346 2357 2358 2359 2358 2357 2353 2353 2357 2352 2365 2366 2367 2366 2365 2368 2195 2373 2221 2373 2195 2127 2373 2127 2374 2374 2127 2375 2375 2127 2376 2376 2127 2377 2377 2127 2111 2377 2111 2378 2378 2111 2379 2379 2111 2380 2380 2111 2381 2381 2111 2382 2403 2404 2405 2404 2403 2406 2406 2403 2407 2416 2405 2417 2405 2416 2403 2416 2421 2422 2421 2416 2417 2422 2426 2427 2426 2422 2421 2427 2431 2432 2431 2427 2426 2432 2436 2437 2436 2432 2431 2437 2441 2442 2441 2437 2436 2442 2446 2447 2446 2441 2448 2441 2446 2442 2454 2448 2455 2448 2454 2446 2446 2454 2447 2447 2454 2456 2462 2463 2464 2463 2462 2455 2455 2462 2454 2454 2462 2465 2454 2465 2456 2473 2474 2475 2474 2473 2476 2281 2481 2280 2481 2281 2482 2482 2281 2483 2483 2281 2283 2490 1993 2491 1993 2490 2492 1993 2492 2493 2498 2499 2500 2499 2498 2501 2501 2498 2502 2509 2359 2510 2359 2509 2357 2221 2514 2515 2514 2221 2373 2514 2373 2374 2514 2374 2375 2514 2375 2376 2514 2376 2377 2407 2510 2406 2510 2407 2509 2482 2464 2481 2464 2482 2462 2462 2482 2465 2465 2482 2483</p>
                </triangles>
                <triangles count="943" material="Material3">
                    <input offset="0" semantic="VERTEX" source="#ID21" />
                    <p>5 6 7 7 6 8 9 8 6 20 21 22 22 21 23 24 23 21 35 6 36 36 6 37 6 5 37 5 38 37 37 38 39 40 39 38 38 5 41 7 41 5 55 56 57 56 58 57 57 58 59 60 59 58 78 79 80 79 81 80 81 82 80 82 83 80 80 83 84 83 85 84 86 84 85 3 87 1 1 87 2 87 88 2 88 89 2 89 90 2 90 91 2 78 2 91 109 59 110 110 59 111 111 59 112 60 112 59 24 119 23 23 119 120 121 120 119 145 146 147 147 146 148 149 148 150 150 148 151 151 148 152 152 148 153 153 148 154 154 148 155 155 148 156 156 148 157 148 146 157 157 146 158 158 146 159 159 146 160 160 146 161 161 146 162 162 146 163 146 164 163 165 163 164 41 7 38 38 7 40 7 69 40 40 69 185 68 185 69 190 20 191 191 20 192 22 192 20 202 203 204 204 203 205 205 203 206 206 203 207 207 203 208 209 208 203 219 220 221 222 221 220 234 235 236 236 235 237 235 238 237 238 239 237 239 240 237 241 237 240 238 242 239 243 239 242 228 230 225 225 230 226 230 254 226 226 254 255 256 255 254 241 251 266 266 251 267 251 253 267 253 268 267 268 269 267 269 270 267 271 267 270 237 241 236 241 266 236 267 236 266 281 282 283 283 282 284 285 284 282 73 70 291 291 70 292 70 72 292 72 293 292 294 292 293 88 306 89 306 307 89 89 307 90 307 308 90 90 308 91 91 308 78 308 309 78 78 309 79 309 310 79 79 310 81 310 311 81 311 312 81 81 312 82 83 82 312 324 2 325 325 2 326 326 2 327 2 78 327 327 78 328 328 78 329 329 78 330 80 330 78 342 343 344 344 343 345 346 345 343 72 71 351 71 74 351 352 351 74 359 360 361 360 362 361 361 362 344 342 344 362 283 284 368 368 284 369 370 369 284 373 110 374 111 374 110 380 381 382 383 382 381 393 394 395 396 395 397 395 394 397 397 394 398 399 398 394 395 396 400 407 191 408 192 408 191 411 407 412 408 412 407 411 412 415 416 415 412 421 422 423 424 423 422 427 421 428 423 428 421 282 427 285 428 285 427 369 370 432 432 370 433 434 433 370 440 441 442 443 442 441 453 454 455 456 457 454 454 457 455 455 457 458 459 458 457 460 457 456 468 469 470 471 470 469 477 478 479 480 479 478 488 489 490 489 491 490 490 491 492 493 492 491 502 503 504 505 504 503 511 512 513 514 513 512 520 521 522 523 522 521 530 531 532 532 533 530 533 534 530 535 530 534 548 549 550 549 551 550 551 552 550 552 553 550 553 554 550 555 550 554 565 566 567 568 567 566 569 566 565 576 577 565 577 578 565 569 565 578 577 584 578 584 585 578 586 578 585 584 577 576 584 534 585 585 534 586 534 533 586 532 586 533 594 595 596 596 595 597 598 597 595 606 607 608 608 607 609 610 609 607 621 622 623 623 622 624 624 622 625 625 622 626 626 622 627 628 627 622 242 647 243 647 648 243 648 649 243 649 650 243 243 650 651 650 652 651 652 653 651 653 654 651 654 655 651 655 656 651 651 656 657 658 657 656 609 610 673 673 610 674 675 674 610 255 256 226 256 681 226 681 682 226 682 683 226 638 226 683 690 607 691 691 607 692 606 692 607 253 680 268 680 679 268 268 679 269 679 678 269 269 678 270 270 678 271 678 651 271 271 651 701 651 702 701 701 702 703 702 704 703 704 705 703 703 705 706 707 706 705 83 312 290 312 311 290 311 310 290 310 309 290 288 290 309 292 294 719 720 719 294 294 293 720 72 351 293 293 351 720 351 352 720 720 352 721 722 721 352 731 732 733 734 733 732 738 373 739 374 739 373 743 738 744 739 744 738 749 750 751 752 751 750 756 749 757 751 757 749 343 756 346 757 346 756 768 769 770 769 771 770 770 771 772 771 773 772 773 774 772 775 776 774 772 774 776 800 801 802 801 803 802 804 805 803 805 806 803 806 807 803 807 808 803 808 809 803 809 810 803 810 811 803 811 812 803 803 812 802 812 813 802 813 814 802 814 815 802 815 816 802 816 817 802 817 818 802 802 818 819 820 819 818 833 834 835 836 835 834 841 842 843 844 843 842 861 862 863 864 865 866 866 865 867 865 868 867 867 868 869 869 868 870 870 868 871 871 868 861 868 872 861 861 872 862 873 862 872 862 873 874 874 873 875 876 875 873 894 895 896 897 896 895 907 908 909 908 910 909 910 911 909 912 913 911 909 911 913 912 911 914 924 925 926 927 926 925 943 944 945 944 946 945 947 948 946 945 946 948 949 950 951 950 952 951 951 952 953 954 953 952 950 949 955 955 949 947 949 956 947 948 947 956 971 972 782 782 972 780 780 972 973 974 973 972 530 535 531 531 535 980 980 535 981 982 981 535 981 982 980 980 982 988 988 982 989 990 989 982 989 990 988 990 996 988 997 988 996 998 996 990 1004 1005 998 998 1005 996 1005 1006 996 997 996 1006 1004 1013 1005 1013 1014 1005 1005 1014 1006 1014 1015 1006 1016 1006 1015 567 568 1022 1023 1022 568 1030 1031 1032 1032 1033 1030 1034 1030 1033 1033 1022 1034 1023 1034 1022 1045 1046 1047 1046 1048 1047 1048 1049 1047 1047 1049 1050 1050 1049 1051 1052 1051 1049 1061 1062 1063 1064 1063 1062 1069 1070 1071 1072 1071 1070 1077 1078 1079 1080 1079 1078 1085 1086 1077 1078 1077 1086 1090 1091 1085 1086 1085 1091 1090 1032 1091 1031 1091 1032 707 705 1094 705 704 1094 704 702 1094 702 651 1094 657 1094 651 658 656 1098 656 655 1098 652 1099 653 653 1099 654 654 1099 655 1098 655 1099 1062 1104 1064 1105 1064 1104 1104 690 1105 691 1105 690 1111 1112 1113 1113 1112 1114 1115 1114 1112 1112 1119 1115 1120 1115 1119 1119 1069 1120 1071 1120 1069 1126 1127 1128 1127 1129 1128 1130 1128 1129 1113 1136 1111 1111 1136 1137 1138 1137 1136 1137 1138 1141 1142 1141 1138 1149 1150 1151 1151 1150 1152 1152 1150 1153 1154 1153 1150 1159 1160 1161 1162 1161 1160 1167 1168 1169 1170 1169 1168 1180 1181 1182 1181 1183 1182 1182 1183 1184 1184 1183 1185 1186 1185 1183 1195 1196 1197 1197 1196 1198 1199 1198 1196 1206 1207 1208 1208 1207 1209 1209 1207 1195 1196 1195 1207 1215 1216 1217 1218 1217 1216 895 1215 897 897 1215 1221 1221 1215 1222 1217 1222 1215 1227 1228 1229 1230 1229 1228 1237 1238 1239 1240 1239 1238 1246 1247 1248 1248 1247 1249 1250 1249 1247 1258 1259 1260 1261 1260 1259 1268 1269 1270 1270 1269 1271 1272 1271 1269 1279 1280 1281 1282 1281 1280 1289 1290 1291 1291 1290 1292 1293 1292 1290 1300 1301 1302 1303 1302 1301 1310 1311 1312 1312 1311 1313 1314 1313 1311 973 974 1319 1320 1319 974 1338 1339 1340 1339 1341 1340 1341 1342 1340 1343 1344 1342 1342 1344 1340 1344 1345 1340 1346 1347 1345 1347 1348 1345 1340 1345 1348 1341 1339 1349 1349 1339 1350 1350 1339 1347 1348 1347 1351 1339 1352 1347 1351 1347 1352 1353 1344 1343 1013 1358 1014 1358 1359 1014 1014 1359 1015 1360 1015 1359 1080 1365 1079 1366 1079 1365 1375 1376 1377 1377 1376 1378 1376 1379 1378 1378 1379 1380 1381 1380 1379 1375 1389 1376 1389 1390 1376 1376 1390 1379 1391 1379 1390 1390 1389 1396 1396 1397 1390 1391 1390 1397 1365 1397 1366 1396 1366 1397 1377 1378 1358 1358 1378 1359 1378 1380 1359 1360 1359 1380 1420 1421 1422 1421 1423 1422 1424 1425 1423 1425 1426 1423 1426 1427 1423 1427 1428 1423 1428 1429 1423 1429 1430 1423 1430 1431 1423 1431 1432 1423 1423 1432 1422 1432 1433 1422 1433 1434 1422 1434 1435 1422 1435 1436 1422 1436 1437 1422 1422 1437 1438 1439 1438 1437 1440 1436 1435 1479 1480 1481 1482 1483 1484 1484 1483 1479 1480 1479 1485 1485 1479 1486 1486 1479 1487 1487 1479 1488 1488 1479 1489 1489 1479 1490 1490 1479 1491 1479 1483 1491 1491 1483 1492 1492 1483 1493 1493 1483 1494 1494 1483 1495 1495 1483 1496 1496 1483 1497 1497 1483 1498 1499 1498 1483 1521 1522 1523 1524 1523 1522 1530 1531 1532 1532 1531 1533 1534 1533 1531 1540 1541 1542 1542 1541 1543 1544 1543 1541 1549 1550 1551 1552 1551 1550 1557 1558 1559 1560 1559 1558 1565 1566 1567 1568 1567 1566 1573 1574 1575 1575 1574 1576 1576 1574 1248 1246 1248 1574 1585 1586 1587 1586 1588 1587 1587 1588 1310 1311 1310 1588 1599 1600 1601 1602 1557 1599 1600 1599 1603 1599 1557 1603 1603 1557 1604 1559 1604 1557 1613 1614 1522 1614 1615 1522 1522 1615 1524 1616 1524 1615 1614 1601 1615 1600 1615 1601 1623 1624 1625 1626 1625 1624 1632 1633 1634 1635 1634 1633 1640 1641 1642 1642 1641 1632 1633 1632 1641 1642 1647 1640 1648 1640 1647 1647 1652 1648 1653 1648 1652 1652 1657 1653 1658 1653 1657 1657 1662 1658 1663 1658 1662 1669 1670 1671 1672 1671 1670 1670 1676 1672 1677 1672 1676 1676 1681 1677 1682 1677 1681 1687 1688 1681 1682 1681 1688 1689 1688 1687 1689 1687 1695 1695 1687 1696 1697 1696 1687 1696 1697 1703 1703 1697 1704 1705 1704 1697 1712 1713 1714 1715 1714 1713 1720 1721 1722 1723 1722 1721 1729 1730 1731 1732 1731 1730 1737 1738 1739 1739 1738 1729 1730 1729 1738 1745 1737 1746 1746 1737 1747 1739 1747 1737 1752 1746 1753 1747 1753 1746 1757 1752 1758 1753 1758 1752 1762 1757 1763 1758 1763 1757 1769 1770 1771 1772 1771 1770 1776 1769 1777 1771 1777 1769 1781 1776 1782 1777 1782 1776 1787 1781 1788 1788 1781 1789 1782 1789 1781 1788 1789 1795 1795 1789 1796 1797 1796 1789 1796 1797 1803 1803 1797 1804 1805 1804 1797 1812 1813 1814 1815 1814 1813 1818 1549 1819 1551 1819 1549 1825 1826 1827 1827 1826 1828 1829 1828 1826 1848 1849 1850 1851 1852 1849 1849 1852 1850 1853 1854 1852 1850 1852 1854 1855 1856 1857 1856 1858 1857 1857 1858 1859 1860 1859 1858 1856 1855 1861 1861 1855 1853 1854 1853 1862 1853 1855 1862 1863 1862 1855 1864 1858 1856 1887 1888 1889 1888 1890 1889 1890 1891 1889 1891 1892 1889 1892 1893 1889 1893 1894 1889 1895 1889 1894 1904 1905 1906 1907 1906 1905 1914 1915 1916 1917 1916 1915 1928 1929 1930 1929 1931 1930 1930 1931 1932 1931 1933 1932 1933 1934 1932 1935 1936 1934 1932 1934 1936 1963 1964 1965 1965 1964 1966 1964 1967 1966 1966 1967 1968 1967 1969 1968 1968 1969 1970 1969 1971 1970 1971 1972 1970 1970 1972 1973 1972 1974 1973 1973 1974 1975 1974 1976 1975 1975 1976 1977 1976 1978 1977 1977 1978 1979 1978 1980 1979 1981 1979 1980 1982 1983 1984 1983 1985 1984 1984 1985 1971 1972 1971 1985 2000 2001 2002 2001 2003 2002 2003 2004 2002 2004 2005 2002 2006 2002 2005 2020 2021 2022 2022 2021 2023 2023 2021 2024 2024 2021 2025 2025 2021 2026 2027 2026 2021 2041 2042 2043 2042 2044 2043 2043 2044 2045 2044 2046 2045 2047 2045 2046 2059 2060 2061 2060 2062 2061 2061 2062 2063 2063 2062 2064 2064 2062 2065 2065 2062 2066 2067 2066 2062 2074 2075 2076 2075 2077 2076 2078 2076 2077 2089 2090 2091 2091 2090 2092 2090 2093 2092 2093 2094 2092 2095 2092 2094 2094 2093 2096 2093 2097 2096 2098 2096 2097 2109 2110 1890 2110 2111 1890 1890 2111 2112 2111 2113 2112 2114 2112 2113 2105 2134 2135 2135 2134 2136 2134 2137 2136 2136 2137 2138 2137 2139 2138 2138 2139 2140 2139 2141 2140 2140 2141 2142 2141 2143 2142 2142 2143 2144 2143 2145 2144 2144 2145 2146 2145 2147 2146 2148 2146 2147 2103 2105 2106 2105 2135 2106 2135 2136 2106 2136 2138 2106 2140 2106 2138 2164 2165 2166 2166 2165 2167 2167 2165 2168 2168 2165 2169 2169 2165 2170 2171 2170 2165 2182 2183 2165 2183 2184 2165 2184 2185 2165 2185 2186 2165 2186 2187 2165 2171 2165 2187 2148 2196 2146 2146 2196 2144 2144 2196 2142 2142 2196 2140 2197 2140 2196 2148 2203 2196 2196 2203 2197 2203 2204 2197 2197 2204 2205 2206 2205 2204 2141 2210 2143 2143 2210 2145 2145 2210 2147 2147 2210 2148 2148 2210 2203 2210 2211 2203 2204 2203 2211 2204 2211 2216 2211 2210 2216 2217 2216 2210 2197 2205 2222 2206 2223 2205 2222 2205 2223 2204 2216 2206 2206 2216 2223 2216 2217 2223 2223 2217 2224 2225 2224 2217 1915 2232 1917 2233 1917 2232 2232 2236 2233 2237 2233 2236 2241 2237 2236 2241 2242 2237 2243 2237 2242 2248 2249 2250 2249 2251 2250 2250 2251 2242 2243 2242 2251 2254 1904 2255 1906 2255 1904 2259 2254 2260 2255 2260 2254 2265 2259 2266 2266 2259 2267 2260 2267 2259 2272 2273 2274 2273 2275 2274 2274 2275 2266 2265 2266 2275 2284 2285 2286 2285 2287 2286 2286 2287 2288 2288 2287 2289 2290 2289 2287 2285 2299 2287 2299 2300 2287 2287 2300 2290 2301 2290 2300 2307 2308 2309 2309 2308 2299 2299 2308 2300 2301 2300 2308 2315 2316 2317 2317 2316 2309 2309 2316 2307 2308 2307 2316 2323 2324 2325 2325 2324 2317 2317 2324 2315 2316 2315 2324 2331 2332 2333 2333 2332 2325 2325 2332 2323 2324 2323 2332 2339 2340 2341 2341 2340 2333 2333 2340 2331 2332 2331 2340 2347 2341 2348 2347 2349 2341 2341 2349 2339 2340 2339 2349 2348 2354 2347 2347 2354 2349 2355 2349 2354 2354 2360 2355 2355 2360 2361 2362 2361 2360 2369 2370 2371 2372 2371 2370 2383 2106 2384 2384 2106 2385 2385 2106 2386 2386 2106 2387 2387 2106 2388 2106 2140 2388 2388 2140 2389 2389 2140 2390 2390 2140 2391 2391 2140 2392 2140 2197 2392 2222 2392 2197 2408 2409 2410 2410 2409 2411 2412 2411 2409 2409 2418 2412 2419 2412 2418 2419 2418 2423 2424 2423 2418 2423 2424 2428 2429 2428 2424 2428 2429 2433 2434 2433 2429 2433 2434 2438 2439 2438 2434 2438 2439 2443 2444 2443 2439 2444 2449 2443 2450 2443 2449 2451 2449 2444 2457 2458 2451 2451 2458 2449 2449 2458 2450 2459 2450 2458 2457 2466 2458 2466 2467 2458 2458 2467 2459 2459 2467 2468 2469 2468 2467 2477 2478 2479 2480 2479 2478 2284 2286 2484 2484 2286 2485 2485 2286 2486 2288 2486 2286 2494 2495 2005 2495 2496 2005 2497 2005 2496 2503 2504 2505 2505 2504 2506 2507 2506 2504 2360 2511 2362 2512 2362 2511 2388 2389 2516 2389 2390 2516 2390 2391 2516 2391 2392 2516 2392 2222 2516 2517 2516 2222 2511 2408 2512 2410 2512 2408 2484 2485 2466 2466 2485 2467 2467 2485 2469 2486 2469 2485</p>
                </triangles>
                <lines count="725" material="Material4">
                    <input offset="0" semantic="VERTEX" source="#ID21" />
                    <p>10 11 11 12 12 13 14 13 14 10 25 26 25 10 11 27 26 27 42 11 43 14 44 43 44 45 45 46 46 47 47 48 42 48 42 61 61 62 62 63 12 63 92 93 94 92 95 94 96 95 97 96 98 97 99 98 100 99 101 100 27 101 13 97 97 102 102 103 103 104 93 104 63 113 113 114 115 114 13 115 122 25 122 123 123 14 166 167 122 167 26 168 168 169 169 170 170 171 171 172 172 173 173 174 174 175 175 176 176 177 177 178 178 179 179 180 181 180 181 182 182 183 183 166 186 101 47 186 101 193 168 193 171 210 171 211 211 47 212 48 212 213 213 214 210 214 48 223 61 223 244 62 245 223 246 245 247 246 248 247 248 249 250 249 250 244 245 257 257 258 259 258 62 259 258 272 273 113 274 273 275 274 272 275 113 250 174 286 286 92 175 93 295 296 297 295 104 297 92 298 298 296 313 286 314 313 211 314 315 211 316 315 193 316 331 102 115 332 332 333 333 334 334 335 335 336 336 331 331 347 347 348 103 348 102 353 104 354 354 353 348 363 363 364 297 364 176 354 114 375 332 375 167 384 123 384 401 402 334 401 384 334 403 166 404 403 402 404 169 316 170 315 172 314 173 313 353 435 177 435 435 444 178 444 334 444 461 401 462 461 463 462 463 179 472 463 180 472 181 481 481 472 494 495 494 181 182 496 497 496 497 495 506 182 481 506 506 515 515 183 403 515 536 537 537 538 538 210 539 171 536 539 296 211 171 556 556 557 557 558 558 559 295 559 570 571 571 572 48 572 570 212 579 570 580 213 579 580 587 579 588 214 587 588 537 587 599 223 600 599 600 572 611 612 612 259 611 244 629 245 630 629 631 630 632 631 633 632 634 633 223 634 659 629 659 660 661 660 662 661 663 662 664 663 665 664 666 665 667 666 668 667 669 668 246 669 676 611 677 250 676 677 684 629 685 684 686 685 258 686 612 693 693 686 629 708 273 709 709 710 710 711 711 712 713 712 714 713 708 714 353 723 296 724 724 725 725 726 726 723 364 735 295 735 375 740 333 740 740 401 401 753 335 753 753 758 336 758 758 347 363 777 777 778 778 461 821 462 822 821 823 822 824 823 825 824 826 825 630 826 827 630 828 827 693 828 676 404 677 402 821 778 877 878 877 879 879 880 880 881 881 882 883 882 884 883 885 884 885 481 886 494 886 887 888 887 889 888 878 889 495 898 886 898 915 916 916 917 918 917 496 918 506 919 919 915 918 928 928 497 957 958 957 959 959 960 960 961 961 962 962 963 963 964 964 965 965 898 966 928 958 966 975 885 975 976 976 919 983 536 984 556 983 984 991 983 992 557 991 992 999 991 1000 558 999 1000 1007 999 1008 559 1007 1008 1017 1007 1018 295 1019 1018 1017 1019 571 1024 1024 600 1035 1036 1036 634 1035 599 1024 1035 630 1053 735 659 1054 735 1055 1054 1056 1055 1053 1056 827 684 826 708 1081 1082 1082 630 1081 631 1087 1081 1087 632 1092 1087 1092 633 1036 1092 712 1095 1095 659 1100 665 660 1101 1101 1100 828 685 823 1116 712 1116 824 713 825 714 1018 1131 1132 1131 735 1132 822 777 1116 363 917 877 966 878 916 879 879 1171 1172 1171 877 1172 1187 1188 1189 1188 1189 880 1187 915 882 1200 880 1201 1200 1201 1210 885 1210 1200 958 889 889 886 965 957 917 1231 1232 1231 916 1232 976 1187 1251 1252 1252 1253 1253 959 1251 957 1253 1262 1262 960 1262 1273 1273 1274 1274 961 1274 1283 1283 962 1283 1294 1294 1295 1295 963 1295 1304 1304 964 1304 1315 1315 1316 1316 965 1321 975 1321 1210 1321 1354 1188 1354 1361 1017 1362 1131 1361 1362 1082 1367 1367 1053 1382 1383 1383 1384 1384 1132 1385 1054 1382 1385 1392 1382 1393 1055 1392 1393 1398 1392 1398 1056 1367 1398 1383 1361 1441 1442 1231 1441 1443 1172 1444 1443 1445 1444 1446 1445 1447 1446 1448 1447 1449 1448 1450 1449 1451 1450 1452 1451 1453 1452 1454 1453 1455 1454 1456 1455 1457 1456 1457 1442 1500 1501 1171 1500 1502 1232 1503 1502 1504 1503 1504 1505 1505 1506 1506 1507 1507 1508 1508 1509 1509 1510 1510 1511 1511 1512 1512 1513 1513 1514 1514 1515 1515 1516 1516 1501 1500 1443 1354 1201 1316 1251 1502 1441 1578 1251 1579 1578 1579 1580 1589 1316 1592 1591 1592 1589 1605 1606 1606 1503 1442 1607 1607 1608 1608 1605 1608 1617 1444 1617 1501 1618 1618 1605 1627 1617 1445 1627 1636 1627 1446 1636 1643 1636 1644 1643 1447 1644 1649 1644 1448 1649 1654 1649 1449 1654 1659 1654 1450 1659 1664 1659 1451 1664 1673 1664 1452 1673 1678 1673 1453 1678 1683 1678 1454 1683 1690 1683 1691 1690 1455 1691 1698 1691 1699 1698 1456 1699 1706 1699 1707 1706 1457 1707 1707 1607 1724 1606 1504 1724 1724 1733 1505 1733 1733 1740 1740 1741 1506 1741 1741 1748 1748 1749 1507 1749 1749 1754 1508 1754 1754 1759 1509 1759 1759 1764 1510 1764 1764 1773 1511 1773 1773 1778 1512 1778 1778 1783 1513 1783 1783 1790 1790 1791 1514 1791 1791 1798 1798 1799 1515 1799 1799 1806 1806 1807 1516 1807 1807 1618 1578 1589 1592 1830 1830 1579 1865 1866 1866 1867 1868 1867 1869 1868 1577 1871 1871 1872 1872 1873 1873 1874 1874 1875 1875 1590 1877 1865 1896 1605 1897 1896 1898 1897 1899 1898 1740 1899 1608 1908 1908 1909 1605 1909 1918 1608 1918 1896 1908 1937 1937 1938 1938 1939 1939 1643 1986 1987 1986 1988 1989 1988 1990 1989 1991 1990 1690 1991 1992 1918 1987 1992 2007 1664 2007 2008 2009 2008 2010 2009 2011 2010 1451 2011 1451 2028 2028 2029 2030 2029 2031 2030 2031 2032 2033 2032 1664 2033 2048 1698 2049 1690 2033 2049 2048 2032 2068 1986 1698 2068 1706 1986 2099 2033 2100 2099 2101 2100 2101 2102 2102 1706 2115 1748 2116 2115 2116 2117 2118 2117 2118 1740 1748 2149 2150 1790 2151 2150 2152 2151 2153 2152 2154 2153 2155 2154 2149 2155 1764 2116 2117 2172 2172 2173 2173 2174 2174 2175 2175 1510 1510 2188 2188 2189 2189 2190 2190 2191 2191 2192 2192 2193 2193 1764 2198 2193 1790 2198 2207 2192 1798 2207 2212 1798 2213 2212 2213 2153 1806 2213 2193 2226 2226 2227 2227 2228 2228 2229 2229 1806 1992 1897 1987 1898 2068 1899 2048 2118 1937 2256 1909 2256 1938 2261 2256 2261 1939 2212 2261 2213 1643 2276 2276 2207 2291 2292 2291 2293 2293 2294 2294 2007 2295 2008 2292 2295 2292 2302 2303 2009 2302 2303 2302 2310 2311 2010 2310 2311 2310 2318 2319 2011 2318 2319 2318 2326 2327 1451 2326 2327 2326 2334 2335 2028 2334 2335 2334 2342 2343 2029 2342 2343 2342 2350 2351 2030 2350 2351 2350 2356 2356 2031 2356 2363 2032 2364 2363 2364 2032 2117 2393 2116 2393 2394 2394 2395 2395 2396 2396 2397 2397 2398 2398 2399 2399 2400 2400 2401 2401 2402 2402 2226 2413 2414 2413 2415 2415 2117 2414 2172 2414 2420 2420 2173 2420 2425 2425 2174 2425 2430 2430 2175 2430 2435 2435 1510 2435 2440 2440 2188 2440 2445 2445 2189 2445 2452 2453 2190 2452 2453 2452 2460 2461 2191 2460 2461 2460 2470 2192 2471 2472 2471 2470 2472 2276 2007 2007 2192 2487 2291 2487 2488 2488 2489 2294 2489 2471 2489 2508 2364 2508 2415 2363 2513 2513 2508 2226 2518 2519 2398 2518 2519 2513 2413 2470 2487</p>
                </lines>
                <lines count="9" material="Material5">
                    <input offset="0" semantic="VERTEX" source="#ID21" />
                    <p>1315 1252 1577 1252 1580 1577 1590 1315 1591 1590 1869 1870 1580 1870 1591 1876 1877 1876</p>
                </lines>
            </mesh>
        </geometry>
        <geometry id="ID27">
            <mesh>
                <source id="ID28">
                    <float_array id="ID32" count="72">26.77794 2.333333 148.0649 26.48505 2.333333 148.2929 26.19461 2.333333 148.0649 26.64397 2.333333 148.5 26.74387 2.333333 148.7412 26.77794 2.333333 149 26.27794 2.333333 148.134 26.15294 2.333333 148.0822 26.15294 2.333333 148.0822 26.27794 2.333333 148.134 26.19461 2.333333 148.0649 26.48505 2.333333 148.2929 26.77794 2.333333 149 26.77794 2.333333 148.0649 26.74387 2.333333 148.7412 26.64397 2.333333 148.5 26.77794 2.333333 148.0649 26.77794 2.333333 149 26.74387 2.333333 148.7412 26.64397 2.333333 148.5 26.48505 2.333333 148.2929 26.27794 2.333333 148.134 26.15294 2.333333 148.0822 26.19461 2.333333 148.0649</float_array>
                    <technique_common>
                        <accessor count="24" source="#ID32" stride="3">
                            <param name="X" type="float" />
                            <param name="Y" type="float" />
                            <param name="Z" type="float" />
                        </accessor>
                    </technique_common>
                </source>
                <source id="ID29">
                    <float_array id="ID33" count="72">6.354056e-14 -1 -1.262426e-13 6.354056e-14 -1 -1.262426e-13 6.354056e-14 -1 -1.262426e-13 6.354056e-14 -1 -1.262426e-13 6.354056e-14 -1 -1.262426e-13 6.354056e-14 -1 -1.262426e-13 6.354056e-14 -1 -1.262426e-13 6.354056e-14 -1 -1.262426e-13 -6.354056e-14 1 1.262426e-13 -6.354056e-14 1 1.262426e-13 -6.354056e-14 1 1.262426e-13 -6.354056e-14 1 1.262426e-13 -6.354056e-14 1 1.262426e-13 -6.354056e-14 1 1.262426e-13 -6.354056e-14 1 1.262426e-13 -6.354056e-14 1 1.262426e-13 0 0 0 0 0 0 0 0 0 0 0 0 0 0 0 0 0 0 0 0 0 0 0 0</float_array>
                    <technique_common>
                        <accessor count="24" source="#ID33" stride="3">
                            <param name="X" type="float" />
                            <param name="Y" type="float" />
                            <param name="Z" type="float" />
                        </accessor>
                    </technique_common>
                </source>
                <source id="ID30">
                    <Name_array id="ID34" count="0" />
                    <technique_common>
                        <accessor count="0" source="#ID34" stride="1">
                            <param name="skp_material" type="Name" />
                        </accessor>
                    </technique_common>
                </source>
                <vertices id="ID31">
                    <input semantic="POSITION" source="#ID28" />
                    <input semantic="NORMAL" source="#ID29" />
                </vertices>
                <triangles count="6" material="Material2">
                    <input offset="0" semantic="VERTEX" source="#ID31" />
                    <p>0 1 2 1 0 3 3 0 4 4 0 5 2 1 6 2 6 7</p>
                </triangles>
                <triangles count="6" material="Material3">
                    <input offset="0" semantic="VERTEX" source="#ID31" />
                    <p>8 9 10 9 11 10 12 13 14 14 13 15 15 13 11 10 11 13</p>
                </triangles>
                <lines count="8" material="Material4">
                    <input offset="0" semantic="VERTEX" source="#ID31" />
                    <p>16 17 17 18 18 19 19 20 20 21 21 22 22 23 23 16</p>
                </lines>
            </mesh>
        </geometry>
        <geometry id="ID35">
            <mesh>
                <source id="ID36">
                    <float_array id="ID40" count="72">26.77794 2.333333 149.9351 26.74387 2.333333 149.2588 26.77794 2.333333 149 26.64397 2.333333 149.5 26.48505 2.333333 149.7071 26.27794 2.333333 149.866 26.15294 2.333333 149.9178 26.19461 2.333333 149.9351 26.19461 2.333333 149.9351 26.77794 2.333333 149.9351 26.15294 2.333333 149.9178 26.27794 2.333333 149.866 26.48505 2.333333 149.7071 26.64397 2.333333 149.5 26.74387 2.333333 149.2588 26.77794 2.333333 149 26.19461 2.333333 149.9351 26.15294 2.333333 149.9178 26.27794 2.333333 149.866 26.48505 2.333333 149.7071 26.64397 2.333333 149.5 26.74387 2.333333 149.2588 26.77794 2.333333 149 26.77794 2.333333 149.9351</float_array>
                    <technique_common>
                        <accessor count="24" source="#ID40" stride="3">
                            <param name="X" type="float" />
                            <param name="Y" type="float" />
                            <param name="Z" type="float" />
                        </accessor>
                    </technique_common>
                </source>
                <source id="ID37">
                    <float_array id="ID41" count="72">6.354056e-14 -1 1.262426e-13 6.354056e-14 -1 1.262426e-13 6.354056e-14 -1 1.262426e-13 6.354056e-14 -1 1.262426e-13 6.354056e-14 -1 1.262426e-13 6.354056e-14 -1 1.262426e-13 6.354056e-14 -1 1.262426e-13 6.354056e-14 -1 1.262426e-13 -6.354056e-14 1 -1.262426e-13 -6.354056e-14 1 -1.262426e-13 -6.354056e-14 1 -1.262426e-13 -6.354056e-14 1 -1.262426e-13 -6.354056e-14 1 -1.262426e-13 -6.354056e-14 1 -1.262426e-13 -6.354056e-14 1 -1.262426e-13 -6.354056e-14 1 -1.262426e-13 0 0 0 0 0 0 0 0 0 0 0 0 0 0 0 0 0 0 0 0 0 0 0 0</float_array>
                    <technique_common>
                        <accessor count="24" source="#ID41" stride="3">
                            <param name="X" type="float" />
                            <param name="Y" type="float" />
                            <param name="Z" type="float" />
                        </accessor>
                    </technique_common>
                </source>
                <source id="ID38">
                    <Name_array id="ID42" count="0" />
                    <technique_common>
                        <accessor count="0" source="#ID42" stride="1">
                            <param name="skp_material" type="Name" />
                        </accessor>
                    </technique_common>
                </source>
                <vertices id="ID39">
                    <input semantic="POSITION" source="#ID36" />
                    <input semantic="NORMAL" source="#ID37" />
                </vertices>
                <triangles count="6" material="Material2">
                    <input offset="0" semantic="VERTEX" source="#ID39" />
                    <p>0 1 2 1 0 3 3 0 4 4 0 5 5 0 6 6 0 7</p>
                </triangles>
                <triangles count="6" material="Material3">
                    <input offset="0" semantic="VERTEX" source="#ID39" />
                    <p>8 9 10 10 9 11 11 9 12 12 9 13 13 9 14 15 14 9</p>
                </triangles>
                <lines count="8" material="Material4">
                    <input offset="0" semantic="VERTEX" source="#ID39" />
                    <p>16 17 17 18 18 19 19 20 20 21 21 22 22 23 16 23</p>
                </lines>
            </mesh>
        </geometry>
        <geometry id="ID43">
            <mesh>
                <source id="ID44">
                    <float_array id="ID52" count="1782">141.4654 15 30 142.7779 17 30 148.2779 15 30 142.7779 57 30 147.7779 17 30 148.2779 17 30 141.4654 59 30 148.2779 59 30 147.7779 57 30 148.2779 57 30 148.2779 57 30 148.2779 59 30 147.7779 57 30 142.7779 57 30 141.4654 59 30 141.4654 15 30 148.2779 17 30 147.7779 17 30 148.2779 15 30 142.7779 17 30 142.7779 57 30 142.7779 17 30 147.7779 17 30 148.2779 17 30 148.2779 15 30 141.4654 15 30 141.4654 59 30 148.2779 59 30 148.2779 57 30 147.7779 57 30 142.7779 57 30 142.7779 21.74959 61.08824 142.7779 17 30 142.7779 52.25041 61.08824 142.7779 52.25041 61.08824 142.7779 57 30 142.7779 21.74959 61.08824 142.7779 17 30 142.7779 52.25041 61.08824 142.7779 21.74959 61.08824 142.7779 21.74959 61.08824 147.7779 17 30 142.7779 17 30 147.7779 21.74959 61.08824 147.7779 21.74959 61.08824 142.7779 21.74959 61.08824 147.7779 17 30 142.7779 17 30 147.7779 21.74959 61.08824 151.4282 19.47948 45.54412 148.2779 17 30 147.7779 17 30 147.7779 17 30 148.2779 17 30 151.4282 19.47948 45.54412 151.4282 19.47948 45.54412 226.7779 59.25 19.5 148.2779 57 30 148.2779 59 30 180.2431 57.1018 25.72441 180.2431 16.8982 25.72441 148.2779 15 30 148.2779 17 30 226.7779 14.75 19.5 226.7779 59.25 19.5 180.2431 16.8982 25.72441 226.7779 14.75 19.5 148.2779 15 30 148.2779 17 30 180.2431 57.1018 25.72441 148.2779 57 30 148.2779 59 30 226.7779 14.75 19.5 226.7779 59.25 19.5 180.2431 16.8982 25.72441 180.2431 57.1018 25.72441 141.4654 11.5 9 148.2779 15 30 148.2779 11.5 9 141.4654 15 30 141.4654 15 30 141.4654 11.5 9 148.2779 15 30 148.2779 11.5 9 148.2779 11.5 9 141.4654 11.5 9 141.4654 62.5 0 141.4654 11.5 9 141.4654 11.5 4.440892e-16 141.4654 15 30 141.4654 59 30 141.4654 62.5 9 141.4654 62.5 9 141.4654 62.5 0 141.4654 59 30 141.4654 15 30 141.4654 11.5 9 141.4654 11.5 4.440892e-16 141.4654 11.5 4.440892e-16 141.4654 62.5 0 141.4654 62.5 9 148.2779 59 30 141.4654 62.5 9 148.2779 62.5 9 141.4654 59 30 141.4654 59 30 148.2779 59 30 141.4654 62.5 9 148.2779 62.5 9 148.2779 62.5 9 151.4282 54.52052 45.54412 147.7779 57 30 148.2779 57 30 148.2779 57 30 147.7779 57 30 151.4282 54.52052 45.54412 151.4282 54.52052 45.54412 147.7779 52.25041 61.08824 142.7779 57 30 147.7779 57 30 142.7779 52.25041 61.08824 142.7779 52.25041 61.08824 147.7779 52.25041 61.08824 142.7779 57 30 147.7779 57 30 147.7779 52.25041 61.08824 142.7779 52.25041 61.08824 140.9306 25.34922 84.64942 142.7779 21.74959 61.08824 140.9306 48.65078 84.64942 140.9306 48.65078 84.64942 142.7779 52.25041 61.08824 140.9306 25.34922 84.64942 142.7779 21.74959 61.08824 140.9306 48.65078 84.64942 140.9306 25.34922 84.64942 140.9306 25.34922 84.64942 147.7779 21.74959 61.08824 142.7779 21.74959 61.08824 142.7779 21.74959 61.08824 147.7779 21.74959 61.08824 140.9306 25.34922 84.64942 147.7779 21.74959 61.08824 151.4282 19.47948 45.54412 147.7779 17 30 155.0784 21.95895 61.08824 155.0784 21.95895 61.08824 147.7779 21.74959 61.08824 151.4282 19.47948 45.54412 147.7779 17 30 155.0784 21.95895 61.08824 151.4282 19.47948 45.54412 157.3909 19.46865 45.08931 148.2779 17 30 148.2779 17 30 157.3909 19.46865 45.08931 151.4282 19.47948 45.54412 157.3909 19.46865 45.08931 226.7779 14.75 19.5 226.7779 13 0 226.7779 13 9 226.7779 61 0 226.7779 59.25 19.5 226.7779 61 9 226.7779 61 9 226.7779 59.25 19.5 226.7779 61 0 226.7779 14.75 19.5 226.7779 13 0 226.7779 13 9 226.7779 13 0 226.7779 13 9 226.7779 61 9 226.7779 61 0 148.2779 15 30 226.7779 13 9 148.2779 11.5 9 226.7779 14.75 19.5 226.7779 14.75 19.5 148.2779 15 30 226.7779 13 9 148.2779 11.5 9 157.3909 19.46865 45.08931 180.2431 16.8982 25.72441 148.2779 17 30 148.2779 17 30 180.2431 16.8982 25.72441 157.3909 19.46865 45.08931 178.6156 19.44888 42.68127 180.2431 57.1018 25.72441 180.2431 16.8982 25.72441 176.9881 21.99957 59.63814 175.1344 24.90489 78.95268 175.1344 49.09511 78.95268 176.9881 52.00043 59.63814 178.6156 54.55112 42.68127 178.6156 54.55112 42.68127 176.9881 52.00043 59.63814 180.2431 57.1018 25.72441 175.1344 49.09511 78.95268 175.1344 24.90489 78.95268 176.9881 21.99957 59.63814 178.6156 19.44888 42.68127 180.2431 16.8982 25.72441 178.6156 19.44888 42.68127 176.9881 21.99957 59.63814 175.1344 24.90489 78.95268 175.1344 49.09511 78.95268 176.9881 52.00043 59.63814 178.6156 54.55112 42.68127 157.3909 54.53135 45.08931 148.2779 57 30 180.2431 57.1018 25.72441 180.2431 57.1018 25.72441 148.2779 57 30 157.3909 54.53135 45.08931 157.3909 54.53135 45.08931 226.7779 59.25 19.5 148.2779 62.5 9 226.7779 61 9 148.2779 59 30 148.2779 59 30 226.7779 59.25 19.5 148.2779 62.5 9 226.7779 61 9 141.4654 11.5 9 142.5279 11.5 4.440892e-16 141.4654 11.5 4.440892e-16 148.2779 11.5 9 148.2779 11.5 9 141.4654 11.5 9 142.5279 11.5 4.440892e-16 141.4654 11.5 4.440892e-16 142.5279 11.5 4.440892e-16 142.5279 11.5 4.440892e-16 141.4654 62.5 0 141.4654 11.5 4.440892e-16 142.5279 62.5 0 148.2779 11.60237 2.068902e-16 148.2779 62.39763 0 226.7779 13 0 226.7779 61 0 226.7779 61 0 226.7779 13 0 148.2779 62.39763 0 148.2779 11.60237 2.068902e-16 142.5279 62.5 0 142.5279 11.5 4.440892e-16 141.4654 62.5 0 141.4654 11.5 4.440892e-16 148.2779 62.39763 0 142.5279 62.5 0 148.2779 11.60237 2.068902e-16 148.2779 62.5 9 141.4654 62.5 0 142.5279 62.5 0 141.4654 62.5 9 141.4654 62.5 9 148.2779 62.5 9 141.4654 62.5 0 142.5279 62.5 0 151.4282 54.52052 45.54412 148.2779 57 30 157.3909 54.53135 45.08931 157.3909 54.53135 45.08931 148.2779 57 30 151.4282 54.52052 45.54412 151.4282 54.52052 45.54412 147.7779 52.25041 61.08824 147.7779 57 30 155.0784 52.04105 61.08824 155.0784 52.04105 61.08824 151.4282 54.52052 45.54412 147.7779 52.25041 61.08824 147.7779 57 30 155.0784 52.04105 61.08824 140.9306 48.65078 84.64942 142.7779 52.25041 61.08824 147.7779 52.25041 61.08824 147.7779 52.25041 61.08824 142.7779 52.25041 61.08824 140.9306 48.65078 84.64942 140.9306 48.65078 84.64942 144.0592 26.49919 89.55148 140.9306 25.34922 84.64942 144.0592 34 89.55148 144.0592 40 89.55148 144.0592 47.50081 89.55148 144.0592 47.50081 89.55148 140.9306 48.65078 84.64942 144.0592 40 89.55148 144.0592 34 89.55148 144.0592 26.49919 89.55148 140.9306 25.34922 84.64942 144.0592 47.50081 89.55148 144.0592 40 89.55148 144.0592 34 89.55148 144.0592 26.49919 89.55148 144.0592 26.49919 89.55148 147.7779 21.74959 61.08824 140.9306 25.34922 84.64942 140.9306 25.34922 84.64942 147.7779 21.74959 61.08824 144.0592 26.49919 89.55148 144.0592 26.49919 89.55148 155.0784 21.95895 61.08824 147.7779 21.74959 61.08824 147.7779 21.74959 61.08824 155.0784 21.95895 61.08824 144.0592 26.49919 89.55148 155.0784 21.95895 61.08824 157.3909 19.46865 45.08931 151.4282 19.47948 45.54412 151.4282 19.47948 45.54412 157.3909 19.46865 45.08931 155.0784 21.95895 61.08824 226.7779 13 9 226.7779 13 0 148.2779 11.5 9 148.2779 11.5 9 226.7779 13 0 226.7779 13 9 148.2779 62.5 9 226.7779 61 0 226.7779 61 9 226.7779 61 9 226.7779 61 0 148.2779 62.5 9 157.3909 19.46865 45.08931 178.6156 19.44888 42.68127 180.2431 16.8982 25.72441 180.2431 16.8982 25.72441 178.6156 19.44888 42.68127 157.3909 19.46865 45.08931 159.7034 21.95895 61.08824 176.9881 21.99957 59.63814 178.6156 19.44888 42.68127 178.6156 19.44888 42.68127 176.9881 21.99957 59.63814 159.7034 21.95895 61.08824 159.7034 21.95895 61.08824 176.9881 21.99957 59.63814 171.6769 25.30347 81.60238 175.1344 24.90489 78.95268 161.3046 26.49919 89.55148 161.3046 26.49919 89.55148 176.9881 21.99957 59.63814 171.6769 25.30347 81.60238 175.1344 24.90489 78.95268 161.3046 26.49919 89.55148 171.6769 25.30347 81.60238 175.1344 49.09511 78.95268 171.6769 40.25 81.60238 171.6769 48.69653 81.60238 171.6769 33.75 81.60238 171.6769 25.30347 81.60238 175.1344 24.90489 78.95268 175.1344 24.90489 78.95268 175.1344 49.09511 78.95268 171.6769 25.30347 81.60238 171.6769 33.75 81.60238 171.6769 40.25 81.60238 171.6769 48.69653 81.60238 171.6769 33.75 81.60238 171.6769 40.25 81.60238 171.6769 48.69653 81.60238 175.1344 49.09511 78.95268 161.3046 47.50081 89.55148 176.9881 52.00043 59.63814 171.6769 48.69653 81.60238 171.6769 48.69653 81.60238 175.1344 49.09511 78.95268 161.3046 47.50081 89.55148 176.9881 52.00043 59.63814 161.3046 47.50081 89.55148 159.7034 52.04105 61.08824 178.6156 54.55112 42.68127 176.9881 52.00043 59.63814 176.9881 52.00043 59.63814 178.6156 54.55112 42.68127 159.7034 52.04105 61.08824 159.7034 52.04105 61.08824 157.3909 54.53135 45.08931 180.2431 57.1018 25.72441 178.6156 54.55112 42.68127 178.6156 54.55112 42.68127 180.2431 57.1018 25.72441 157.3909 54.53135 45.08931 148.2779 11.5 9 148.2779 11.60237 2.068902e-16 142.5279 11.5 4.440892e-16 142.5279 11.5 4.440892e-16 148.2779 11.60237 2.068902e-16 148.2779 11.5 9 148.2779 62.5 9 148.2779 62.39763 0 226.7779 61 0 226.7779 61 0 148.2779 62.39763 0 148.2779 62.5 9 148.2779 62.5 9 142.5279 62.5 0 148.2779 62.39763 0 148.2779 62.39763 0 142.5279 62.5 0 148.2779 62.5 9 148.2779 11.5 9 226.7779 13 0 148.2779 11.60237 2.068902e-16 148.2779 11.60237 2.068902e-16 226.7779 13 0 148.2779 11.5 9 155.0784 52.04105 61.08824 151.4282 54.52052 45.54412 157.3909 54.53135 45.08931 157.3909 54.53135 45.08931 151.4282 54.52052 45.54412 155.0784 52.04105 61.08824 144.0592 47.50081 89.55148 147.7779 52.25041 61.08824 155.0784 52.04105 61.08824 155.0784 52.04105 61.08824 147.7779 52.25041 61.08824 144.0592 47.50081 89.55148 144.0592 47.50081 89.55148 140.9306 48.65078 84.64942 147.7779 52.25041 61.08824 147.7779 52.25041 61.08824 140.9306 48.65078 84.64942 144.0592 47.50081 89.55148 144.0592 47.50081 89.55148 141.3109 40 101.5753 144.0592 40 89.55148 141.0592 40 102.6765 141.0592 47.50081 102.6765 141.0592 47.50081 102.6765 144.0592 47.50081 89.55148 141.0592 40 102.6765 141.3109 40 101.5753 144.0592 40 89.55148 141.3109 40 101.5753 141.0592 47.50081 102.6765 141.0592 40 102.6765 150.2694 40 89.55148 144.0592 34 89.55148 144.0592 40 89.55148 150.2694 34 89.55148 150.2694 34 89.55148 150.2694 40 89.55148 144.0592 34 89.55148 144.0592 40 89.55148 150.2694 40 89.55148 150.2694 34 89.55148 144.0592 34 89.55148 141.0592 26.49919 102.6765 144.0592 26.49919 89.55148 141.0592 34 102.6765 141.3109 34 101.5753 141.3109 34 101.5753 144.0592 34 89.55148 141.0592 34 102.6765 141.0592 26.49919 102.6765 144.0592 26.49919 89.55148 141.0592 26.49919 102.6765 141.3109 34 101.5753 141.0592 34 102.6765 144.0592 26.49919 89.55148 159.7034 21.95895 61.08824 155.0784 21.95895 61.08824 161.3046 26.49919 89.55148 161.3046 26.49919 89.55148 144.0592 26.49919 89.55148 159.7034 21.95895 61.08824 155.0784 21.95895 61.08824 159.7034 21.95895 61.08824 157.3909 19.46865 45.08931 155.0784 21.95895 61.08824 155.0784 21.95895 61.08824 157.3909 19.46865 45.08931 159.7034 21.95895 61.08824 159.7034 21.95895 61.08824 178.6156 19.44888 42.68127 157.3909 19.46865 45.08931 157.3909 19.46865 45.08931 178.6156 19.44888 42.68127 159.7034 21.95895 61.08824 161.3046 26.49919 89.55148 176.9881 21.99957 59.63814 159.7034 21.95895 61.08824 159.7034 21.95895 61.08824 176.9881 21.99957 59.63814 161.3046 26.49919 89.55148 167.871 34 84.5192 161.3046 26.49919 89.55148 161.3046 34 89.55148 167.871 33.75 84.5192 171.6769 25.30347 81.60238 171.6769 33.75 81.60238 171.6769 33.75 81.60238 167.871 33.75 84.5192 171.6769 25.30347 81.60238 161.3046 26.49919 89.55148 167.871 34 84.5192 161.3046 34 89.55148 161.3046 34 89.55148 167.871 34 84.5192 167.871 33.75 84.5192 171.6769 48.69653 81.60238 161.3046 40 89.55148 161.3046 47.50081 89.55148 167.871 40.25 84.5192 171.6769 40.25 81.60238 167.871 40 84.5192 167.871 40.25 84.5192 161.3046 40 89.55148 167.871 40 84.5192 171.6769 40.25 81.60238 171.6769 48.69653 81.60238 161.3046 47.50081 89.55148 167.871 40.25 84.5192 167.871 40 84.5192 161.3046 40 89.55148 161.3046 47.50081 89.55148 159.7034 52.04105 61.08824 176.9881 52.00043 59.63814 176.9881 52.00043 59.63814 159.7034 52.04105 61.08824 161.3046 47.50081 89.55148 159.7034 52.04105 61.08824 157.3909 54.53135 45.08931 178.6156 54.55112 42.68127 178.6156 54.55112 42.68127 157.3909 54.53135 45.08931 159.7034 52.04105 61.08824 155.0784 52.04105 61.08824 157.3909 54.53135 45.08931 159.7034 52.04105 61.08824 159.7034 52.04105 61.08824 157.3909 54.53135 45.08931 155.0784 52.04105 61.08824 161.3046 47.50081 89.55148 155.0784 52.04105 61.08824 159.7034 52.04105 61.08824 144.0592 47.50081 89.55148 144.0592 47.50081 89.55148 161.3046 47.50081 89.55148 155.0784 52.04105 61.08824 159.7034 52.04105 61.08824 141.3109 40 101.5753 150.2694 40 89.55148 144.0592 40 89.55148 146.3106 40 98.625 146.3106 40 98.625 141.3109 40 101.5753 150.2694 40 89.55148 144.0592 40 89.55148 146.3106 40 98.625 141.0592 47.50081 102.6765 144.0592 47.50081 89.55148 161.3046 47.50081 89.55148 161.3046 47.50081 89.55148 144.0592 47.50081 89.55148 141.0592 47.50081 102.6765 141.0592 47.50081 102.6765 161.3046 40 89.55148 141.0592 40 102.6765 161.3046 47.50081 89.55148 161.3046 47.50081 89.55148 141.0592 47.50081 102.6765 161.3046 40 89.55148 141.0592 40 102.6765 146.3106 34 98.625 144.0592 34 89.55148 150.2694 34 89.55148 141.3109 34 101.5753 141.3109 34 101.5753 146.3106 34 98.625 144.0592 34 89.55148 150.2694 34 89.55148 146.3106 34 98.625 141.0592 26.49919 102.6765 161.3046 26.49919 89.55148 144.0592 26.49919 89.55148 144.0592 26.49919 89.55148 161.3046 26.49919 89.55148 141.0592 26.49919 102.6765 161.3046 34 89.55148 141.0592 26.49919 102.6765 141.0592 34 102.6765 161.3046 26.49919 89.55148 161.3046 26.49919 89.55148 161.3046 34 89.55148 141.0592 26.49919 102.6765 141.0592 34 102.6765</float_array>
                    <technique_common>
                        <accessor count="594" source="#ID52" stride="3">
                            <param name="X" type="float" />
                            <param name="Y" type="float" />
                            <param name="Z" type="float" />
                        </accessor>
                    </technique_common>
                </source>
                <source id="ID45">
                    <float_array id="ID53" count="1782">0 0 -1 0 0 -1 0 0 -1 0 0 -1 0 0 -1 0 0 -1 0 0 -1 0 0 -1 0 0 -1 0 0 -1 -0 -0 1 -0 -0 1 -0 -0 1 -0 -0 1 -0 -0 1 -0 -0 1 -0 -0 1 -0 -0 1 -0 -0 1 -0 -0 1 0 0 0 0 0 0 0 0 0 0 0 0 0 0 0 0 0 0 0 0 0 0 0 0 0 0 0 0 0 0 1 -0 -0 1 -0 -0 1 -0 -0 1 -0 -0 -1 0 0 -1 0 0 -1 0 0 -1 0 0 0 0 0 0 0 0 8.5848e-17 0.9885299 -0.1510254 8.5848e-17 0.9885299 -0.1510254 8.5848e-17 0.9885299 -0.1510254 8.5848e-17 0.9885299 -0.1510254 -8.5848e-17 -0.9885299 0.1510254 -8.5848e-17 -0.9885299 0.1510254 -8.5848e-17 -0.9885299 0.1510254 -8.5848e-17 -0.9885299 0.1510254 0 0 0 -0 0.9875157 -0.1575207 -0 0.9875157 -0.1575207 -0 0.9875157 -0.1575207 0 -0.9875157 0.1575207 0 -0.9875157 0.1575207 0 -0.9875157 0.1575207 0 0 0 -0.1325772 -5.669791e-18 -0.9911727 -0.1325772 -5.669791e-18 -0.9911727 -0.1325772 -5.669791e-18 -0.9911727 -0.1325772 -5.669791e-18 -0.9911727 -0.1325772 -5.669791e-18 -0.9911727 -0.1325772 -5.669791e-18 -0.9911727 -0.1325772 -5.669791e-18 -0.9911727 -0.1325772 -5.669791e-18 -0.9911727 0.1325772 5.669791e-18 0.9911727 0.1325772 5.669791e-18 0.9911727 0.1325772 5.669791e-18 0.9911727 0.1325772 5.669791e-18 0.9911727 0.1325772 5.669791e-18 0.9911727 0.1325772 5.669791e-18 0.9911727 0.1325772 5.669791e-18 0.9911727 0.1325772 5.669791e-18 0.9911727 0 0 0 0 0 0 0 0 0 0 0 0 -3.533081e-17 0.9863939 -0.164399 -3.533081e-17 0.9863939 -0.164399 -3.533081e-17 0.9863939 -0.164399 -3.533081e-17 0.9863939 -0.164399 3.533081e-17 -0.9863939 0.164399 3.533081e-17 -0.9863939 0.164399 3.533081e-17 -0.9863939 0.164399 3.533081e-17 -0.9863939 0.164399 0 0 0 0 0 0 1 0 0 1 0 0 1 0 0 1 0 0 1 0 0 1 0 0 -1 -0 -0 -1 -0 -0 -1 -0 -0 -1 -0 -0 -1 -0 -0 -1 -0 -0 0 0 0 0 0 0 0 0 0 -4.311557e-17 -0.9863939 -0.164399 -4.311557e-17 -0.9863939 -0.164399 -4.311557e-17 -0.9863939 -0.164399 -4.311557e-17 -0.9863939 -0.164399 4.311557e-17 0.9863939 0.164399 4.311557e-17 0.9863939 0.164399 4.311557e-17 0.9863939 0.164399 4.311557e-17 0.9863939 0.164399 0 0 0 1.672724e-14 -0.9875157 -0.1575207 1.672724e-14 -0.9875157 -0.1575207 1.672724e-14 -0.9875157 -0.1575207 -1.672724e-14 0.9875157 0.1575207 -1.672724e-14 0.9875157 0.1575207 -1.672724e-14 0.9875157 0.1575207 0 0 0 0 -0.9885299 -0.1510254 0 -0.9885299 -0.1510254 0 -0.9885299 -0.1510254 0 -0.9885299 -0.1510254 -0 0.9885299 0.1510254 -0 0.9885299 0.1510254 -0 0.9885299 0.1510254 -0 0.9885299 0.1510254 0 0 0 0.9969404 -0 0.07816595 0.9969404 -0 0.07816595 0.9969404 -0 0.07816595 0.9969404 -0 0.07816595 -0.9969404 0 -0.07816595 -0.9969404 0 -0.07816595 -0.9969404 0 -0.07816595 -0.9969404 0 -0.07816595 0 0 0 0 0 0 3.886934e-16 0.9885299 -0.1510254 3.886934e-16 0.9885299 -0.1510254 3.886934e-16 0.9885299 -0.1510254 -3.886934e-16 -0.9885299 0.1510254 -3.886934e-16 -0.9885299 0.1510254 -3.886934e-16 -0.9885299 0.1510254 -0.02833734 0.9881329 -0.1509647 -0.02833734 0.9881329 -0.1509647 -0.02833734 0.9881329 -0.1509647 -0.02833734 0.9881329 -0.1509647 0.02833734 -0.9881329 0.1509647 0.02833734 -0.9881329 0.1509647 0.02833734 -0.9881329 0.1509647 0.02833734 -0.9881329 0.1509647 0 0 0 -0.0100686 0.987781 -0.1555225 -0.0100686 0.987781 -0.1555225 -0.0100686 0.987781 -0.1555225 0.0100686 -0.987781 0.1555225 0.0100686 -0.987781 0.1555225 0.0100686 -0.987781 0.1555225 0 0 0 -1 0 0 -1 0 0 -1 0 0 -1 0 0 -1 0 0 -1 0 0 1 -0 -0 1 -0 -0 1 -0 -0 1 -0 -0 1 -0 -0 1 -0 -0 0 0 0 0 0 0 0 0 0 0 0 0 -0.01884494 0.9862188 -0.1643698 -0.01884494 0.9862188 -0.1643698 -0.01884494 0.9862188 -0.1643698 -0.01884494 0.9862188 -0.1643698 0.01884494 -0.9862188 0.1643698 0.01884494 -0.9862188 0.1643698 0.01884494 -0.9862188 0.1643698 0.01884494 -0.9862188 0.1643698 -0.01709892 0.9883298 -0.1513665 -0.01709892 0.9883298 -0.1513665 -0.01709892 0.9883298 -0.1513665 0.01709892 -0.9883298 0.1513665 0.01709892 -0.9883298 0.1513665 0.01709892 -0.9883298 0.1513665 -0.9954257 -2.483009e-17 -0.09553872 -0.9954257 -2.483009e-17 -0.09553872 -0.9954257 -2.483009e-17 -0.09553872 -0.9954257 -2.483009e-17 -0.09553872 -0.9954257 -2.483009e-17 -0.09553872 -0.9954257 -2.483009e-17 -0.09553872 -0.9954257 -2.483009e-17 -0.09553872 -0.9954257 -2.483009e-17 -0.09553872 0.9954257 2.483009e-17 0.09553872 0.9954257 2.483009e-17 0.09553872 0.9954257 2.483009e-17 0.09553872 0.9954257 2.483009e-17 0.09553872 0.9954257 2.483009e-17 0.09553872 0.9954257 2.483009e-17 0.09553872 0.9954257 2.483009e-17 0.09553872 0.9954257 2.483009e-17 0.09553872 0 0 0 0 0 0 0 0 0 0 0 0 0 0 0 0 0 0 -0.01709892 -0.9883298 -0.1513665 -0.01709892 -0.9883298 -0.1513665 -0.01709892 -0.9883298 -0.1513665 0.01709892 0.9883298 0.1513665 0.01709892 0.9883298 0.1513665 0.01709892 0.9883298 0.1513665 0 0 0 -0.01884494 -0.9862188 -0.1643698 -0.01884494 -0.9862188 -0.1643698 -0.01884494 -0.9862188 -0.1643698 -0.01884494 -0.9862188 -0.1643698 0.01884494 0.9862188 0.1643698 0.01884494 0.9862188 0.1643698 0.01884494 0.9862188 0.1643698 0.01884494 0.9862188 0.1643698 -0 1 -0 -0 1 -0 -0 1 -0 -0 1 -0 0 -1 0 0 -1 0 0 -1 0 0 -1 0 0 0 0 2.292084e-18 5.532944e-18 1 2.292084e-18 5.532944e-18 1 2.292084e-18 5.532944e-18 1 2.292084e-18 5.532944e-18 1 2.292084e-18 5.532944e-18 1 2.292084e-18 5.532944e-18 1 2.292084e-18 5.532944e-18 1 2.292084e-18 5.532944e-18 1 -2.292084e-18 -5.532944e-18 -1 -2.292084e-18 -5.532944e-18 -1 -2.292084e-18 -5.532944e-18 -1 -2.292084e-18 -5.532944e-18 -1 -2.292084e-18 -5.532944e-18 -1 -2.292084e-18 -5.532944e-18 -1 -2.292084e-18 -5.532944e-18 -1 -2.292084e-18 -5.532944e-18 -1 0 0 0 0 0 0 0 0 0 0 -1 0 0 -1 0 0 -1 0 0 -1 0 -0 1 -0 -0 1 -0 -0 1 -0 -0 1 -0 -0.0100686 -0.987781 -0.1555225 -0.0100686 -0.987781 -0.1555225 -0.0100686 -0.987781 -0.1555225 0.0100686 0.987781 0.1555225 0.0100686 0.987781 0.1555225 0.0100686 0.987781 0.1555225 -0.02833734 -0.9881329 -0.1509647 -0.02833734 -0.9881329 -0.1509647 -0.02833734 -0.9881329 -0.1509647 -0.02833734 -0.9881329 -0.1509647 0.02833734 0.9881329 0.1509647 0.02833734 0.9881329 0.1509647 0.02833734 0.9881329 0.1509647 0.02833734 0.9881329 0.1509647 0 0 0 9.717336e-17 -0.9885299 -0.1510254 9.717336e-17 -0.9885299 -0.1510254 9.717336e-17 -0.9885299 -0.1510254 -9.717336e-17 0.9885299 0.1510254 -9.717336e-17 0.9885299 0.1510254 -9.717336e-17 0.9885299 0.1510254 0.8429528 -4.497074e-17 -0.5379875 0.8429528 -4.497074e-17 -0.5379875 0.8429528 -4.497074e-17 -0.5379875 0.8429528 -4.497074e-17 -0.5379875 0.8429528 -4.497074e-17 -0.5379875 0.8429528 -4.497074e-17 -0.5379875 -0.8429528 4.497074e-17 0.5379875 -0.8429528 4.497074e-17 0.5379875 -0.8429528 4.497074e-17 0.5379875 -0.8429528 4.497074e-17 0.5379875 -0.8429528 4.497074e-17 0.5379875 -0.8429528 4.497074e-17 0.5379875 0 0 0 0 0 0 0 0 0 0 0 0 -0.08638592 0.9807808 -0.1749469 -0.08638592 0.9807808 -0.1749469 -0.08638592 0.9807808 -0.1749469 0.08638592 -0.9807808 0.1749469 0.08638592 -0.9807808 0.1749469 0.08638592 -0.9807808 0.1749469 -0.02825788 0.985362 -0.1681169 -0.02825788 0.985362 -0.1681169 -0.02825788 0.985362 -0.1681169 0.02825788 -0.985362 0.1681169 0.02825788 -0.985362 0.1681169 0.02825788 -0.985362 0.1681169 -0.01004483 0.9878301 -0.1552121 -0.01004483 0.9878301 -0.1552121 -0.01004483 0.9878301 -0.1552121 0.01004483 -0.9878301 0.1552121 0.01004483 -0.9878301 0.1552121 0.01004483 -0.9878301 0.1552121 -0.01910479 0.9998175 -0 -0.01910479 0.9998175 -0 -0.01910479 0.9998175 -0 0.01910479 -0.9998175 0 0.01910479 -0.9998175 0 0.01910479 -0.9998175 0 -0.01910479 -0.9998175 0 -0.01910479 -0.9998175 0 -0.01910479 -0.9998175 0 0.01910479 0.9998175 -0 0.01910479 0.9998175 -0 0.01910479 0.9998175 -0 -0.01612515 0.9885177 -0.1502423 -0.01612515 0.9885177 -0.1502423 -0.01612515 0.9885177 -0.1502423 0.01612515 -0.9885177 0.1502423 0.01612515 -0.9885177 0.1502423 0.01612515 -0.9885177 0.1502423 -0.01491806 0.9885534 -0.1501318 -0.01491806 0.9885534 -0.1501318 -0.01491806 0.9885534 -0.1501318 0.01491806 -0.9885534 0.1501318 0.01491806 -0.9885534 0.1501318 0.01491806 -0.9885534 0.1501318 0 0 0 1.446011e-16 0.9888751 -0.1487484 1.446011e-16 0.9888751 -0.1487484 1.446011e-16 0.9888751 -0.1487484 1.446011e-16 0.9888751 -0.1487484 -1.446011e-16 -0.9888751 0.1487484 -1.446011e-16 -0.9888751 0.1487484 -1.446011e-16 -0.9888751 0.1487484 -1.446011e-16 -0.9888751 0.1487484 0 0 0 0 0 0 -0.6082867 -2.30245e-16 -0.7937174 -0.6082867 -2.30245e-16 -0.7937174 -0.6082867 -2.30245e-16 -0.7937174 -0.6082867 -2.30245e-16 -0.7937174 -0.6082867 -2.30245e-16 -0.7937174 -0.6082867 -2.30245e-16 -0.7937174 0.6082867 2.30245e-16 0.7937174 0.6082867 2.30245e-16 0.7937174 0.6082867 2.30245e-16 0.7937174 0.6082867 2.30245e-16 0.7937174 0.6082867 2.30245e-16 0.7937174 0.6082867 2.30245e-16 0.7937174 0 0 0 0 0 0 0 0 0 1.446011e-16 -0.9888751 -0.1487484 1.446011e-16 -0.9888751 -0.1487484 1.446011e-16 -0.9888751 -0.1487484 1.446011e-16 -0.9888751 -0.1487484 -1.446011e-16 0.9888751 0.1487484 -1.446011e-16 0.9888751 0.1487484 -1.446011e-16 0.9888751 0.1487484 -1.446011e-16 0.9888751 0.1487484 0 0 0 -0.01491806 -0.9885534 -0.1501318 -0.01491806 -0.9885534 -0.1501318 -0.01491806 -0.9885534 -0.1501318 0.01491806 0.9885534 0.1501318 0.01491806 0.9885534 0.1501318 0.01491806 0.9885534 0.1501318 0 0 0 -0.01612515 -0.9885177 -0.1502423 -0.01612515 -0.9885177 -0.1502423 -0.01612515 -0.9885177 -0.1502423 0.01612515 0.9885177 0.1502423 0.01612515 0.9885177 0.1502423 0.01612515 0.9885177 0.1502423 -0.01780018 0.9997769 0.01137234 -0.01780018 0.9997769 0.01137234 -0.01780018 0.9997769 0.01137234 0.01780018 -0.9997769 -0.01137234 0.01780018 -0.9997769 -0.01137234 0.01780018 -0.9997769 -0.01137234 -0.01780018 -0.9997769 0.01137234 -0.01780018 -0.9997769 0.01137234 -0.01780018 -0.9997769 0.01137234 0.01780018 0.9997769 -0.01137234 0.01780018 0.9997769 -0.01137234 0.01780018 0.9997769 -0.01137234 -0.01780018 -0.9997769 0.01137234 -0.01780018 -0.9997769 0.01137234 -0.01780018 -0.9997769 0.01137234 0.01780018 0.9997769 -0.01137234 0.01780018 0.9997769 -0.01137234 0.01780018 0.9997769 -0.01137234 -0.01780018 0.9997769 0.01137234 -0.01780018 0.9997769 0.01137234 -0.01780018 0.9997769 0.01137234 0.01780018 -0.9997769 -0.01137234 0.01780018 -0.9997769 -0.01137234 0.01780018 -0.9997769 -0.01137234 -0.01004483 -0.9878301 -0.1552121 -0.01004483 -0.9878301 -0.1552121 -0.01004483 -0.9878301 -0.1552121 0.01004483 0.9878301 0.1552121 0.01004483 0.9878301 0.1552121 0.01004483 0.9878301 0.1552121 -0.02825788 -0.985362 -0.1681169 -0.02825788 -0.985362 -0.1681169 -0.02825788 -0.985362 -0.1681169 0.02825788 0.985362 0.1681169 0.02825788 0.985362 0.1681169 0.02825788 0.985362 0.1681169 -0.08638592 -0.9807808 -0.1749469 -0.08638592 -0.9807808 -0.1749469 -0.08638592 -0.9807808 -0.1749469 0.08638592 0.9807808 0.1749469 0.08638592 0.9807808 0.1749469 0.08638592 0.9807808 0.1749469 0.9748585 -2.712764e-15 0.2228248 0.9748585 -2.712764e-15 0.2228248 0.9748585 -2.712764e-15 0.2228248 0.9748585 -2.712764e-15 0.2228248 0.9748585 -2.712764e-15 0.2228248 -0.9748585 2.712764e-15 -0.2228248 -0.9748585 2.712764e-15 -0.2228248 -0.9748585 2.712764e-15 -0.2228248 -0.9748585 2.712764e-15 -0.2228248 -0.9748585 2.712764e-15 -0.2228248 0 0 0 0 0 0 0 0 0 -1.144158e-15 -1.184238e-15 -1 -1.144158e-15 -1.184238e-15 -1 -1.144158e-15 -1.184238e-15 -1 -1.144158e-15 -1.184238e-15 -1 1.144158e-15 1.184238e-15 1 1.144158e-15 1.184238e-15 1 1.144158e-15 1.184238e-15 1 1.144158e-15 1.184238e-15 1 0 0 0 0 0 0 0.9748585 1.899307e-16 0.2228248 0.9748585 1.899307e-16 0.2228248 0.9748585 1.899307e-16 0.2228248 0.9748585 1.899307e-16 0.2228248 0.9748585 1.899307e-16 0.2228248 -0.9748585 -1.899307e-16 -0.2228248 -0.9748585 -1.899307e-16 -0.2228248 -0.9748585 -1.899307e-16 -0.2228248 -0.9748585 -1.899307e-16 -0.2228248 -0.9748585 -1.899307e-16 -0.2228248 0 0 0 0 0 0 0 0 0 -0 0.9875157 -0.1575207 -0 0.9875157 -0.1575207 -0 0.9875157 -0.1575207 -0 0.9875157 -0.1575207 0 -0.9875157 0.1575207 0 -0.9875157 0.1575207 0 -0.9875157 0.1575207 0 -0.9875157 0.1575207 -0 0.9881016 -0.1538024 -0 0.9881016 -0.1538024 -0 0.9881016 -0.1538024 0 -0.9881016 0.1538024 0 -0.9881016 0.1538024 0 -0.9881016 0.1538024 -0.01626645 0.9883255 -0.1514861 -0.01626645 0.9883255 -0.1514861 -0.01626645 0.9883255 -0.1514861 0.01626645 -0.9883255 0.1514861 0.01626645 -0.9883255 0.1514861 0.01626645 -0.9883255 0.1514861 -0.0154628 0.9875326 -0.1566536 -0.0154628 0.9875326 -0.1566536 -0.0154628 0.9875326 -0.1566536 0.0154628 -0.9875326 0.1566536 0.0154628 -0.9875326 0.1566536 0.0154628 -0.9875326 0.1566536 -0.6082867 -6.359264e-18 -0.7937174 -0.6082867 -6.359264e-18 -0.7937174 -0.6082867 -6.359264e-18 -0.7937174 -0.6082867 -6.359264e-18 -0.7937174 -0.6082867 -6.359264e-18 -0.7937174 -0.6082867 -6.359264e-18 -0.7937174 0.6082867 6.359264e-18 0.7937174 0.6082867 6.359264e-18 0.7937174 0.6082867 6.359264e-18 0.7937174 0.6082867 6.359264e-18 0.7937174 0.6082867 6.359264e-18 0.7937174 0.6082867 6.359264e-18 0.7937174 0 0 0 0 0 0 0 0 0 -0.6082867 6.232078e-16 -0.7937174 -0.6082867 6.232078e-16 -0.7937174 -0.6082867 6.232078e-16 -0.7937174 -0.6082867 6.232078e-16 -0.7937174 -0.6082867 6.232078e-16 -0.7937174 -0.6082867 6.232078e-16 -0.7937174 0.6082867 -6.232078e-16 0.7937174 0.6082867 -6.232078e-16 0.7937174 0.6082867 -6.232078e-16 0.7937174 0.6082867 -6.232078e-16 0.7937174 0.6082867 -6.232078e-16 0.7937174 0.6082867 -6.232078e-16 0.7937174 0 0 0 0 0 0 0 0 0 -0.0154628 -0.9875326 -0.1566536 -0.0154628 -0.9875326 -0.1566536 -0.0154628 -0.9875326 -0.1566536 0.0154628 0.9875326 0.1566536 0.0154628 0.9875326 0.1566536 0.0154628 0.9875326 0.1566536 -0.01626645 -0.9883255 -0.1514861 -0.01626645 -0.9883255 -0.1514861 -0.01626645 -0.9883255 -0.1514861 0.01626645 0.9883255 0.1514861 0.01626645 0.9883255 0.1514861 0.01626645 0.9883255 0.1514861 0 -0.9881016 -0.1538024 0 -0.9881016 -0.1538024 0 -0.9881016 -0.1538024 -0 0.9881016 0.1538024 -0 0.9881016 0.1538024 -0 0.9881016 0.1538024 2.781975e-17 -0.9875157 -0.1575207 2.781975e-17 -0.9875157 -0.1575207 2.781975e-17 -0.9875157 -0.1575207 2.781975e-17 -0.9875157 -0.1575207 -2.781975e-17 0.9875157 0.1575207 -2.781975e-17 0.9875157 0.1575207 -2.781975e-17 0.9875157 0.1575207 -2.781975e-17 0.9875157 0.1575207 2.919426e-15 1 4.875863e-16 2.919426e-15 1 4.875863e-16 2.919426e-15 1 4.875863e-16 2.919426e-15 1 4.875863e-16 -2.919426e-15 -1 -4.875863e-16 -2.919426e-15 -1 -4.875863e-16 -2.919426e-15 -1 -4.875863e-16 -2.919426e-15 -1 -4.875863e-16 0 0 0 0 -1 0 0 -1 0 0 -1 0 -0 1 -0 -0 1 -0 -0 1 -0 -0.5439819 1.765619e-15 -0.8390969 -0.5439819 1.765619e-15 -0.8390969 -0.5439819 1.765619e-15 -0.8390969 -0.5439819 1.765619e-15 -0.8390969 0.5439819 -1.765619e-15 0.8390969 0.5439819 -1.765619e-15 0.8390969 0.5439819 -1.765619e-15 0.8390969 0.5439819 -1.765619e-15 0.8390969 0 -1 0 0 -1 0 0 -1 0 0 -1 0 -0 1 -0 -0 1 -0 -0 1 -0 -0 1 -0 0 0 0 -0 1 -0 -0 1 -0 -0 1 -0 0 -1 0 0 -1 0 0 -1 0 -0.5439819 0 -0.8390969 -0.5439819 0 -0.8390969 -0.5439819 0 -0.8390969 -0.5439819 0 -0.8390969 0.5439819 -0 0.8390969 0.5439819 -0 0.8390969 0.5439819 -0 0.8390969 0.5439819 -0 0.8390969</float_array>
                    <technique_common>
                        <accessor count="594" source="#ID53" stride="3">
                            <param name="X" type="float" />
                            <param name="Y" type="float" />
                            <param name="Z" type="float" />
                        </accessor>
                    </technique_common>
                </source>
                <source id="ID46">
                    <Name_array id="ID54" count="0" />
                    <technique_common>
                        <accessor count="0" source="#ID54" stride="1">
                            <param name="skp_material" type="Name" />
                        </accessor>
                    </technique_common>
                </source>
                <vertices id="ID47">
                    <input semantic="POSITION" source="#ID44" />
                    <input semantic="NORMAL" source="#ID45" />
                </vertices>
                <triangles count="130" material="Material2">
                    <input offset="0" semantic="VERTEX" source="#ID47" />
                    <p>0 1 2 1 0 3 2 1 4 2 4 5 6 3 0 3 6 7 3 7 8 8 7 9 30 31 32 31 30 33 40 41 42 41 40 43 49 50 51 56 57 58 57 56 59 59 56 60 60 61 62 61 60 63 63 60 56 76 77 78 77 76 79 86 87 88 87 86 89 89 86 90 90 86 91 101 102 103 102 101 104 110 111 112 117 118 119 118 117 120 126 127 128 127 126 129 136 137 138 142 143 144 143 142 145 151 152 153 158 159 160 159 158 161 161 158 162 161 162 163 174 175 176 175 174 177 182 183 184 188 189 190 189 188 191 189 191 192 189 192 193 189 193 194 189 194 195 210 211 212 217 218 219 218 217 220 225 226 227 226 225 228 234 235 236 235 234 237 237 234 238 237 238 239 239 238 240 239 240 241 253 254 255 254 253 256 261 262 263 267 268 269 268 267 270 276 277 278 282 283 284 283 282 285 285 282 286 286 282 287 298 299 300 304 305 306 310 311 312 316 317 318 322 323 324 328 329 330 334 335 336 341 342 343 342 341 344 351 352 353 352 351 354 354 351 355 355 351 356 366 367 368 367 366 369 375 376 377 382 383 384 388 389 390 394 395 396 400 401 402 406 407 408 412 413 414 418 419 420 424 425 426 430 431 432 431 430 433 433 430 434 443 444 445 444 443 446 453 454 455 454 453 456 456 453 457 466 467 468 467 466 469 474 475 476 480 481 482 486 487 488 492 493 494 493 492 495 493 495 496 496 495 497 507 508 509 508 507 510 510 507 511 512 508 510 522 523 524 528 529 530 534 535 536 540 541 542 541 540 543 548 549 550 549 548 551 557 558 559 563 564 565 564 563 566 571 572 573 572 571 574 580 581 582 586 587 588 587 586 589</p>
                </triangles>
                <triangles count="130" material="Material3">
                    <input offset="0" semantic="VERTEX" source="#ID47" />
                    <p>10 11 12 12 11 13 11 14 13 15 13 14 16 17 18 17 19 18 13 15 19 18 19 15 34 35 36 37 36 35 44 45 46 47 46 45 52 53 54 64 65 66 66 65 67 68 67 65 65 64 69 69 64 70 71 70 64 80 81 82 83 82 81 92 93 94 94 93 95 95 93 96 97 96 93 105 106 107 108 107 106 113 114 115 121 122 123 124 123 122 130 131 132 133 132 131 139 140 141 146 147 148 149 148 147 154 155 156 164 165 166 165 167 166 166 167 168 169 168 167 178 179 180 181 180 179 185 186 187 196 197 198 197 199 198 199 200 198 200 201 198 201 202 198 203 198 202 213 214 215 221 222 223 224 223 222 229 230 231 232 231 230 242 243 244 243 245 244 244 245 246 245 247 246 246 247 248 249 248 247 257 258 259 260 259 258 264 265 266 271 272 273 274 273 272 279 280 281 288 289 290 290 289 291 291 289 292 293 292 289 301 302 303 307 308 309 313 314 315 319 320 321 325 326 327 331 332 333 337 338 339 345 346 347 348 347 346 357 358 359 359 358 360 360 358 361 362 361 358 370 371 372 373 372 371 378 379 380 385 386 387 391 392 393 397 398 399 403 404 405 409 410 411 415 416 417 421 422 423 427 428 429 435 436 437 437 436 438 439 438 436 447 448 449 450 449 448 458 459 460 460 459 461 462 461 459 470 471 472 473 472 471 477 478 479 483 484 485 489 490 491 498 499 500 500 499 501 499 502 501 503 501 502 513 514 515 516 517 513 513 517 514 518 514 517 525 526 527 531 532 533 537 538 539 544 545 546 547 546 545 552 553 554 555 554 553 560 561 562 567 568 569 570 569 568 575 576 577 578 577 576 583 584 585 590 591 592 593 592 591</p>
                </triangles>
                <lines count="136" material="Material4">
                    <input offset="0" semantic="VERTEX" source="#ID47" />
                    <p>20 21 22 21 23 22 24 23 25 24 25 26 26 27 28 27 29 28 29 20 20 38 38 39 39 21 39 48 22 48 55 23 22 55 72 73 72 24 74 23 74 75 75 28 73 27 24 84 84 85 25 85 85 98 98 99 100 99 26 100 109 100 27 109 116 28 116 29 125 29 38 125 134 135 135 39 48 135 150 48 55 150 157 55 23 157 170 171 72 171 73 172 172 173 173 170 84 171 74 157 204 74 205 204 206 205 207 206 208 207 209 208 75 209 216 75 28 216 172 109 84 233 233 98 250 173 251 250 251 99 233 252 252 170 109 251 216 116 275 116 125 275 125 134 294 134 294 295 295 296 296 297 297 135 297 48 150 297 157 150 84 170 109 173 157 204 204 340 340 205 205 349 349 350 350 206 363 350 364 363 365 364 207 365 208 374 365 374 209 381 208 381 216 209 252 84 250 109 216 275 275 294 294 125 440 295 441 294 441 442 442 440 451 452 296 452 451 295 463 297 464 296 465 464 463 465 297 349 340 349 150 340 157 340 349 504 504 505 505 506 506 363 519 364 520 519 521 520 521 374 374 381 381 216 275 381 294 374 440 556 451 556 521 442 452 579 579 464 463 349 504 465</p>
                </lines>
                <lines count="2" material="Material5">
                    <input offset="0" semantic="VERTEX" source="#ID47" />
                    <p>38 134 441 374</p>
                </lines>
            </mesh>
        </geometry>
        <geometry id="ID55">
            <mesh>
                <source id="ID56">
                    <float_array id="ID60" count="114">147.7779 57 30 142.7779 17 30 142.7779 57 30 147.7779 17 30 147.7779 17 30 147.7779 57 30 142.7779 17 30 142.7779 57 30 147.7779 57 30 147.7779 17 30 142.7779 17 30 142.7779 57 30 148.2779 57 30 148.2779 17 30 148.2779 17 30 148.2779 57 30 148.2779 57 30 148.2779 17 30 180.2431 57.1018 25.72441 148.2779 17 30 148.2779 57 30 180.2431 16.8982 25.72441 180.2431 16.8982 25.72441 180.2431 57.1018 25.72441 148.2779 17 30 148.2779 57 30 180.2431 57.1018 25.72441 180.2431 16.8982 25.72441 148.2779 57 30 157.3909 19.46865 45.08931 148.2779 17 30 157.3909 54.53135 45.08931 157.3909 54.53135 45.08931 148.2779 57 30 157.3909 19.46865 45.08931 148.2779 17 30 157.3909 54.53135 45.08931 157.3909 19.46865 45.08931</float_array>
                    <technique_common>
                        <accessor count="38" source="#ID60" stride="3">
                            <param name="X" type="float" />
                            <param name="Y" type="float" />
                            <param name="Z" type="float" />
                        </accessor>
                    </technique_common>
                </source>
                <source id="ID57">
                    <float_array id="ID61" count="114">0 0 -1 0 0 -1 0 0 -1 0 0 -1 -0 -0 1 -0 -0 1 -0 -0 1 -0 -0 1 0 0 0 0 0 0 0 0 0 0 0 0 0 0 -1 0 0 -1 -0 -0 1 -0 -0 1 0 0 0 0 0 0 -0.1325772 -4.379343e-17 -0.9911727 -0.1325772 -4.379343e-17 -0.9911727 -0.1325772 -4.379343e-17 -0.9911727 -0.1325772 -4.379343e-17 -0.9911727 0.1325772 4.379343e-17 0.9911727 0.1325772 4.379343e-17 0.9911727 0.1325772 4.379343e-17 0.9911727 0.1325772 4.379343e-17 0.9911727 0 0 0 0 0 0 0.8560038 -0 -0.5169695 0.8560038 -0 -0.5169695 0.8560038 -0 -0.5169695 0.8560038 -0 -0.5169695 -0.8560038 0 0.5169695 -0.8560038 0 0.5169695 -0.8560038 0 0.5169695 -0.8560038 0 0.5169695 0 0 0 0 0 0</float_array>
                    <technique_common>
                        <accessor count="38" source="#ID61" stride="3">
                            <param name="X" type="float" />
                            <param name="Y" type="float" />
                            <param name="Z" type="float" />
                        </accessor>
                    </technique_common>
                </source>
                <source id="ID58">
                    <Name_array id="ID62" count="0" />
                    <technique_common>
                        <accessor count="0" source="#ID62" stride="1">
                            <param name="skp_material" type="Name" />
                        </accessor>
                    </technique_common>
                </source>
                <vertices id="ID59">
                    <input semantic="POSITION" source="#ID56" />
                    <input semantic="NORMAL" source="#ID57" />
                </vertices>
                <triangles count="8" material="Material2">
                    <input offset="0" semantic="VERTEX" source="#ID59" />
                    <p>0 1 2 1 0 3 12 3 0 3 12 13 18 19 20 19 18 21 28 29 30 29 28 31</p>
                </triangles>
                <triangles count="8" material="Material3">
                    <input offset="0" semantic="VERTEX" source="#ID59" />
                    <p>4 5 6 7 6 5 14 15 4 5 4 15 22 23 24 25 24 23 32 33 34 35 34 33</p>
                </triangles>
                <lines count="13" material="Material4">
                    <input offset="0" semantic="VERTEX" source="#ID59" />
                    <p>8 9 9 10 11 10 8 11 16 17 17 9 8 16 26 16 27 26 27 17 16 36 36 37 17 37</p>
                </lines>
            </mesh>
        </geometry>
        <geometry id="ID63">
            <mesh>
                <source id="ID64">
                    <float_array id="ID70" count="285">25.27794 0 111 22.27794 74 111 22.27794 0 111 25.27794 74 111 25.27794 74 111 25.27794 0 111 22.27794 74 111 22.27794 0 111 25.27794 0 111 25.27794 74 111 22.27794 74 111 22.27794 0 111 25.27794 74 126.25 25.27794 72 113 25.27794 72 126.25 25.27794 2 126.25 25.27794 0 126.25 25.27794 2 113 25.27794 74 126.25 25.27794 72 113 25.27794 2 113 25.27794 2 126.25 25.27794 0 126.25 25.27794 72 126.25 25.27794 2 126.25 25.27794 2 113 25.27794 72 113 25.27794 72 126.25 25.27794 74 126.25 25.27794 0 126.25 22.27794 74 126.25 22.27794 74 126.25 22.27794 74 126.25 22.27794 2 113 22.27794 0 126.25 22.27794 72 113 22.27794 72 126.25 22.27794 2 126.25 22.27794 2 113 22.27794 0 126.25 22.27794 2 126.25 22.27794 72 126.25 22.27794 72 113 22.27794 72 126.25 22.27794 72 113 22.27794 2 113 22.27794 2 126.25 22.27794 0 126.25 24.77794 2 113 24.77794 2 126.25 24.77794 2 126.25 24.77794 2 113 24.77794 2 113 24.77794 2 126.25 24.77794 72 113 24.77794 72 113 24.77794 72 113 24.77794 72 126.25 24.77794 72 113 24.77794 72 126.25 24.77794 72 113 24.77794 72 126.25 22.77794 73 126.25 24.77794 73 126.25 22.77794 72 126.25 22.77794 73 126.25 22.77794 72 126.25 24.77794 73 126.25 24.77794 73 126.25 22.77794 73 126.25 22.77794 72 126.25 24.77794 1 126.25 22.77794 2 126.25 22.77794 1 126.25 23.77794 1 126.25 24.77794 1 126.25 23.77794 1 126.25 22.77794 1 126.25 22.77794 2 126.25 23.77794 1 126.25 24.77794 1 126.25 22.77794 2 126.25 22.77794 1 126.25 22.77794 72 113 22.77794 72 113 22.77794 72 113 22.77794 2 113 22.77794 40 113 22.77794 34 113 22.77794 34 113 22.77794 40 113 22.77794 2 113 22.77794 40 113 22.77794 34 113 22.77794 2 113</float_array>
                    <technique_common>
                        <accessor count="95" source="#ID70" stride="3">
                            <param name="X" type="float" />
                            <param name="Y" type="float" />
                            <param name="Z" type="float" />
                        </accessor>
                    </technique_common>
                </source>
                <source id="ID65">
                    <float_array id="ID71" count="285">-0.5773503 0.5773503 0.5773503 0.5773503 -0.5773503 0.5773503 0.5773503 0.5773503 0.5773503 -0.5773503 -0.5773503 0.5773503 0.5773503 0.5773503 -0.5773503 0.5773503 -0.5773503 -0.5773503 -0.5773503 0.5773503 -0.5773503 -0.5773503 -0.5773503 -0.5773503 0 0 0 0 0 0 0 0 0 0 0 0 -0.5773503 -0.5773503 -0.5773503 -0.904534 0.3015113 -0.3015113 -0.5773503 0.5773503 -0.5773503 -0.5773503 -0.5773503 -0.5773503 -0.5773503 0.5773503 -0.5773503 -0.904534 -0.3015113 -0.3015113 0.5773503 0.5773503 0.5773503 0.904534 -0.3015113 0.3015113 0.904534 0.3015113 0.3015113 0.5773503 0.5773503 0.5773503 0.5773503 -0.5773503 0.5773503 0.5773503 -0.5773503 0.5773503 0 0 0 0 0 0 0 0 0 0 0 0 0 0 0 0 0 0 0.5773503 -0.5773503 -0.5773503 -0.5773503 0.5773503 0.5773503 0 0 0 0.904534 -0.3015113 -0.3015113 0.5773503 0.5773503 -0.5773503 0.904534 0.3015113 -0.3015113 0.5773503 0.5773503 -0.5773503 0.5773503 -0.5773503 -0.5773503 -0.904534 0.3015113 0.3015113 -0.5773503 -0.5773503 0.5773503 -0.5773503 0.5773503 0.5773503 -0.5773503 -0.5773503 0.5773503 -0.904534 -0.3015113 0.3015113 0 0 0 0 0 0 0 0 0 0 0 0 0 0 0 0 -0.7071068 -0.7071068 0 -0.7071068 -0.7071068 -0 0.7071068 0.7071068 -0 0.7071068 0.7071068 0 0 0 0 0 0 0 0 -1 -0 -0 1 0 0 0 0 0.7071068 -0.7071068 0 1 0 -0 -0.7071068 0.7071068 -0 -1 -0 0 0 0 0 0 -1 0 0 -1 0 0.7071068 -0.7071068 -0 -0 1 -0 -0.7071068 0.7071068 -0 -0 1 0 0 0 0 0 0 0 0 0 0 0 -1 0 -0.7071068 -0.7071068 0 0 -1 0 0 -1 -0 -0 1 -0 -0 1 -0 -0 1 -0 0.7071068 0.7071068 0 0 0 0 0 0 0 0 0 0 0 0 0 0.7071068 -0.7071068 -0 -0.7071068 0.7071068 0 0 0 0 -0.7071068 -0.7071068 0 0 -1 0 0 -1 -0 -0 1 -0 -0 1 -0 0.7071068 0.7071068 0 0 0 0 0 0 0 0 0</float_array>
                    <technique_common>
                        <accessor count="95" source="#ID71" stride="3">
                            <param name="X" type="float" />
                            <param name="Y" type="float" />
                            <param name="Z" type="float" />
                        </accessor>
                    </technique_common>
                </source>
                <source id="ID66">
                    <Name_array id="ID72" count="0" />
                    <technique_common>
                        <accessor count="0" source="#ID72" stride="1">
                            <param name="skp_material" type="Name" />
                        </accessor>
                    </technique_common>
                </source>
                <vertices id="ID67">
                    <input semantic="POSITION" source="#ID64" />
                    <input semantic="NORMAL" source="#ID65" />
                </vertices>
                <triangles count="45" material="Material2">
                    <input offset="0" semantic="VERTEX" source="#ID67" />
                    <p>0 1 2 1 0 3 12 13 14 15 0 16 0 15 17 0 17 3 3 17 13 3 13 12 12 1 3 1 12 30 2 33 34 33 2 1 33 1 35 35 1 36 36 1 30 37 34 33 34 0 2 0 34 16 15 48 17 48 15 49 13 48 54 48 13 17 57 13 58 13 57 14 30 62 36 62 30 12 62 12 63 63 12 57 57 12 14 64 36 62 15 71 49 72 34 37 34 72 73 34 73 16 16 73 74 16 74 71 16 71 15 36 83 35 83 36 64 83 33 35 33 83 86 86 83 87 86 87 88 72 33 86 33 72 37</p>
                </triangles>
                <triangles count="45" material="Material3">
                    <input offset="0" semantic="VERTEX" source="#ID67" />
                    <p>4 5 6 7 6 5 18 19 4 19 20 4 4 20 5 20 21 5 22 5 21 23 19 18 31 18 6 4 6 18 38 39 40 31 6 41 41 6 42 42 6 38 6 7 38 39 38 7 22 39 5 7 5 39 50 21 51 20 51 21 20 19 51 55 51 19 23 59 19 60 19 59 65 41 66 23 18 59 59 18 67 67 18 65 18 31 65 41 65 31 21 75 22 75 76 22 76 77 22 22 77 39 77 78 39 40 39 78 50 75 21 66 41 84 42 84 41 89 90 91 90 84 91 91 84 38 42 38 84 40 78 38 91 38 78</p>
                </triangles>
                <lines count="43" material="Material4">
                    <input offset="0" semantic="VERTEX" source="#ID67" />
                    <p>8 9 10 9 11 10 11 8 24 25 26 25 27 26 27 28 28 9 8 29 24 29 32 28 10 32 32 43 43 44 45 44 46 45 47 46 47 11 29 47 52 25 53 24 53 52 56 52 26 56 61 56 61 27 68 61 69 68 70 69 43 70 79 80 80 53 81 46 82 81 79 82 70 85 44 85 85 92 92 93 93 94 94 45 94 81</p>
                </lines>
            </mesh>
        </geometry>
        <geometry id="ID73">
            <mesh>
                <source id="ID76">
                    <float_array id="ID80" count="81">22.77794 46 133 22.77794 28 120 22.77794 28 133 22.77794 33.625 120 22.77794 34 120 22.77794 37 120 22.77794 40 120 22.77794 40.375 120 22.77794 46 120 22.77794 46 120 22.77794 46 133 22.77794 40.375 120 22.77794 40 120 22.77794 37 120 22.77794 34 120 22.77794 33.625 120 22.77794 28 120 22.77794 28 133 22.77794 28 120 22.77794 28 133 22.77794 46 133 22.77794 46 120 22.77794 40.375 120 22.77794 40 120 22.77794 37 120 22.77794 34 120 22.77794 33.625 120</float_array>
                    <technique_common>
                        <accessor count="27" source="#ID80" stride="3">
                            <param name="X" type="float" />
                            <param name="Y" type="float" />
                            <param name="Z" type="float" />
                        </accessor>
                    </technique_common>
                </source>
                <source id="ID77">
                    <float_array id="ID81" count="81">-1 0 0 -1 0 0 -1 0 0 -1 0 0 -1 0 0 -1 0 0 -1 0 0 -1 0 0 -1 0 0 1 -0 -0 1 -0 -0 1 -0 -0 1 -0 -0 1 -0 -0 1 -0 -0 1 -0 -0 1 -0 -0 1 -0 -0 0 0 0 0 0 0 0 0 0 0 0 0 0 0 0 0 0 0 0 0 0 0 0 0 0 0 0</float_array>
                    <technique_common>
                        <accessor count="27" source="#ID81" stride="3">
                            <param name="X" type="float" />
                            <param name="Y" type="float" />
                            <param name="Z" type="float" />
                        </accessor>
                    </technique_common>
                </source>
                <source id="ID78">
                    <Name_array id="ID82" count="0" />
                    <technique_common>
                        <accessor count="0" source="#ID82" stride="1">
                            <param name="skp_material" type="Name" />
                        </accessor>
                    </technique_common>
                </source>
                <vertices id="ID79">
                    <input semantic="POSITION" source="#ID76" />
                    <input semantic="NORMAL" source="#ID77" />
                </vertices>
                <triangles count="14" material="Material2">
                    <input offset="0" semantic="VERTEX" source="#ID79" />
                    <p>0 1 2 1 0 3 3 0 4 4 0 5 5 0 6 6 0 7 7 0 8 9 10 11 11 10 12 12 10 13 13 10 14 14 10 15 15 10 16 17 16 10</p>
                </triangles>
                <lines count="9" material="Material3">
                    <input offset="0" semantic="VERTEX" source="#ID79" />
                    <p>18 19 20 19 21 20 22 21 23 22 23 24 24 25 25 26 26 18</p>
                </lines>
            </mesh>
        </geometry>
        <geometry id="ID83">
            <mesh>
                <source id="ID84">
                    <float_array id="ID88" count="153">22.77794 72 153 22.77794 2 126.25 22.77794 2 153 22.77794 26 135 22.77794 2 113 22.77794 48 135 22.77794 48 118 22.77794 40 115 22.77794 40 118 22.77794 40 113 22.77794 72 113 22.77794 72 126.25 22.77794 26 118 22.77794 34 113 22.77794 26 134.5 22.77794 34 118 22.77794 34 115 22.77794 34 115 22.77794 34 118 22.77794 34 113 22.77794 26 118 22.77794 26 134.5 22.77794 26 135 22.77794 2 113 22.77794 72 126.25 22.77794 72 153 22.77794 72 113 22.77794 48 118 22.77794 40 113 22.77794 40 115 22.77794 40 118 22.77794 48 135 22.77794 2 126.25 22.77794 2 153 22.77794 34 113 22.77794 2 113 22.77794 2 126.25 22.77794 2 153 22.77794 72 153 22.77794 72 126.25 22.77794 72 113 22.77794 40 113 22.77794 40 115 22.77794 40 118 22.77794 48 118 22.77794 48 135 22.77794 26 135 22.77794 26 134.5 22.77794 26 118 22.77794 34 118 22.77794 34 115</float_array>
                    <technique_common>
                        <accessor count="51" source="#ID88" stride="3">
                            <param name="X" type="float" />
                            <param name="Y" type="float" />
                            <param name="Z" type="float" />
                        </accessor>
                    </technique_common>
                </source>
                <source id="ID85">
                    <float_array id="ID89" count="153">-1 0 0 -1 0 0 -1 0 0 -1 0 0 -1 0 0 -1 0 0 -1 0 0 -1 0 0 -1 0 0 -1 0 0 -1 0 0 -1 0 0 -1 0 0 -1 0 0 -1 0 0 -1 0 0 -1 0 0 1 -0 -0 1 -0 -0 1 -0 -0 1 -0 -0 1 -0 -0 1 -0 -0 1 -0 -0 1 -0 -0 1 -0 -0 1 -0 -0 1 -0 -0 1 -0 -0 1 -0 -0 1 -0 -0 1 -0 -0 1 -0 -0 1 -0 -0 0 0 0 0 0 0 0 0 0 0 0 0 0 0 0 0 0 0 0 0 0 0 0 0 0 0 0 0 0 0 0 0 0 0 0 0 0 0 0 0 0 0 0 0 0 0 0 0 0 0 0</float_array>
                    <technique_common>
                        <accessor count="51" source="#ID89" stride="3">
                            <param name="X" type="float" />
                            <param name="Y" type="float" />
                            <param name="Z" type="float" />
                        </accessor>
                    </technique_common>
                </source>
                <source id="ID86">
                    <Name_array id="ID90" count="0" />
                    <technique_common>
                        <accessor count="0" source="#ID90" stride="1">
                            <param name="skp_material" type="Name" />
                        </accessor>
                    </technique_common>
                </source>
                <vertices id="ID87">
                    <input semantic="POSITION" source="#ID84" />
                    <input semantic="NORMAL" source="#ID85" />
                </vertices>
                <triangles count="30" material="Material2">
                    <input offset="0" semantic="VERTEX" source="#ID87" />
                    <p>0 1 2 1 0 3 1 3 4 3 0 5 5 0 6 6 7 8 7 6 9 9 6 10 10 6 0 10 0 11 4 12 13 12 4 3 12 3 14 13 12 15 13 15 16 17 18 19 18 20 19 21 22 20 22 23 20 19 20 23 24 25 26 25 27 26 26 27 28 28 27 29 30 29 27 27 25 31 31 25 22 23 22 32 22 25 32 33 32 25</p>
                </triangles>
                <lines count="15" material="Material3">
                    <input offset="0" semantic="VERTEX" source="#ID87" />
                    <p>34 35 35 36 36 37 37 38 38 39 39 40 40 41 41 42 44 43 45 44 46 45 47 46 48 47 49 48 50 34</p>
                </lines>
                <lines count="2" material="Material4">
                    <input offset="0" semantic="VERTEX" source="#ID87" />
                    <p>43 42 49 50</p>
                </lines>
            </mesh>
        </geometry>
        <geometry id="ID91">
            <mesh>
                <source id="ID92">
                    <float_array id="ID96" count="108">23.77794 71 152 23.77794 3 114 23.77794 3 152 23.77794 33.25 120.5 23.77794 34 120.5 23.77794 40 120.5 23.77794 40.75 120.5 23.77794 40.75 115 23.77794 40.75 114 23.77794 71 114 23.77794 33.25 114 23.77794 33.25 115 23.77794 33.25 115 23.77794 33.25 120.5 23.77794 33.25 114 23.77794 3 114 23.77794 71 114 23.77794 71 152 23.77794 40.75 114 23.77794 40.75 115 23.77794 40.75 120.5 23.77794 40 120.5 23.77794 34 120.5 23.77794 3 152 23.77794 71 114 23.77794 40.75 114 23.77794 40.75 115 23.77794 40.75 120.5 23.77794 40 120.5 23.77794 34 120.5 23.77794 33.25 120.5 23.77794 33.25 115 23.77794 33.25 114 23.77794 3 114 23.77794 3 152 23.77794 71 152</float_array>
                    <technique_common>
                        <accessor count="36" source="#ID96" stride="3">
                            <param name="X" type="float" />
                            <param name="Y" type="float" />
                            <param name="Z" type="float" />
                        </accessor>
                    </technique_common>
                </source>
                <source id="ID93">
                    <float_array id="ID97" count="108">-1 0 0 -1 0 0 -1 0 0 -1 0 0 -1 0 0 -1 0 0 -1 0 0 -1 0 0 -1 0 0 -1 0 0 -1 0 0 -1 0 0 1 -0 -0 1 -0 -0 1 -0 -0 1 -0 -0 1 -0 -0 1 -0 -0 1 -0 -0 1 -0 -0 1 -0 -0 1 -0 -0 1 -0 -0 1 -0 -0 0 0 0 0 0 0 0 0 0 0 0 0 0 0 0 0 0 0 0 0 0 0 0 0 0 0 0 0 0 0 0 0 0 0 0 0</float_array>
                    <technique_common>
                        <accessor count="36" source="#ID97" stride="3">
                            <param name="X" type="float" />
                            <param name="Y" type="float" />
                            <param name="Z" type="float" />
                        </accessor>
                    </technique_common>
                </source>
                <source id="ID94">
                    <Name_array id="ID98" count="0" />
                    <technique_common>
                        <accessor count="0" source="#ID98" stride="1">
                            <param name="skp_material" type="Name" />
                        </accessor>
                    </technique_common>
                </source>
                <vertices id="ID95">
                    <input semantic="POSITION" source="#ID92" />
                    <input semantic="NORMAL" source="#ID93" />
                </vertices>
                <triangles count="20" material="Material2">
                    <input offset="0" semantic="VERTEX" source="#ID95" />
                    <p>0 1 2 1 0 3 3 0 4 4 0 5 5 0 6 6 0 7 7 0 8 8 0 9 3 10 1 10 3 11 12 13 14 15 14 13 16 17 18 18 17 19 19 17 20 20 17 21 21 17 22 22 17 13 13 17 15 23 15 17</p>
                </triangles>
                <lines count="12" material="Material3">
                    <input offset="0" semantic="VERTEX" source="#ID95" />
                    <p>24 25 26 25 27 26 28 27 29 28 29 30 30 31 31 32 32 33 33 34 34 35 35 24</p>
                </lines>
            </mesh>
        </geometry>
        <geometry id="ID99">
            <mesh>
                <source id="ID100">
                    <float_array id="ID104" count="2544">154.9004 33.75 112.3793 131.4306 40.25 120 131.4306 33.75 120 154.9004 40.25 112.3793 154.9004 40.25 112.3793 154.9004 33.75 112.3793 131.4306 40.25 120 131.4306 33.75 120 154.9004 33.75 112.3793 154.9004 40.25 112.3793 131.4306 40.25 120 131.4306 33.75 120 168.6806 33.75 100.25 154.9004 40.25 112.3793 154.9004 33.75 112.3793 168.6806 40.25 100.25 168.6806 40.25 100.25 168.6806 33.75 100.25 154.9004 40.25 112.3793 154.9004 33.75 112.3793 168.6806 33.75 100.25 168.6806 40.25 100.25 61.82653 40.25 120 130.9959 40.25 117.2539 61.82653 40.25 117.2539 87.17794 40.25 120 167.871 40.25 84.5192 168.6806 40.25 100.25 171.6769 40.25 81.60238 167.871 40.25 87.97904 166.1257 40.25 98.84039 153.5122 40.25 109.9428 154.9004 40.25 112.3793 131.4306 40.25 120 87.17794 40.25 120 130.9959 40.25 117.2539 131.4306 40.25 120 154.9004 40.25 112.3793 153.5122 40.25 109.9428 168.6806 40.25 100.25 166.1257 40.25 98.84039 167.871 40.25 87.97904 167.871 40.25 84.5192 171.6769 40.25 81.60238 61.82653 40.25 120 61.82653 40.25 117.2539 61.82653 40.25 117.2539 130.9959 40.25 117.2539 61.82653 40.25 120 87.17794 40.25 120 171.6769 40.25 81.60238 167.871 40.25 84.5192 167.871 40.25 87.97904 166.1257 40.25 98.84039 153.5122 40.25 109.9428 131.4306 33.75 120 87.17794 37 120 87.17794 33.75 120 129.1377 36.30209 120 128.9808 36.5065 120 128.8822 36.74455 120 128.8486 37 120 129.3421 36.14523 120 129.5802 36.04663 120 129.8356 36.013 120 130.0911 36.04663 120 130.3291 36.14523 120 130.5335 36.30209 120 130.6904 36.5065 120 130.789 36.74455 120 130.8226 37 120 131.4306 40.25 120 87.17794 40.25 120 129.1377 37.69791 120 128.9808 37.4935 120 128.8822 37.25545 120 129.3421 37.85477 120 129.5802 37.95337 120 129.8356 37.987 120 130.0911 37.95337 120 130.3291 37.85477 120 130.5335 37.69791 120 130.6904 37.4935 120 130.789 37.25545 120 131.4306 33.75 120 130.8226 37 120 131.4306 40.25 120 130.789 37.25545 120 130.6904 37.4935 120 130.5335 37.69791 120 130.3291 37.85477 120 130.0911 37.95337 120 129.8356 37.987 120 129.5802 37.95337 120 129.3421 37.85477 120 129.1377 37.69791 120 128.8486 37 120 87.17794 37 120 128.8822 37.25545 120 128.9808 37.4935 120 87.17794 40.25 120 130.789 36.74455 120 130.6904 36.5065 120 130.5335 36.30209 120 130.3291 36.14523 120 130.0911 36.04663 120 129.8356 36.013 120 129.5802 36.04663 120 129.3421 36.14523 120 129.1377 36.30209 120 128.8822 36.74455 120 128.9808 36.5065 120 87.17794 33.75 120 87.17794 37 120 87.17794 33.75 120 130.6904 36.5065 120 130.789 36.74455 120 130.5335 36.30209 120 130.3291 36.14523 120 130.0911 36.04663 120 129.8356 36.013 120 129.5802 36.04663 120 129.3421 36.14523 120 129.1377 36.30209 120 128.9808 36.5065 120 128.8822 36.74455 120 128.8486 37 120 128.8822 37.25545 120 128.9808 37.4935 120 129.1377 37.69791 120 129.3421 37.85477 120 129.5802 37.95337 120 129.8356 37.987 120 130.0911 37.95337 120 130.3291 37.85477 120 130.5335 37.69791 120 130.6904 37.4935 120 130.789 37.25545 120 130.8226 37 120 168.6806 33.75 100.25 167.871 33.75 84.5192 171.6769 33.75 81.60238 167.871 33.75 87.97904 166.1257 33.75 98.84039 153.5122 33.75 109.9428 154.9004 33.75 112.3793 130.9959 33.75 117.2539 131.4306 33.75 120 61.82653 33.75 117.2539 61.82653 33.75 120 87.17794 33.75 120 87.17794 33.75 120 131.4306 33.75 120 61.82653 33.75 120 61.82653 33.75 117.2539 130.9959 33.75 117.2539 154.9004 33.75 112.3793 153.5122 33.75 109.9428 168.6806 33.75 100.25 166.1257 33.75 98.84039 167.871 33.75 87.97904 167.871 33.75 84.5192 171.6769 33.75 81.60238 61.82653 33.75 117.2539 61.82653 33.75 120 130.9959 33.75 117.2539 153.5122 33.75 109.9428 166.1257 33.75 98.84039 167.871 33.75 87.97904 167.871 33.75 84.5192 171.6769 33.75 81.60238 171.6769 40.25 81.60238 168.6806 33.75 100.25 171.6769 33.75 81.60238 168.6806 40.25 100.25 168.6806 40.25 100.25 171.6769 40.25 81.60238 168.6806 33.75 100.25 171.6769 33.75 81.60238 130.9959 40.25 117.2539 61.82653 40 117.2539 61.82653 40.25 117.2539 130.9959 40 117.2539 130.9959 40 117.2539 130.9959 40.25 117.2539 61.82653 40 117.2539 61.82653 40.25 117.2539 61.82653 40 117.2539 130.9959 40 117.2539 61.82653 40.25 120 61.82653 33.75 117.2539 61.82653 33.75 120 61.82653 34 117.2539 61.82653 34 114 61.82653 40 117.2539 61.82653 40.25 117.2539 61.82653 40 114 61.82653 40 117.2539 61.82653 34 114 61.82653 40 114 61.82653 40.25 117.2539 61.82653 40.25 120 61.82653 34 117.2539 61.82653 33.75 117.2539 61.82653 33.75 120 61.82653 40 114 61.82653 34 114 61.82653 34 117.2539 61.82653 33.75 120 87.17794 40.25 120 61.82653 40.25 120 87.17794 33.75 120 87.17794 37 120 87.17794 37 120 87.17794 33.75 120 87.17794 40.25 120 61.82653 33.75 120 61.82653 40.25 120 171.6769 40.25 81.60238 167.871 40 84.5192 167.871 40.25 84.5192 167.871 34 84.5192 167.871 33.75 84.5192 171.6769 33.75 81.60238 161.3046 34 89.55148 161.3046 40 89.55148 167.871 34 84.5192 167.871 40 84.5192 161.3046 34 89.55148 161.3046 40 89.55148 171.6769 33.75 81.60238 171.6769 40.25 81.60238 167.871 33.75 84.5192 167.871 40.25 84.5192 161.3046 34 89.55148 161.3046 40 89.55148 167.871 40 84.5192 167.871 34 84.5192 167.871 40.25 87.97904 167.871 40 84.5192 167.871 40 87.97904 167.871 40.25 84.5192 167.871 40.25 84.5192 167.871 40.25 87.97904 167.871 40 84.5192 167.871 40 87.97904 167.871 40 87.97904 166.1257 40.25 98.84039 167.871 40 87.97904 166.1257 40 98.84039 167.871 40.25 87.97904 167.871 40.25 87.97904 166.1257 40.25 98.84039 167.871 40 87.97904 166.1257 40 98.84039 166.1257 40 98.84039 166.1257 40.25 98.84039 153.5122 40 109.9428 153.5122 40.25 109.9428 166.1257 40 98.84039 166.1257 40 98.84039 166.1257 40.25 98.84039 153.5122 40 109.9428 153.5122 40.25 109.9428 153.5122 40 109.9428 153.5122 40.25 109.9428 130.9959 40 117.2539 130.9959 40.25 117.2539 153.5122 40 109.9428 153.5122 40 109.9428 153.5122 40.25 109.9428 130.9959 40 117.2539 130.9959 40.25 117.2539 87.27833 44.32962 120.0203 87.17794 40.25 120 87.17794 44.32962 120 87.17794 37 120 87.34618 37 120.0341 87.33475 44.32962 120.0318 87.34618 44.32962 120.0341 87.34618 44.32962 120.0341 87.33475 44.32962 120.0318 87.34618 37 120.0341 87.27833 44.32962 120.0203 87.17794 37 120 87.17794 40.25 120 87.17794 44.32962 120 87.34618 37 120.0341 87.17794 44.32962 120 87.27833 44.32962 120.0203 87.33475 44.32962 120.0318 87.34618 44.32962 120.0341 87.1599 44.32962 120.0028 87.00971 37 120.0341 87.00971 44.32962 120.0341 87.17794 37 120 87.17794 37 120 87.1599 44.32962 120.0028 87.00971 37 120.0341 87.00971 44.32962 120.0341 87.00971 37 120.0341 87.00971 44.32962 120.0341 87.1599 44.32962 120.0028 87.17794 37 120 87.00971 29.67038 120.0341 87.00971 37 120.0341 87.1599 29.67038 120.0028 87.17794 29.67038 120 87.17794 33.75 120 87.17794 33.75 120 87.17794 37 120 87.17794 29.67038 120 87.1599 29.67038 120.0028 87.00971 29.67038 120.0341 87.00971 37 120.0341 87.17794 29.67038 120 87.1599 29.67038 120.0028 87.00971 29.67038 120.0341 87.34618 37 120.0341 87.17794 37 120 87.27833 29.67038 120.0203 87.33475 29.67038 120.0318 87.34618 29.67038 120.0341 87.34618 29.67038 120.0341 87.34618 37 120.0341 87.33475 29.67038 120.0318 87.27833 29.67038 120.0203 87.17794 37 120 87.34618 29.67038 120.0341 87.33475 29.67038 120.0318 87.27833 29.67038 120.0203 130.9959 34 117.2539 61.82653 33.75 117.2539 61.82653 34 117.2539 130.9959 33.75 117.2539 130.9959 33.75 117.2539 130.9959 34 117.2539 61.82653 33.75 117.2539 61.82653 34 117.2539 130.9959 34 117.2539 153.5122 34 109.9428 130.9959 33.75 117.2539 130.9959 34 117.2539 153.5122 33.75 109.9428 153.5122 33.75 109.9428 153.5122 34 109.9428 130.9959 33.75 117.2539 130.9959 34 117.2539 153.5122 34 109.9428 166.1257 34 98.84039 153.5122 33.75 109.9428 153.5122 34 109.9428 166.1257 33.75 98.84039 166.1257 33.75 98.84039 166.1257 34 98.84039 153.5122 33.75 109.9428 153.5122 34 109.9428 166.1257 34 98.84039 166.1257 34 98.84039 167.871 33.75 87.97904 166.1257 33.75 98.84039 167.871 34 87.97904 167.871 34 87.97904 166.1257 34 98.84039 167.871 33.75 87.97904 166.1257 33.75 98.84039 167.871 34 87.97904 167.871 34 87.97904 167.871 33.75 84.5192 167.871 33.75 87.97904 167.871 34 84.5192 167.871 34 84.5192 167.871 34 87.97904 167.871 33.75 84.5192 167.871 33.75 87.97904 128.6231 40 109.0625 141.0592 40 102.6765 141.3109 40 101.5753 161.3046 40 89.55148 167.871 40 87.97904 167.871 40 84.5192 166.1257 40 98.84039 153.5122 40 109.9428 61.82653 40 114 130.9959 40 117.2539 61.82653 40 117.2539 61.82653 40 117.2539 61.82653 40 114 130.9959 40 117.2539 153.5122 40 109.9428 128.6231 40 109.0625 141.0592 40 102.6765 166.1257 40 98.84039 161.3046 40 89.55148 167.871 40 87.97904 167.871 40 84.5192 141.3109 40 101.5753 128.6231 40 109.0625 141.0592 40 102.6765 141.3109 40 101.5753 128.6231 40 109.0625 61.82653 34 114 61.82653 40 114 128.6231 34 109.0625 128.6231 34 109.0625 128.6231 40 109.0625 61.82653 34 114 61.82653 40 114 128.6231 34 109.0625 167.871 34 87.97904 161.3046 34 89.55148 167.871 34 84.5192 166.1257 34 98.84039 141.0592 34 102.6765 153.5122 34 109.9428 128.6231 34 109.0625 61.82653 34 114 130.9959 34 117.2539 61.82653 34 117.2539 141.3109 34 101.5753 141.0592 34 102.6765 141.3109 34 101.5753 128.6231 34 109.0625 61.82653 34 117.2539 130.9959 34 117.2539 61.82653 34 114 153.5122 34 109.9428 166.1257 34 98.84039 161.3046 34 89.55148 167.871 34 87.97904 167.871 34 84.5192 141.3109 34 101.5753 141.0592 34 102.6765 161.3046 40 89.55148 150.2694 34 89.55148 150.2694 40 89.55148 161.3046 34 89.55148 161.3046 34 89.55148 161.3046 40 89.55148 150.2694 34 89.55148 150.2694 40 89.55148 150.2694 34 89.55148 150.2694 40 89.55148 87.34618 37 120.0341 87.00971 37 120.0341 87.17794 37 120 87.50294 37 120.134 86.85294 37 120.134 87.63756 37 120.2929 86.71832 37 120.2929 87.74086 37 120.5 86.61503 37 120.5 87.80579 37 120.7412 86.55009 37 120.7412 87.82794 37 121 86.52794 37 121 87.80579 37 121.2588 86.55009 37 121.2588 87.74086 37 121.5 86.61503 37 121.5 87.63756 37 121.7071 86.71832 37 121.7071 87.50294 37 121.866 86.85294 37 121.866 87.34618 37 121.9659 87.00971 37 121.9659 87.17794 37 122 87.17794 37 122 87.34618 37 121.9659 87.00971 37 121.9659 86.85294 37 121.866 87.50294 37 121.866 86.71832 37 121.7071 87.63756 37 121.7071 86.61503 37 121.5 87.74086 37 121.5 86.55009 37 121.2588 87.80579 37 121.2588 86.52794 37 121 87.82794 37 121 86.55009 37 120.7412 87.80579 37 120.7412 86.61503 37 120.5 87.74086 37 120.5 86.71832 37 120.2929 87.63756 37 120.2929 86.85294 37 120.134 87.50294 37 120.134 87.00971 37 120.0341 87.34618 37 120.0341 87.17794 37 120 86.52794 37 121 86.55009 37 120.7412 86.61503 37 120.5 86.71832 37 120.2929 86.85294 37 120.134 87.50294 37 120.134 87.63756 37 120.2929 87.74086 37 120.5 87.80579 37 120.7412 87.82794 37 121 87.80579 37 121.2588 87.74086 37 121.5 87.63756 37 121.7071 87.50294 37 121.866 87.34618 37 121.9659 87.17794 37 122 87.00971 37 121.9659 86.85294 37 121.866 86.71832 37 121.7071 86.61503 37 121.5 86.55009 37 121.2588 87.41905 44.32962 120.0805 87.50294 37 120.134 87.49341 44.32962 120.1279 87.50294 44.32962 120.134 87.50294 44.32962 120.134 87.49341 44.32962 120.1279 87.50294 37 120.134 87.41905 44.32962 120.0805 87.41905 44.32962 120.0805 87.49341 44.32962 120.1279 87.50294 44.32962 120.134 86.85294 44.32962 120.134 86.85294 37 120.134 86.85294 44.32962 120.134 86.85294 37 120.134 86.85294 44.32962 120.134 86.85294 29.67038 120.134 86.85294 37 120.134 86.85294 29.67038 120.134 86.85294 37 120.134 86.85294 29.67038 120.134 87.50294 37 120.134 87.41905 29.67038 120.0805 87.49341 29.67038 120.1279 87.50294 29.67038 120.134 87.50294 29.67038 120.134 87.50294 37 120.134 87.49341 29.67038 120.1279 87.41905 29.67038 120.0805 87.50294 29.67038 120.134 87.49341 29.67038 120.1279 87.41905 29.67038 120.0805 146.3106 40 98.625 161.3046 40 89.55148 150.2694 40 89.55148 141.0592 40 102.6765 141.3109 40 101.5753 141.3109 40 101.5753 146.3106 40 98.625 141.0592 40 102.6765 161.3046 40 89.55148 150.2694 40 89.55148 146.3106 40 98.625 141.3109 40 101.5753 128.6231 34 109.0625 128.6231 40 109.0625 141.3109 34 101.5753 146.3106 40 98.625 146.3106 34 98.625 146.3106 34 98.625 146.3106 40 98.625 141.3109 34 101.5753 141.3109 40 101.5753 128.6231 34 109.0625 128.6231 40 109.0625 146.3106 34 98.625 146.3106 34 98.625 150.2694 34 89.55148 146.3106 34 98.625 150.2694 34 89.55148 146.3106 40 98.625 150.2694 34 89.55148 146.3106 34 98.625 150.2694 40 89.55148 150.2694 40 89.55148 146.3106 40 98.625 150.2694 34 89.55148 146.3106 34 98.625 86.52794 36.25 121 86.55009 29.67038 120.7412 86.52794 29.67038 121 86.55009 37 120.7412 86.52794 37 121 86.52794 37 121 86.52794 36.25 121 86.55009 37 120.7412 86.55009 29.67038 120.7412 86.52794 29.67038 121 86.55009 29.67038 120.7412 86.52794 29.67038 121 86.52794 36.25 121 86.52794 37.75 121 86.55009 37 120.7412 86.52794 37 121 86.55009 44.32962 120.7412 86.52794 44.32962 121 86.52794 44.32962 121 86.52794 37.75 121 86.55009 44.32962 120.7412 86.55009 37 120.7412 86.52794 37 121 86.52794 37.75 121 86.52794 44.32962 121 86.55009 44.32962 120.7412 86.61503 29.67038 120.5 86.61503 37 120.5 86.61503 37 120.5 86.61503 29.67038 120.5 86.61503 29.67038 120.5 86.61503 37 120.5 86.61503 44.32962 120.5 86.61503 44.32962 120.5 86.61503 37 120.5 86.61503 44.32962 120.5 86.71832 37 120.2929 86.71832 44.32962 120.2929 86.71832 44.32962 120.2929 86.71832 37 120.2929 86.71832 44.32962 120.2929 86.71832 29.67038 120.2929 86.71832 37 120.2929 86.71832 37 120.2929 86.71832 29.67038 120.2929 86.71832 29.67038 120.2929 87.63756 37 120.2929 87.63756 44.32962 120.2929 87.56362 44.32962 120.2056 87.62774 44.32962 120.2813 87.62774 44.32962 120.2813 87.56362 44.32962 120.2056 87.63756 44.32962 120.2929 87.63756 37 120.2929 87.56362 44.32962 120.2056 87.62774 44.32962 120.2813 87.63756 44.32962 120.2929 87.56362 29.67038 120.2056 87.62774 29.67038 120.2813 87.63756 29.67038 120.2929 87.63756 37 120.2929 87.63756 37 120.2929 87.63756 29.67038 120.2929 87.62774 29.67038 120.2813 87.56362 29.67038 120.2056 87.63756 29.67038 120.2929 87.62774 29.67038 120.2813 87.56362 29.67038 120.2056 87.74086 37 120.5 87.74086 44.32962 120.5 87.6978 44.32962 120.4137 87.73046 44.32962 120.4792 87.73046 44.32962 120.4792 87.6978 44.32962 120.4137 87.74086 44.32962 120.5 87.74086 37 120.5 87.6978 44.32962 120.4137 87.73046 44.32962 120.4792 87.74086 44.32962 120.5 87.6978 29.67038 120.4137 87.73046 29.67038 120.4792 87.74086 29.67038 120.5 87.74086 37 120.5 87.74086 37 120.5 87.74086 29.67038 120.5 87.73046 29.67038 120.4792 87.6978 29.67038 120.4137 87.74086 29.67038 120.5 87.73046 29.67038 120.4792 87.6978 29.67038 120.4137 87.80579 37 120.7412 87.80579 44.32962 120.7412 87.79688 44.32962 120.7078 87.79688 44.32962 120.7078 87.80579 44.32962 120.7412 87.80579 37 120.7412 87.79688 44.32962 120.7078 87.80579 44.32962 120.7412 87.79688 29.67038 120.7078 87.80579 29.67038 120.7412 87.80579 37 120.7412 87.80579 37 120.7412 87.80579 29.67038 120.7412 87.79688 29.67038 120.7078 87.80579 29.67038 120.7412 87.79688 29.67038 120.7078 87.82794 37 121 87.82794 37.75 121 87.82794 44.32962 121 87.82794 44.32962 121 87.82794 37.75 121 87.82794 37 121 87.82794 44.32962 121 87.82794 37.75 121 87.82794 29.67038 121 87.82794 36.25 121 87.82794 37 121 87.82794 37 121 87.82794 36.25 121 87.82794 29.67038 121 87.82794 36.25 121 87.82794 29.67038 121 87.80579 37 121.2588 87.80579 44.32962 121.2588 87.80579 44.32962 121.2588 87.80579 37 121.2588 87.80579 44.32962 121.2588 87.80579 29.67038 121.2588 87.80579 37 121.2588 87.80579 37 121.2588 87.80579 29.67038 121.2588 87.80579 29.67038 121.2588 87.74086 29.67038 121.5 87.74086 37 121.5 87.74086 37 121.5 87.74086 29.67038 121.5 87.74086 29.67038 121.5 87.74086 37 121.5 87.74086 44.32962 121.5 87.74086 44.32962 121.5 87.74086 37 121.5 87.74086 44.32962 121.5 87.63756 37 121.7071 87.63756 44.32962 121.7071 87.63756 44.32962 121.7071 87.63756 37 121.7071 87.63756 44.32962 121.7071 87.63756 29.67038 121.7071 87.63756 37 121.7071 87.63756 37 121.7071 87.63756 29.67038 121.7071 87.63756 29.67038 121.7071 87.50294 37 121.866 87.50294 44.32962 121.866 87.50294 44.32962 121.866 87.50294 37 121.866 87.50294 44.32962 121.866 87.50294 29.67038 121.866 87.50294 37 121.866 87.50294 37 121.866 87.50294 29.67038 121.866 87.50294 29.67038 121.866 87.34618 37 121.9659 87.34618 29.67038 121.9659 87.34618 37 121.9659 87.34618 29.67038 121.9659 87.34618 29.67038 121.9659 87.34618 37 121.9659 87.34618 44.32962 121.9659 87.34618 37 121.9659 87.34618 44.32962 121.9659 87.34618 44.32962 121.9659 87.17794 37 122 87.19599 44.32962 121.9972 87.17794 44.32962 122 87.19599 44.32962 121.9972 87.17794 37 122 87.17794 44.32962 122 87.19599 44.32962 121.9972 87.17794 44.32962 122 87.19599 29.67038 121.9972 87.17794 37 122 87.17794 29.67038 122 87.19599 29.67038 121.9972 87.17794 37 122 87.17794 29.67038 122 87.17794 29.67038 122 87.19599 29.67038 121.9972 87.02113 29.67038 121.9682 87.00971 37 121.9659 87.00971 29.67038 121.9659 87.07756 29.67038 121.9797 87.07756 29.67038 121.9797 87.02113 29.67038 121.9682 87.00971 37 121.9659 87.00971 29.67038 121.9659 87.00971 29.67038 121.9659 87.02113 29.67038 121.9682 87.07756 29.67038 121.9797 87.00971 37 121.9659 87.02113 44.32962 121.9682 87.00971 44.32962 121.9659 87.07756 44.32962 121.9797 87.07756 44.32962 121.9797 87.02113 44.32962 121.9682 87.00971 37 121.9659 87.00971 44.32962 121.9659 87.07756 44.32962 121.9797 87.02113 44.32962 121.9682 87.00971 44.32962 121.9659 86.85294 44.32962 121.866 86.85294 37 121.866 86.86248 44.32962 121.8721 86.93683 44.32962 121.9195 86.93683 44.32962 121.9195 86.86248 44.32962 121.8721 86.85294 44.32962 121.866 86.85294 37 121.866 86.93683 44.32962 121.9195 86.86248 44.32962 121.8721 86.85294 44.32962 121.866 86.86248 29.67038 121.8721 86.85294 37 121.866 86.85294 29.67038 121.866 86.93683 29.67038 121.9195 86.93683 29.67038 121.9195 86.86248 29.67038 121.8721 86.85294 37 121.866 86.85294 29.67038 121.866 86.85294 29.67038 121.866 86.86248 29.67038 121.8721 86.93683 29.67038 121.9195 86.79227 29.67038 121.7944 86.71832 29.67038 121.7071 86.71832 37 121.7071 86.71832 37 121.7071 86.71832 29.67038 121.7071 86.79227 29.67038 121.7944 86.71832 29.67038 121.7071 86.79227 29.67038 121.7944 86.71832 37 121.7071 86.71832 44.32962 121.7071 86.79227 44.32962 121.7944 86.79227 44.32962 121.7944 86.71832 44.32962 121.7071 86.71832 37 121.7071 86.79227 44.32962 121.7944 86.71832 44.32962 121.7071 86.61503 29.67038 121.5 86.61503 37 121.5 86.61503 37 121.5 86.61503 29.67038 121.5 86.61503 29.67038 121.5 86.61503 37 121.5 86.61503 44.32962 121.5 86.61503 44.32962 121.5 86.61503 37 121.5 86.61503 44.32962 121.5 86.55009 29.67038 121.2588 86.55009 37 121.2588 86.55009 37 121.2588 86.55009 29.67038 121.2588 86.55009 29.67038 121.2588 86.55009 37 121.2588 86.55009 44.32962 121.2588 86.55009 44.32962 121.2588 86.55009 37 121.2588 86.55009 44.32962 121.2588</float_array>
                    <technique_common>
                        <accessor count="848" source="#ID104" stride="3">
                            <param name="X" type="float" />
                            <param name="Y" type="float" />
                            <param name="Z" type="float" />
                        </accessor>
                    </technique_common>
                </source>
                <source id="ID101">
                    <float_array id="ID105" count="2544">0.3088307 -0 0.951117 0.3088307 -0 0.951117 0.3088307 -0 0.951117 0.3088307 -0 0.951117 -0.3088307 0 -0.951117 -0.3088307 0 -0.951117 -0.3088307 0 -0.951117 -0.3088307 0 -0.951117 0 0 0 0 0 0 0 0 0 0 0 0 0.6607103 -0 0.750641 0.6607103 -0 0.750641 0.6607103 -0 0.750641 0.6607103 -0 0.750641 -0.6607103 0 -0.750641 -0.6607103 0 -0.750641 -0.6607103 0 -0.750641 -0.6607103 0 -0.750641 0 0 0 0 0 0 -0 1 -0 -0 1 -0 -0 1 -0 -0 1 -0 -0 1 -0 -0 1 -0 -0 1 -0 -0 1 -0 -0 1 -0 -0 1 -0 -0 1 -0 -0 1 -0 0 -1 0 0 -1 0 0 -1 0 0 -1 0 0 -1 0 0 -1 0 0 -1 0 0 -1 0 0 -1 0 0 -1 0 0 -1 0 0 -1 0 0 0 0 0 0 0 0 0 0 0 0 0 0 0 0 0 0 0 0 0 0 0 0 0 0 0 0 -2.140866e-16 2.186285e-15 1 -2.140866e-16 2.186285e-15 1 -2.140866e-16 2.186285e-15 1 -2.140866e-16 2.186285e-15 1 -2.140866e-16 2.186285e-15 1 -2.140866e-16 2.186285e-15 1 -2.140866e-16 2.186285e-15 1 -2.140866e-16 2.186285e-15 1 -2.140866e-16 2.186285e-15 1 -2.140866e-16 2.186285e-15 1 -2.140866e-16 2.186285e-15 1 -2.140866e-16 2.186285e-15 1 -2.140866e-16 2.186285e-15 1 -2.140866e-16 2.186285e-15 1 -2.140866e-16 2.186285e-15 1 -2.140866e-16 2.186285e-15 1 -2.140866e-16 2.186285e-15 1 -2.140866e-16 2.186285e-15 1 -2.140866e-16 2.186285e-15 1 -2.140866e-16 2.186285e-15 1 -2.140866e-16 2.186285e-15 1 -2.140866e-16 2.186285e-15 1 -2.140866e-16 2.186285e-15 1 -2.140866e-16 2.186285e-15 1 -2.140866e-16 2.186285e-15 1 -2.140866e-16 2.186285e-15 1 -2.140866e-16 2.186285e-15 1 -2.140866e-16 2.186285e-15 1 -2.140866e-16 2.186285e-15 1 2.140866e-16 -2.186285e-15 -1 2.140866e-16 -2.186285e-15 -1 2.140866e-16 -2.186285e-15 -1 2.140866e-16 -2.186285e-15 -1 2.140866e-16 -2.186285e-15 -1 2.140866e-16 -2.186285e-15 -1 2.140866e-16 -2.186285e-15 -1 2.140866e-16 -2.186285e-15 -1 2.140866e-16 -2.186285e-15 -1 2.140866e-16 -2.186285e-15 -1 2.140866e-16 -2.186285e-15 -1 2.140866e-16 -2.186285e-15 -1 2.140866e-16 -2.186285e-15 -1 2.140866e-16 -2.186285e-15 -1 2.140866e-16 -2.186285e-15 -1 2.140866e-16 -2.186285e-15 -1 2.140866e-16 -2.186285e-15 -1 2.140866e-16 -2.186285e-15 -1 2.140866e-16 -2.186285e-15 -1 2.140866e-16 -2.186285e-15 -1 2.140866e-16 -2.186285e-15 -1 2.140866e-16 -2.186285e-15 -1 2.140866e-16 -2.186285e-15 -1 2.140866e-16 -2.186285e-15 -1 2.140866e-16 -2.186285e-15 -1 2.140866e-16 -2.186285e-15 -1 2.140866e-16 -2.186285e-15 -1 2.140866e-16 -2.186285e-15 -1 2.140866e-16 -2.186285e-15 -1 0 0 0 0 0 0 0 0 0 0 0 0 0 0 0 0 0 0 0 0 0 0 0 0 0 0 0 0 0 0 0 0 0 0 0 0 0 0 0 0 0 0 0 0 0 0 0 0 0 0 0 0 0 0 0 0 0 0 0 0 0 0 0 0 0 0 0 0 0 0 0 0 0 0 0 0 0 0 0 -1 0 0 -1 0 0 -1 0 0 -1 0 0 -1 0 0 -1 0 0 -1 0 0 -1 0 0 -1 0 0 -1 0 0 -1 0 0 -1 0 -0 1 -0 -0 1 -0 -0 1 -0 -0 1 -0 -0 1 -0 -0 1 -0 -0 1 -0 -0 1 -0 -0 1 -0 -0 1 -0 -0 1 -0 -0 1 -0 0 0 0 0 0 0 0 0 0 0 0 0 0 0 0 0 0 0 0 0 0 0 0 0 0.9873355 -0 0.1586465 0.9873355 -0 0.1586465 0.9873355 -0 0.1586465 0.9873355 -0 0.1586465 -0.9873355 0 -0.1586465 -0.9873355 0 -0.1586465 -0.9873355 0 -0.1586465 -0.9873355 0 -0.1586465 2.0545e-16 0 -1 2.0545e-16 0 -1 2.0545e-16 0 -1 2.0545e-16 0 -1 -2.0545e-16 -0 1 -2.0545e-16 -0 1 -2.0545e-16 -0 1 -2.0545e-16 -0 1 0 0 0 0 0 0 -1 -1.430166e-15 -6.648961e-16 -1 -1.430166e-15 -6.648961e-16 -1 -1.430166e-15 -6.648961e-16 -1 -1.430166e-15 -6.648961e-16 -1 -1.430166e-15 -6.648961e-16 -1 -1.430166e-15 -6.648961e-16 -1 -1.430166e-15 -6.648961e-16 -1 -1.430166e-15 -6.648961e-16 1 1.430166e-15 6.648961e-16 1 1.430166e-15 6.648961e-16 1 1.430166e-15 6.648961e-16 1 1.430166e-15 6.648961e-16 1 1.430166e-15 6.648961e-16 1 1.430166e-15 6.648961e-16 1 1.430166e-15 6.648961e-16 1 1.430166e-15 6.648961e-16 0 0 0 0 0 0 0 0 0 3.737031e-16 2.186285e-15 1 3.737031e-16 2.186285e-15 1 3.737031e-16 2.186285e-15 1 3.737031e-16 2.186285e-15 1 3.737031e-16 2.186285e-15 1 -3.737031e-16 -2.186285e-15 -1 -3.737031e-16 -2.186285e-15 -1 -3.737031e-16 -2.186285e-15 -1 -3.737031e-16 -2.186285e-15 -1 -3.737031e-16 -2.186285e-15 -1 -0.6082867 -9.399502e-16 -0.7937174 -0.6082867 -9.399502e-16 -0.7937174 -0.6082867 -9.399502e-16 -0.7937174 -0.6082867 -9.399502e-16 -0.7937174 -0.6082867 -9.399502e-16 -0.7937174 -0.6082867 -9.399502e-16 -0.7937174 -0.6082867 -9.399502e-16 -0.7937174 -0.6082867 -9.399502e-16 -0.7937174 0.6082867 9.399502e-16 0.7937174 0.6082867 9.399502e-16 0.7937174 0.6082867 9.399502e-16 0.7937174 0.6082867 9.399502e-16 0.7937174 0.6082867 9.399502e-16 0.7937174 0.6082867 9.399502e-16 0.7937174 0.6082867 9.399502e-16 0.7937174 0.6082867 9.399502e-16 0.7937174 0 0 0 0 0 0 0 0 0 0 0 0 -1 0 0 -1 0 0 -1 0 0 -1 0 0 1 -0 -0 1 -0 -0 1 -0 -0 1 -0 -0 0 0 0 -0.9873355 -0 -0.1586465 -0.9873355 -0 -0.1586465 -0.9873355 -0 -0.1586465 -0.9873355 -0 -0.1586465 0.9873355 0 0.1586465 0.9873355 0 0.1586465 0.9873355 0 0.1586465 0.9873355 0 0.1586465 0 0 0 -0.6607103 -0 -0.750641 -0.6607103 -0 -0.750641 -0.6607103 -0 -0.750641 -0.6607103 -0 -0.750641 0.6607103 0 0.750641 0.6607103 0 0.750641 0.6607103 0 0.750641 0.6607103 0 0.750641 0 0 0 -0.3088307 -0 -0.951117 -0.3088307 -0 -0.951117 -0.3088307 -0 -0.951117 -0.3088307 -0 -0.951117 0.3088307 0 0.951117 0.3088307 0 0.951117 0.3088307 0 0.951117 0.3088307 0 0.951117 0.1985114 -2.678625e-14 -0.9800986 -0.0004036337 -1.960921e-05 -0.9999999 -0.0004037496 -1.960922e-05 -0.9999999 0.1985114 -2.678625e-14 -0.9800986 0.3742612 -2.07474e-14 -0.9273233 0.1985114 -2.678625e-14 -0.9800986 0.3742612 -2.07474e-14 -0.9273233 -0.3742612 2.07474e-14 0.9273233 -0.1985114 2.678625e-14 0.9800986 -0.3742612 2.07474e-14 0.9273233 -0.1985114 2.678625e-14 0.9800986 -0.1985114 2.678625e-14 0.9800986 0.0004036337 1.960921e-05 0.9999999 0.0004037496 1.960922e-05 0.9999999 0 0 0 0 0 0 0 0 0 0 0 0 0 0 0 -0.1993026 -3.843478e-05 -0.979938 -0.3746355 -1.954502e-05 -0.9271722 -0.3746355 -1.954502e-05 -0.9271722 -0.1993026 -3.843478e-05 -0.979938 0.1993026 3.843478e-05 0.979938 0.1993026 3.843478e-05 0.979938 0.3746355 1.954502e-05 0.9271722 0.3746355 1.954502e-05 0.9271722 0 0 0 0 0 0 0 0 0 -0.1993026 3.843478e-05 -0.979938 -0.3746355 1.954502e-05 -0.9271722 -0.3746355 1.954502e-05 -0.9271722 -0.1993026 3.843478e-05 -0.979938 -0.0004037496 1.960922e-05 -0.9999999 -0.0004036332 1.960921e-05 -0.9999999 0.0004036332 -1.960921e-05 0.9999999 0.1993026 -3.843478e-05 0.979938 0.0004037496 -1.960922e-05 0.9999999 0.1993026 -3.843478e-05 0.979938 0.3746355 -1.954502e-05 0.9271722 0.3746355 -1.954502e-05 0.9271722 0 0 0 0 0 0 0 0 0 0.3742612 -2.745965e-17 -0.9273233 0.1985114 -1.814004e-16 -0.9800986 0.1985114 -1.814004e-16 -0.9800986 0.1985114 -1.814004e-16 -0.9800986 0.3742612 -2.745965e-17 -0.9273233 -0.3742612 2.745965e-17 0.9273233 -0.3742612 2.745965e-17 0.9273233 -0.1985114 1.814004e-16 0.9800986 -0.1985114 1.814004e-16 0.9800986 -0.1985114 1.814004e-16 0.9800986 0 0 0 0 0 0 0 0 0 0 0 -1 0 0 -1 0 0 -1 0 0 -1 -0 -0 1 -0 -0 1 -0 -0 1 -0 -0 1 0 0 0 -0.3088307 -0 -0.951117 -0.3088307 -0 -0.951117 -0.3088307 -0 -0.951117 -0.3088307 -0 -0.951117 0.3088307 0 0.951117 0.3088307 0 0.951117 0.3088307 0 0.951117 0.3088307 0 0.951117 0 0 0 -0.6607103 -0 -0.750641 -0.6607103 -0 -0.750641 -0.6607103 -0 -0.750641 -0.6607103 -0 -0.750641 0.6607103 0 0.750641 0.6607103 0 0.750641 0.6607103 0 0.750641 0.6607103 0 0.750641 0 0 0 -0.9873355 -0 -0.1586465 -0.9873355 -0 -0.1586465 -0.9873355 -0 -0.1586465 -0.9873355 -0 -0.1586465 0.9873355 0 0.1586465 0.9873355 0 0.1586465 0.9873355 0 0.1586465 0.9873355 0 0.1586465 0 0 0 -1 -0 -0 -1 -0 -0 -1 -0 -0 -1 -0 -0 1 0 0 1 0 0 1 0 0 1 0 0 -3.687238e-17 1 -6.927209e-17 -3.687238e-17 1 -6.927209e-17 -3.687238e-17 1 -6.927209e-17 -3.687238e-17 1 -6.927209e-17 -3.687238e-17 1 -6.927209e-17 -3.687238e-17 1 -6.927209e-17 -3.687238e-17 1 -6.927209e-17 -3.687238e-17 1 -6.927209e-17 -3.687238e-17 1 -6.927209e-17 -3.687238e-17 1 -6.927209e-17 -3.687238e-17 1 -6.927209e-17 3.687238e-17 -1 6.927209e-17 3.687238e-17 -1 6.927209e-17 3.687238e-17 -1 6.927209e-17 3.687238e-17 -1 6.927209e-17 3.687238e-17 -1 6.927209e-17 3.687238e-17 -1 6.927209e-17 3.687238e-17 -1 6.927209e-17 3.687238e-17 -1 6.927209e-17 3.687238e-17 -1 6.927209e-17 3.687238e-17 -1 6.927209e-17 3.687238e-17 -1 6.927209e-17 0 0 0 0 0 0 0 0 0 -0.07371739 0 -0.9972792 -0.07371739 0 -0.9972792 -0.07371739 0 -0.9972792 -0.07371739 0 -0.9972792 0.07371739 -0 0.9972792 0.07371739 -0 0.9972792 0.07371739 -0 0.9972792 0.07371739 -0 0.9972792 0 0 0 0 -1 0 0 -1 0 0 -1 0 0 -1 0 0 -1 0 0 -1 0 0 -1 0 0 -1 0 0 -1 0 0 -1 0 0 -1 0 -0 1 -0 -0 1 -0 -0 1 -0 -0 1 -0 -0 1 -0 -0 1 -0 -0 1 -0 -0 1 -0 -0 1 -0 -0 1 -0 -0 1 -0 0 0 0 0 0 0 6.438845e-16 -1.184238e-15 -1 6.438845e-16 -1.184238e-15 -1 6.438845e-16 -1.184238e-15 -1 6.438845e-16 -1.184238e-15 -1 -6.438845e-16 1.184238e-15 1 -6.438845e-16 1.184238e-15 1 -6.438845e-16 1.184238e-15 1 -6.438845e-16 1.184238e-15 1 0 0 0 0 0 0 0 -1 0 0 -1 0 0 -1 0 0 -1 0 0 -1 0 0 -1 0 0 -1 0 0 -1 0 0 -1 0 0 -1 0 0 -1 0 0 -1 0 0 -1 0 0 -1 0 0 -1 0 0 -1 0 0 -1 0 0 -1 0 0 -1 0 0 -1 0 0 -1 0 0 -1 0 0 -1 0 0 -1 0 -0 1 -0 -0 1 -0 -0 1 -0 -0 1 -0 -0 1 -0 -0 1 -0 -0 1 -0 -0 1 -0 -0 1 -0 -0 1 -0 -0 1 -0 -0 1 -0 -0 1 -0 -0 1 -0 -0 1 -0 -0 1 -0 -0 1 -0 -0 1 -0 -0 1 -0 -0 1 -0 -0 1 -0 -0 1 -0 -0 1 -0 -0 1 -0 0 0 0 0 0 0 0 0 0 0 0 0 0 0 0 0 0 0 0 0 0 0 0 0 0 0 0 0 0 0 0 0 0 0 0 0 0 0 0 0 0 0 0 0 0 0 0 0 0 0 0 0 0 0 0 0 0 0 0 0 0 0 0 0.5374084 -1.400991e-14 -0.8433221 0.6576354 -9.581437e-15 -0.7533363 0.5374084 -1.400991e-14 -0.8433221 0.6576354 -9.581437e-15 -0.7533363 -0.6576354 9.581437e-15 0.7533363 -0.5374084 1.400991e-14 0.8433221 -0.6576354 9.581437e-15 0.7533363 -0.5374084 1.400991e-14 0.8433221 0 0 0 0 0 0 0 0 0 -0.6576354 -1.84351e-14 -0.7533363 -0.6576354 -1.84351e-14 -0.7533363 0.6576354 1.84351e-14 0.7533363 0.6576354 1.84351e-14 0.7533363 0 0 0 -0.6576354 0 -0.7533363 -0.6576354 0 -0.7533363 0.6576354 -0 0.7533363 0.6576354 -0 0.7533363 0 0 0 0.6576354 -5.144281e-17 -0.7533363 0.5374084 1.274057e-16 -0.8433221 0.5374084 1.274057e-16 -0.8433221 0.6576354 -5.144281e-17 -0.7533363 -0.6576354 5.144281e-17 0.7533363 -0.6576354 5.144281e-17 0.7533363 -0.5374084 -1.274057e-16 0.8433221 -0.5374084 -1.274057e-16 0.8433221 0 0 0 0 0 0 0 0 0 7.818832e-17 1 -1.709699e-15 7.818832e-17 1 -1.709699e-15 7.818832e-17 1 -1.709699e-15 7.818832e-17 1 -1.709699e-15 7.818832e-17 1 -1.709699e-15 -7.818832e-17 -1 1.709699e-15 -7.818832e-17 -1 1.709699e-15 -7.818832e-17 -1 1.709699e-15 -7.818832e-17 -1 1.709699e-15 -7.818832e-17 -1 1.709699e-15 0 0 0 -0.5082166 5.517953e-16 -0.8612293 -0.5082166 5.517953e-16 -0.8612293 -0.5082166 5.517953e-16 -0.8612293 -0.5082166 5.517953e-16 -0.8612293 -0.5082166 5.517953e-16 -0.8612293 -0.5082166 5.517953e-16 -0.8612293 0.5082166 -5.517953e-16 0.8612293 0.5082166 -5.517953e-16 0.8612293 0.5082166 -5.517953e-16 0.8612293 0.5082166 -5.517953e-16 0.8612293 0.5082166 -5.517953e-16 0.8612293 0.5082166 -5.517953e-16 0.8612293 0 0 0 0 -1 0 0 -1 0 -0 1 -0 -0 1 -0 -0.9165593 0 -0.3998988 -0.9165593 0 -0.3998988 -0.9165593 0 -0.3998988 -0.9165593 0 -0.3998988 0.9165593 -0 0.3998988 0.9165593 -0 0.3998988 0.9165593 -0 0.3998988 0.9165593 -0 0.3998988 -1 -1.180988e-19 -2.332064e-15 -0.9848682 -5.906718e-20 -0.1733047 -1 -1.180988e-19 -2.332064e-15 -0.9848682 -5.906718e-20 -0.1733047 -1 -1.180988e-19 -2.332064e-15 1 1.180988e-19 2.332064e-15 1 1.180988e-19 2.332064e-15 0.9848682 5.906718e-20 0.1733047 0.9848682 5.906718e-20 0.1733047 1 1.180988e-19 2.332064e-15 0 0 0 0 0 0 0 0 0 -1 -1.673167e-14 -2.026706e-10 -0.9848682 -3.732213e-14 -0.1733047 -1 -1.673167e-14 2.764782e-13 -0.9848682 -3.732213e-14 -0.1733047 -1 -1.673167e-14 2.776398e-13 1 1.673167e-14 -2.776398e-13 1 1.673167e-14 2.026706e-10 0.9848682 3.732213e-14 0.1733047 0.9848682 3.732213e-14 0.1733047 1 1.673167e-14 -2.764782e-13 0 0 0 0 0 0 0 0 0 -0.9348962 0 -0.3549211 -0.9348962 0 -0.3549211 0.9348962 -0 0.3549211 0.9348962 -0 0.3549211 0 0 0 -0.9348962 -3.17095e-14 -0.3549211 -0.9348962 -3.17095e-14 -0.3549211 0.9348962 3.17095e-14 0.3549211 0.9348962 3.17095e-14 0.3549211 0 0 0 -0.8349626 -7.814359e-15 -0.5503068 -0.8349626 -7.814359e-15 -0.5503068 0.8349626 7.814359e-15 0.5503068 0.8349626 7.814359e-15 0.5503068 0 0 0 -0.8349626 0 -0.5503068 -0.8349626 0 -0.5503068 0.8349626 -0 0.5503068 0.8349626 -0 0.5503068 0 0 0 0.8349626 6.531188e-17 -0.5503068 0.8349626 6.531188e-17 -0.5503068 0.7630315 -4.936881e-15 -0.6463613 0.7630315 -4.936881e-15 -0.6463613 -0.7630315 4.936881e-15 0.6463613 -0.7630315 4.936881e-15 0.6463613 -0.8349626 -6.531188e-17 0.5503068 -0.8349626 -6.531188e-17 0.5503068 0 0 0 0 0 0 0 0 0 0.7630315 -2.291312e-16 -0.6463613 0.7630315 -2.291312e-16 -0.6463613 0.8349626 -1.227095e-16 -0.5503068 0.8349626 -1.227095e-16 -0.5503068 -0.8349626 1.227095e-16 0.5503068 -0.8349626 1.227095e-16 0.5503068 -0.7630315 2.291312e-16 0.6463613 -0.7630315 2.291312e-16 0.6463613 0 0 0 0 0 0 0 0 0 0.9348835 -1.701304e-06 -0.3549547 0.9348835 -1.701304e-06 -0.3549547 0.8948697 5.066564e-15 -0.4463275 0.8948697 5.066564e-15 -0.4463275 -0.8948697 -5.066564e-15 0.4463275 -0.8948697 -5.066564e-15 0.4463275 -0.9348835 1.701304e-06 0.3549547 -0.9348835 1.701304e-06 0.3549547 0 0 0 0 0 0 0 0 0 0.8948697 -1.452077e-17 -0.4463275 0.8948697 -1.452077e-17 -0.4463275 0.9348835 1.701304e-06 -0.3549547 0.9348835 1.701304e-06 -0.3549547 -0.9348835 -1.701304e-06 0.3549547 -0.9348835 -1.701304e-06 0.3549547 -0.8948697 1.452077e-17 0.4463275 -0.8948697 1.452077e-17 0.4463275 0 0 0 0 0 0 0 0 0 0.984862 -1.699545e-06 -0.1733401 0.984862 -1.699545e-06 -0.1733401 0.9655951 -3.38568e-06 -0.2600501 -0.9655951 3.38568e-06 0.2600501 -0.984862 1.699545e-06 0.1733401 -0.984862 1.699545e-06 0.1733401 0 0 0 0 0 0 0.9655951 3.38568e-06 -0.2600501 0.984862 1.699545e-06 -0.1733401 0.984862 1.699545e-06 -0.1733401 -0.984862 -1.699545e-06 0.1733401 -0.984862 -1.699545e-06 0.1733401 -0.9655951 -3.38568e-06 0.2600501 0 0 0 0 0 0 1 -1.491478e-14 -2.233727e-13 1 -1.491478e-14 2.027237e-10 1 -1.491478e-14 -2.266624e-13 -1 1.491478e-14 2.266624e-13 -1 1.491478e-14 -2.027237e-10 -1 1.491478e-14 2.233727e-13 0 0 0 0 0 0 1 -1.476234e-19 -2.31433e-15 1 -1.476234e-19 -2.31433e-15 1 -1.476234e-19 -2.31433e-15 -1 1.476234e-19 2.31433e-15 -1 1.476234e-19 2.31433e-15 -1 1.476234e-19 2.31433e-15 0 0 0 0 0 0 0.9848682 -1.283215e-14 0.1733047 0.9848682 -1.283215e-14 0.1733047 -0.9848682 1.283215e-14 -0.1733047 -0.9848682 1.283215e-14 -0.1733047 0 0 0 0.9848682 -8.860076e-20 0.1733047 0.9848682 -8.860076e-20 0.1733047 -0.9848682 8.860076e-20 -0.1733047 -0.9848682 8.860076e-20 -0.1733047 0 0 0 0.9348962 0 0.3549211 0.9348962 0 0.3549211 -0.9348962 -0 -0.3549211 -0.9348962 -0 -0.3549211 0 0 0 0.9348962 -9.488112e-15 0.3549211 0.9348962 -9.488112e-15 0.3549211 -0.9348962 9.488112e-15 -0.3549211 -0.9348962 9.488112e-15 -0.3549211 0 0 0 0.8349626 1.034614e-15 0.5503068 0.8349626 1.034614e-15 0.5503068 -0.8349626 -1.034614e-15 -0.5503068 -0.8349626 -1.034614e-15 -0.5503068 0 0 0 0.8349626 0 0.5503068 0.8349626 0 0.5503068 -0.8349626 -0 -0.5503068 -0.8349626 -0 -0.5503068 0 0 0 0.6576354 2.852711e-14 0.7533363 0.6576354 2.852711e-14 0.7533363 -0.6576354 -2.852711e-14 -0.7533363 -0.6576354 -2.852711e-14 -0.7533363 0 0 0 0.6576354 0 0.7533363 0.6576354 0 0.7533363 -0.6576354 -0 -0.7533363 -0.6576354 -0 -0.7533363 0 0 0 0.3747998 1.761481e-05 0.9271058 0.3747998 1.761481e-05 0.9271058 -0.3747998 -1.761481e-05 -0.9271058 -0.3747998 -1.761481e-05 -0.9271058 0 0 0 0.3747998 -1.761481e-05 0.9271058 0.3747998 -1.761481e-05 0.9271058 -0.3747998 1.761481e-05 -0.9271058 -0.3747998 1.761481e-05 -0.9271058 0 0 0 0.0005809286 -1.767388e-05 0.9999998 0.19965 -3.46402e-05 0.9798673 0.000581037 -1.767389e-05 0.9999998 -0.19965 3.46402e-05 -0.9798673 -0.0005809286 1.767388e-05 -0.9999998 -0.000581037 1.767389e-05 -0.9999998 0 0 0 0 0 0 0.19965 3.46402e-05 0.9798673 0.0005809286 1.767388e-05 0.9999998 0.000581037 1.767389e-05 0.9999998 -0.19965 -3.46402e-05 -0.9798673 -0.0005809286 -1.767388e-05 -0.9999998 -0.000581037 -1.767389e-05 -0.9999998 0 0 0 0 0 0 -0.1985114 -1.955455e-16 0.9800986 -0.3742612 -2.222224e-16 0.9273233 -0.3742612 -2.222224e-16 0.9273233 -0.1985114 -1.955455e-16 0.9800986 0.1985114 1.955455e-16 -0.9800986 0.1985114 1.955455e-16 -0.9800986 0.3742612 2.222224e-16 -0.9273233 0.3742612 2.222224e-16 -0.9273233 0 0 0 0 0 0 0 0 0 -0.3742612 -4.352373e-15 0.9273233 -0.1985114 -6.38331e-15 0.9800986 -0.3742612 -4.352373e-15 0.9273233 -0.1985114 -6.38331e-15 0.9800986 0.1985114 6.38331e-15 -0.9800986 0.1985114 6.38331e-15 -0.9800986 0.3742612 4.352373e-15 -0.9273233 0.3742612 4.352373e-15 -0.9273233 0 0 0 0 0 0 0 0 0 -0.6576354 -1.047531e-14 0.7533363 -0.6576354 -1.047531e-14 0.7533363 -0.5374084 -2.174878e-15 0.8433221 -0.5374084 -2.174878e-15 0.8433221 0.5374084 2.174878e-15 -0.8433221 0.5374084 2.174878e-15 -0.8433221 0.6576354 1.047531e-14 -0.7533363 0.6576354 1.047531e-14 -0.7533363 0 0 0 0 0 0 0 0 0 -0.5374084 -2.414164e-16 0.8433221 -0.6576354 -1.00154e-16 0.7533363 -0.6576354 -1.00154e-16 0.7533363 -0.5374084 -2.414164e-16 0.8433221 0.5374084 2.414164e-16 -0.8433221 0.5374084 2.414164e-16 -0.8433221 0.6576354 1.00154e-16 -0.7533363 0.6576354 1.00154e-16 -0.7533363 0 0 0 0 0 0 0 0 0 -0.7630315 4.33671e-17 0.6463613 -0.8349626 2.184081e-17 0.5503068 -0.8349626 2.184081e-17 0.5503068 0.8349626 -2.184081e-17 -0.5503068 0.8349626 -2.184081e-17 -0.5503068 0.7630315 -4.33671e-17 -0.6463613 0 0 0 0 0 0 -0.8349626 -3.147505e-14 0.5503068 -0.8349626 -3.147505e-14 0.5503068 -0.7630315 -1.853951e-14 0.6463613 0.7630315 1.853951e-14 -0.6463613 0.8349626 3.147505e-14 -0.5503068 0.8349626 3.147505e-14 -0.5503068 0 0 0 0 0 0 -0.9348962 0 0.3549211 -0.9348962 0 0.3549211 0.9348962 -0 -0.3549211 0.9348962 -0 -0.3549211 0 0 0 -0.9348962 -3.859299e-14 0.3549211 -0.9348962 -3.859299e-14 0.3549211 0.9348962 3.859299e-14 -0.3549211 0.9348962 3.859299e-14 -0.3549211 0 0 0 -0.9848682 -5.906718e-20 0.1733047 -0.9848682 -5.906718e-20 0.1733047 0.9848682 5.906718e-20 -0.1733047 0.9848682 5.906718e-20 -0.1733047 0 0 0 -0.9848682 -2.058115e-14 0.1733047 -0.9848682 -2.058115e-14 0.1733047 0.9848682 2.058115e-14 -0.1733047 0.9848682 2.058115e-14 -0.1733047 0 0 0</float_array>
                    <technique_common>
                        <accessor count="848" source="#ID105" stride="3">
                            <param name="X" type="float" />
                            <param name="Y" type="float" />
                            <param name="Z" type="float" />
                        </accessor>
                    </technique_common>
                </source>
                <source id="ID102">
                    <Name_array id="ID106" count="0" />
                    <technique_common>
                        <accessor count="0" source="#ID106" stride="1">
                            <param name="skp_material" type="Name" />
                        </accessor>
                    </technique_common>
                </source>
                <vertices id="ID103">
                    <input semantic="POSITION" source="#ID100" />
                    <input semantic="NORMAL" source="#ID101" />
                </vertices>
                <triangles count="286" material="Material2">
                    <input offset="0" semantic="VERTEX" source="#ID103" />
                    <p>0 1 2 1 0 3 12 13 14 13 12 15 22 23 24 23 22 25 26 27 28 27 26 29 27 29 30 27 30 31 27 31 32 32 31 23 32 23 33 33 23 25 55 56 57 56 55 58 56 58 59 56 59 60 56 60 61 58 55 62 62 55 63 63 55 64 64 55 65 65 55 66 66 55 67 67 55 68 68 55 69 69 55 70 56 71 72 71 56 73 73 56 74 74 56 75 75 56 61 71 73 76 71 76 77 71 77 78 71 78 79 71 79 80 71 80 81 71 81 82 71 82 83 71 83 70 71 70 55 139 140 141 140 139 142 142 139 143 143 139 144 144 139 145 144 145 146 146 145 147 146 147 148 148 147 149 149 147 150 171 172 173 172 171 174 179 180 181 180 179 182 189 190 191 190 189 192 192 189 193 193 189 194 194 189 195 196 193 194 208 209 210 209 208 211 209 211 212 218 219 220 219 218 221 221 218 222 222 218 223 219 224 225 224 219 221 238 239 240 239 238 241 247 248 249 248 247 250 256 257 258 257 256 259 265 266 267 266 265 268 273 274 275 274 273 276 276 273 277 277 273 278 277 278 279 292 293 294 293 292 295 295 292 275 295 275 274 303 304 305 304 303 306 306 303 307 307 303 308 318 308 319 308 318 307 307 318 320 320 318 321 321 318 322 331 332 333 332 331 334 340 341 342 341 340 343 349 350 351 350 349 352 358 359 360 359 358 361 367 368 369 368 367 370 375 376 377 378 379 380 379 378 381 381 378 376 381 376 382 382 376 375 382 375 383 382 383 384 384 383 385 400 401 402 401 400 403 409 410 411 410 409 412 410 412 413 413 412 414 413 414 415 415 414 416 416 414 417 416 417 418 415 419 413 433 434 435 434 433 436 443 444 445 444 443 446 444 446 447 447 446 448 447 448 449 449 448 450 449 450 451 451 450 452 451 452 453 453 452 454 453 454 455 455 454 456 455 456 457 457 456 458 457 458 459 459 458 460 459 460 461 461 460 462 461 462 463 463 462 464 463 464 465 465 464 466 512 277 279 277 512 513 513 512 514 513 514 515 523 293 524 293 523 294 305 528 529 528 305 304 533 322 318 322 533 534 534 533 535 535 533 536 544 545 546 545 544 547 547 544 548 555 556 557 556 555 558 558 555 559 558 559 560 410 568 569 568 410 413 568 413 419 572 573 574 573 572 575 580 581 582 581 580 583 583 580 584 593 594 595 594 593 596 596 593 597 583 606 581 606 583 607 596 611 594 611 596 612 612 616 611 616 612 617 607 621 606 621 607 622 622 528 621 528 622 529 617 524 616 524 617 523 515 626 513 626 515 627 627 515 628 627 628 629 533 637 536 637 533 638 638 533 639 639 533 640 627 648 626 648 627 649 649 627 650 649 650 651 640 659 639 659 640 660 660 640 661 661 640 662 649 670 648 670 649 671 671 649 672 662 678 661 678 662 679 679 662 680 671 686 670 686 671 687 687 671 688 680 694 679 694 680 695 695 680 696 687 702 686 702 687 703 703 687 688 695 707 694 707 695 708 708 695 696 708 712 707 712 708 713 703 717 702 717 703 718 718 722 717 722 718 723 713 727 712 727 713 728 723 732 722 732 723 733 728 737 727 737 728 738 737 742 743 742 737 738 747 733 748 733 747 732 752 753 754 753 752 747 753 747 748 760 761 762 761 760 742 742 760 743 768 769 770 769 768 761 761 768 771 761 771 762 779 780 781 780 779 752 780 752 782 782 752 754 779 790 791 790 779 792 792 779 793 793 779 781 801 802 803 802 801 769 769 801 804 769 804 770 802 812 803 812 802 813 813 802 814 790 820 791 820 790 821 821 790 822 814 828 813 828 814 829 821 833 820 833 821 834 829 838 828 838 829 839 834 843 833 843 834 844 839 582 838 582 839 580 580 839 584 844 595 843 595 844 593 593 844 597</p>
                </triangles>
                <triangles count="286" material="Material3">
                    <input offset="0" semantic="VERTEX" source="#ID103" />
                    <p>4 5 6 7 6 5 16 17 18 19 18 17 34 35 36 36 35 37 35 38 37 37 38 39 38 40 39 40 41 39 41 42 39 43 39 42 34 44 35 45 35 44 84 85 86 85 87 86 87 88 86 88 89 86 89 90 86 90 91 86 91 92 86 92 93 86 93 94 86 94 95 86 96 97 98 98 97 99 99 97 95 95 97 86 100 86 97 85 84 101 101 84 102 102 84 103 103 84 104 104 84 105 105 84 106 106 84 107 107 84 108 108 84 109 96 110 97 110 111 97 111 109 97 109 84 97 112 97 84 151 152 153 153 152 154 154 152 155 152 156 155 155 156 157 156 158 157 157 158 159 159 158 160 160 158 161 162 161 158 175 176 177 178 177 176 183 184 185 186 185 184 197 198 199 200 201 197 197 201 198 198 201 202 202 201 203 204 203 201 213 214 215 214 216 215 217 215 216 226 227 228 229 228 227 230 231 232 232 231 226 226 231 227 233 227 231 242 243 244 245 244 243 251 252 253 254 253 252 260 261 262 263 262 261 269 270 271 272 271 270 280 281 282 281 283 282 282 283 284 284 283 285 286 285 283 285 286 296 286 297 296 296 297 298 299 298 297 309 310 311 311 310 312 312 310 313 314 313 310 323 324 325 325 324 326 326 324 311 311 324 309 327 309 324 335 336 337 338 337 336 344 345 346 347 346 345 353 354 355 356 355 354 362 363 364 365 364 363 371 372 373 374 373 372 386 387 388 388 387 389 387 390 389 390 391 389 389 391 392 391 393 392 392 393 394 395 394 393 396 391 390 404 405 406 407 406 405 420 421 422 423 424 425 424 426 425 425 426 422 422 426 420 426 427 420 420 427 428 427 429 428 430 428 429 437 438 439 440 439 438 467 468 469 469 468 470 468 471 470 470 471 472 471 473 472 472 473 474 473 475 474 474 475 476 475 477 476 476 477 478 477 479 478 478 479 480 479 481 480 480 481 482 481 483 482 482 483 484 483 485 484 484 485 486 485 487 486 486 487 488 487 489 488 490 488 489 516 517 518 517 519 518 518 519 282 280 282 519 299 525 298 526 298 525 313 314 530 531 530 314 537 538 539 539 538 540 540 538 323 324 323 538 549 550 551 551 550 552 553 552 550 561 562 563 562 564 563 563 564 565 566 565 564 421 420 570 420 428 570 571 570 428 576 577 578 579 578 577 585 586 587 587 586 588 589 588 586 598 599 600 600 599 601 602 601 599 608 587 609 588 609 587 613 600 614 601 614 600 618 613 619 614 619 613 623 608 624 609 624 608 531 623 530 624 530 623 525 618 526 619 526 618 630 631 632 631 516 632 632 516 633 518 633 516 641 538 642 642 538 643 643 538 644 537 644 538 652 653 654 653 632 654 654 632 655 633 655 632 663 641 664 664 641 665 665 641 666 642 666 641 673 654 674 674 654 675 655 675 654 681 663 682 682 663 683 664 683 663 689 674 690 690 674 691 675 691 674 697 681 698 698 681 699 682 699 681 689 690 704 704 690 705 691 705 690 697 698 709 709 698 710 699 710 698 714 709 715 710 715 709 719 704 720 705 720 704 724 719 725 720 725 719 729 714 730 715 730 714 734 724 735 725 735 724 739 729 740 730 740 729 739 740 744 745 744 740 735 749 734 750 734 749 750 749 755 749 756 755 757 755 756 745 763 744 744 763 764 765 764 763 765 772 764 772 773 764 764 773 774 775 774 773 757 756 783 783 756 784 756 785 784 786 784 785 786 785 794 794 785 795 795 785 796 797 796 785 775 805 774 805 806 774 774 806 807 808 807 806 815 807 816 816 807 817 808 817 807 823 796 824 824 796 825 797 825 796 830 815 831 816 831 815 835 824 836 825 836 824 840 830 841 831 841 830 845 835 846 836 846 835 585 840 586 586 840 589 841 589 840 598 845 599 599 845 602 846 602 845</p>
                </triangles>
                <lines count="256" material="Material4">
                    <input offset="0" semantic="VERTEX" source="#ID103" />
                    <p>8 9 10 9 11 10 11 8 20 8 20 21 9 21 46 47 46 48 48 49 49 10 21 50 51 50 52 51 53 52 54 53 47 54 113 49 113 114 114 11 115 116 117 115 118 117 119 118 120 119 121 120 122 121 123 122 124 123 125 124 126 125 127 126 128 127 129 128 130 129 131 130 132 131 133 132 134 133 135 134 136 135 137 136 138 137 116 138 163 164 165 163 166 165 167 166 168 167 168 169 169 170 170 20 164 114 50 170 187 188 187 46 188 47 164 48 205 187 206 205 206 207 207 163 234 235 235 236 236 51 237 169 234 237 246 236 246 52 255 246 255 53 264 255 264 54 188 264 287 113 49 288 289 288 290 289 291 290 287 291 300 113 300 301 301 302 302 288 114 315 316 315 317 316 300 317 287 328 328 329 329 330 330 315 339 207 339 165 348 339 348 166 357 348 357 167 366 357 366 168 366 237 397 205 235 398 398 399 397 399 408 206 397 408 431 408 432 431 234 432 441 234 442 441 235 442 491 492 492 493 493 494 494 495 495 300 496 287 497 496 498 497 499 498 500 499 501 500 502 501 503 502 504 503 505 504 506 505 506 507 507 508 508 509 509 510 510 511 511 491 520 291 521 520 522 521 496 522 495 527 527 301 532 317 495 532 496 541 541 542 542 543 543 328 399 554 442 554 567 554 567 431 441 567 492 590 591 590 592 591 491 592 491 603 603 604 604 605 492 605 493 610 590 610 605 615 493 615 615 620 494 620 494 625 610 625 625 532 620 527 634 522 635 634 636 635 497 636 497 645 645 646 646 647 647 541 656 636 657 656 658 657 498 658 498 667 667 668 668 669 669 645 676 658 677 676 499 677 499 684 684 685 685 667 692 677 693 692 500 693 500 700 700 701 701 684 706 692 501 706 501 711 711 701 502 716 716 711 721 706 502 721 726 721 503 726 503 731 731 716 736 726 504 736 504 741 741 731 505 746 746 741 751 736 505 751 758 751 759 758 506 759 506 766 766 767 767 746 507 776 777 776 778 777 766 778 759 787 787 788 788 789 507 789 789 798 798 799 799 800 508 800 508 809 810 809 811 810 776 811 509 818 819 818 809 819 800 826 826 827 509 827 510 832 818 832 827 837 510 837 511 842 832 842 837 847 511 847 842 591 847 604</p>
                </lines>
            </mesh>
        </geometry>
        <geometry id="ID107">
            <mesh>
                <source id="ID108">
                    <float_array id="ID112" count="618">23.77794 40.75 115 23.77794 40 114 23.77794 40 115 23.77794 40.75 114 23.77794 40.75 114 23.77794 40.75 115 23.77794 40 114 23.77794 40 115 23.77794 40 115 23.77794 40 114 23.77794 40.75 115 23.77794 40.75 114 23.77794 40.75 120.5 23.77794 40 120 23.77794 40 120.5 23.77794 40.75 120.5 23.77794 40 120 23.77794 40 120.5 23.77794 40 120 23.77794 40 120.5 23.77794 40.75 120.5 23.77794 40.75 115 24.77794 40.75 114 23.77794 40.75 114 61.82653 40.75 113.25 24.77794 40.75 113.25 61.82653 40.75 120.5 23.77794 40.75 120.5 23.77794 40.75 120.5 23.77794 40.75 115 61.82653 40.75 120.5 24.77794 40.75 114 61.82653 40.75 113.25 24.77794 40.75 113.25 23.77794 40.75 114 61.82653 40.75 120.5 61.82653 40.75 113.25 24.77794 40.75 113.25 24.77794 40.75 114 23.77794 40 120.5 23.77794 34 120 23.77794 34 120.5 23.77794 40 120 23.77794 40 120 23.77794 40 120.5 23.77794 34 120 23.77794 34 120.5 23.77794 34 120 23.77794 34 120.5 61.82653 33.25 120.5 23.77794 34 120.5 23.77794 33.25 120.5 33.04475 35.709 120.5 32.71061 35.75299 120.5 32.39925 35.88196 120.5 23.77794 40 120.5 23.77794 40.75 120.5 32.13187 36.08713 120.5 31.92671 36.3545 120.5 31.79774 36.66587 120.5 31.75375 37 120.5 33.37888 35.75299 120.5 33.69024 35.88196 120.5 33.95762 36.08713 120.5 34.16278 36.3545 120.5 34.29175 36.66587 120.5 34.33574 37 120.5 61.82653 40.75 120.5 33.04475 38.291 120.5 32.71061 38.24701 120.5 32.39925 38.11804 120.5 32.13187 37.91287 120.5 31.92671 37.6455 120.5 31.79774 37.33413 120.5 33.37888 38.24701 120.5 33.69024 38.11804 120.5 33.95762 37.91287 120.5 34.16278 37.6455 120.5 34.29175 37.33413 120.5 34.33574 37 120.5 34.29175 37.33413 120.5 61.82653 40.75 120.5 34.16278 37.6455 120.5 33.95762 37.91287 120.5 33.69024 38.11804 120.5 33.37888 38.24701 120.5 33.04475 38.291 120.5 31.75375 37 120.5 23.77794 40.75 120.5 31.79774 37.33413 120.5 31.92671 37.6455 120.5 32.13187 37.91287 120.5 32.39925 38.11804 120.5 32.71061 38.24701 120.5 61.82653 33.25 120.5 34.29175 36.66587 120.5 34.16278 36.3545 120.5 33.95762 36.08713 120.5 33.69024 35.88196 120.5 33.37888 35.75299 120.5 33.04475 35.709 120.5 31.79774 36.66587 120.5 31.92671 36.3545 120.5 32.13187 36.08713 120.5 32.39925 35.88196 120.5 23.77794 40 120.5 23.77794 34 120.5 32.71061 35.75299 120.5 23.77794 33.25 120.5 23.77794 33.25 120.5 61.82653 33.25 120.5 32.39925 38.11804 120.5 32.13187 37.91287 120.5 32.71061 38.24701 120.5 33.04475 38.291 120.5 33.37888 38.24701 120.5 33.69024 38.11804 120.5 33.95762 37.91287 120.5 34.16278 37.6455 120.5 34.29175 37.33413 120.5 34.33574 37 120.5 34.29175 36.66587 120.5 34.16278 36.3545 120.5 33.95762 36.08713 120.5 33.69024 35.88196 120.5 33.37888 35.75299 120.5 33.04475 35.709 120.5 32.71061 35.75299 120.5 32.39925 35.88196 120.5 32.13187 36.08713 120.5 31.92671 36.3545 120.5 31.79774 36.66587 120.5 31.75375 37 120.5 31.79774 37.33413 120.5 31.92671 37.6455 120.5 61.82653 33.25 113.25 61.82653 34 114 61.82653 33.25 120.5 61.82653 40.75 113.25 61.82653 33.75 117.2539 61.82653 40 114 61.82653 40 117.2539 61.82653 40.25 117.2539 61.82653 40.25 120 61.82653 33.75 120 61.82653 40.75 120.5 61.82653 34 117.2539 61.82653 34 114 61.82653 33.75 117.2539 61.82653 34 117.2539 61.82653 40.75 113.25 61.82653 40.25 120 61.82653 40.75 120.5 61.82653 33.75 120 61.82653 33.25 120.5 61.82653 40.25 117.2539 61.82653 40 117.2539 61.82653 40 114 61.82653 33.25 113.25 61.82653 33.25 113.25 61.82653 33.75 120 61.82653 40.25 120 61.82653 40.25 117.2539 61.82653 40 117.2539 61.82653 40 114 61.82653 34 114 61.82653 34 117.2539 61.82653 33.75 117.2539 61.82653 40.75 113.25 24.77794 33.25 113.25 24.77794 40.75 113.25 61.82653 33.25 113.25 61.82653 33.25 113.25 61.82653 40.75 113.25 24.77794 33.25 113.25 24.77794 40.75 113.25 24.77794 33.25 113.25 23.77794 33.25 115 23.77794 33.25 120.5 23.77794 34 115 23.77794 34 115 23.77794 33.25 115 23.77794 33.25 120.5 23.77794 34 115 23.77794 33.25 115 61.82653 33.25 120.5 24.77794 33.25 113.25 61.82653 33.25 113.25 24.77794 33.25 114 23.77794 33.25 114 23.77794 33.25 115 23.77794 33.25 120.5 23.77794 33.25 120.5 61.82653 33.25 120.5 23.77794 33.25 115 23.77794 33.25 114 24.77794 33.25 114 24.77794 33.25 113.25 61.82653 33.25 113.25 23.77794 33.25 114 24.77794 33.25 114 23.77794 33.25 114 23.77794 34 114 23.77794 34 114 23.77794 33.25 114 23.77794 34 114</float_array>
                    <technique_common>
                        <accessor count="206" source="#ID112" stride="3">
                            <param name="X" type="float" />
                            <param name="Y" type="float" />
                            <param name="Z" type="float" />
                        </accessor>
                    </technique_common>
                </source>
                <source id="ID109">
                    <float_array id="ID113" count="618">-1 0 0 -1 0 0 -1 0 0 -1 0 0 1 -0 -0 1 -0 -0 1 -0 -0 1 -0 -0 0 0 0 0 0 0 0 0 0 0 0 0 -1 0 0 -1 0 0 -1 0 0 1 -0 -0 1 -0 -0 1 -0 -0 0 0 0 0 0 0 0 0 0 0 1 0 0 1 0 0 1 0 0 1 0 0 1 0 0 1 0 0 1 0 -0 -1 -0 -0 -1 -0 -0 -1 -0 -0 -1 -0 -0 -1 -0 -0 -1 -0 -0 -1 -0 0 0 0 0 0 0 0 0 0 0 0 0 -1 -0 -0 -1 -0 -0 -1 -0 -0 -1 -0 -0 1 0 0 1 0 0 1 0 0 1 0 0 0 0 0 0 0 0 0 0 1 0 0 1 0 0 1 0 0 1 0 0 1 0 0 1 0 0 1 0 0 1 0 0 1 0 0 1 0 0 1 0 0 1 0 0 1 0 0 1 0 0 1 0 0 1 0 0 1 0 0 1 0 0 1 0 0 1 0 0 1 0 0 1 0 0 1 0 0 1 0 0 1 0 0 1 0 0 1 0 0 1 0 0 1 0 0 1 -0 -0 -1 -0 -0 -1 -0 -0 -1 -0 -0 -1 -0 -0 -1 -0 -0 -1 -0 -0 -1 -0 -0 -1 -0 -0 -1 -0 -0 -1 -0 -0 -1 -0 -0 -1 -0 -0 -1 -0 -0 -1 -0 -0 -1 -0 -0 -1 -0 -0 -1 -0 -0 -1 -0 -0 -1 -0 -0 -1 -0 -0 -1 -0 -0 -1 -0 -0 -1 -0 -0 -1 -0 -0 -1 -0 -0 -1 -0 -0 -1 -0 -0 -1 -0 -0 -1 -0 -0 -1 0 0 0 0 0 0 0 0 0 0 0 0 0 0 0 0 0 0 0 0 0 0 0 0 0 0 0 0 0 0 0 0 0 0 0 0 0 0 0 0 0 0 0 0 0 0 0 0 0 0 0 0 0 0 0 0 0 0 0 0 0 0 0 0 0 0 0 0 0 0 0 0 0 0 0 0 0 0 1 1.073885e-15 4.281277e-16 1 1.073885e-15 4.281277e-16 1 1.073885e-15 4.281277e-16 1 1.073885e-15 4.281277e-16 1 1.073885e-15 4.281277e-16 1 1.073885e-15 4.281277e-16 1 1.073885e-15 4.281277e-16 1 1.073885e-15 4.281277e-16 1 1.073885e-15 4.281277e-16 1 1.073885e-15 4.281277e-16 1 1.073885e-15 4.281277e-16 1 1.073885e-15 4.281277e-16 -1 -1.073885e-15 -4.281277e-16 -1 -1.073885e-15 -4.281277e-16 -1 -1.073885e-15 -4.281277e-16 -1 -1.073885e-15 -4.281277e-16 -1 -1.073885e-15 -4.281277e-16 -1 -1.073885e-15 -4.281277e-16 -1 -1.073885e-15 -4.281277e-16 -1 -1.073885e-15 -4.281277e-16 -1 -1.073885e-15 -4.281277e-16 -1 -1.073885e-15 -4.281277e-16 -1 -1.073885e-15 -4.281277e-16 -1 -1.073885e-15 -4.281277e-16 0 0 0 0 0 0 0 0 0 0 0 0 0 0 0 0 0 0 0 0 0 0 0 0 0 0 0 0 0 -1 0 0 -1 0 0 -1 0 0 -1 -0 -0 1 -0 -0 1 -0 -0 1 -0 -0 1 0 0 0 -1 -0 -0 -1 -0 -0 -1 -0 -0 1 0 0 1 0 0 1 0 0 0 0 0 0 0 0 0 -1 0 0 -1 0 0 -1 0 0 -1 0 0 -1 0 0 -1 0 0 -1 0 -0 1 -0 -0 1 -0 -0 1 -0 -0 1 -0 -0 1 -0 -0 1 -0 -0 1 -0 0 0 0 0 0 0 -1 -0 -0 -1 -0 -0 1 0 0 1 0 0 0 0 0</float_array>
                    <technique_common>
                        <accessor count="206" source="#ID113" stride="3">
                            <param name="X" type="float" />
                            <param name="Y" type="float" />
                            <param name="Z" type="float" />
                        </accessor>
                    </technique_common>
                </source>
                <source id="ID110">
                    <Name_array id="ID114" count="0" />
                    <technique_common>
                        <accessor count="0" source="#ID114" stride="1">
                            <param name="skp_material" type="Name" />
                        </accessor>
                    </technique_common>
                </source>
                <vertices id="ID111">
                    <input semantic="POSITION" source="#ID108" />
                    <input semantic="NORMAL" source="#ID109" />
                </vertices>
                <triangles count="66" material="Material3">
                    <input offset="0" semantic="VERTEX" source="#ID111" />
                    <p>0 1 2 1 0 3 12 13 14 13 12 2 2 12 0 21 22 23 22 24 25 24 22 26 26 22 21 26 21 27 39 40 41 40 39 42 49 50 51 50 49 52 50 52 53 50 53 54 50 54 55 55 54 56 56 54 57 56 57 58 56 58 59 56 59 60 52 49 61 61 49 62 62 49 63 63 49 64 64 49 65 65 49 66 66 49 67 56 68 67 68 56 69 69 56 70 70 56 71 71 56 72 72 56 73 73 56 60 67 68 74 67 74 75 67 75 76 67 76 77 67 77 78 67 78 66 135 136 137 136 135 138 137 136 139 136 138 140 140 138 141 141 138 142 142 138 143 137 144 145 144 137 139 145 144 143 145 143 138 146 139 136 168 169 170 169 168 171 41 177 178 177 41 179 179 41 40 185 186 187 186 185 188 188 185 189 189 185 190 190 185 191 179 201 177 201 179 202</p>
                </triangles>
                <triangles count="66" material="Material2">
                    <input offset="0" semantic="VERTEX" source="#ID111" />
                    <p>4 5 6 7 6 5 5 15 7 7 15 16 17 16 15 28 29 30 29 31 30 30 31 32 33 32 31 34 31 29 43 44 45 46 45 44 79 80 81 80 82 81 82 83 81 83 84 81 84 85 81 85 86 81 87 88 89 89 88 90 90 88 91 91 88 92 92 88 93 93 88 86 81 86 88 81 94 79 79 94 95 95 94 96 96 94 97 97 94 98 98 94 99 99 94 100 87 101 88 101 102 88 102 103 88 103 104 88 88 104 105 105 104 106 104 107 106 107 100 106 100 94 106 108 106 94 147 148 149 150 151 152 151 153 152 148 154 153 152 153 154 151 150 155 155 150 156 156 150 157 157 150 147 148 147 154 150 158 147 154 147 158 172 173 174 175 174 173 45 46 180 180 46 181 182 181 46 192 193 194 194 193 195 195 193 196 196 193 197 198 197 193 203 180 204 181 204 180</p>
                </triangles>
                <lines count="63" material="Material4">
                    <input offset="0" semantic="VERTEX" source="#ID111" />
                    <p>8 9 8 10 10 11 9 11 18 8 18 19 19 20 20 10 20 35 36 35 37 36 38 37 38 11 47 18 47 48 48 19 48 109 109 110 110 35 111 112 113 111 114 113 115 114 116 115 117 116 118 117 119 118 120 119 121 120 122 121 123 122 124 123 125 124 126 125 127 126 128 127 129 128 130 129 131 130 132 131 133 132 134 133 112 134 36 159 159 110 160 161 162 161 163 162 164 163 165 164 165 166 166 167 167 160 176 37 176 159 47 183 183 184 109 184 199 200 200 176 184 199 183 205 205 199</p>
                </lines>
            </mesh>
        </geometry>
        <geometry id="ID115">
            <mesh>
                <source id="ID116">
                    <float_array id="ID120" count="36">24.77794 40.75 113.25 24.77794 33.25 114 24.77794 33.25 113.25 24.77794 40.75 114 24.77794 40.75 114 24.77794 40.75 113.25 24.77794 33.25 114 24.77794 33.25 113.25 24.77794 33.25 114 24.77794 40.75 114 24.77794 33.25 113.25 24.77794 40.75 113.25</float_array>
                    <technique_common>
                        <accessor count="12" source="#ID120" stride="3">
                            <param name="X" type="float" />
                            <param name="Y" type="float" />
                            <param name="Z" type="float" />
                        </accessor>
                    </technique_common>
                </source>
                <source id="ID117">
                    <float_array id="ID121" count="36">1 -0 -0 1 -0 -0 1 -0 -0 1 -0 -0 -1 0 0 -1 0 0 -1 0 0 -1 0 0 0 0 0 0 0 0 0 0 0 0 0 0</float_array>
                    <technique_common>
                        <accessor count="12" source="#ID121" stride="3">
                            <param name="X" type="float" />
                            <param name="Y" type="float" />
                            <param name="Z" type="float" />
                        </accessor>
                    </technique_common>
                </source>
                <source id="ID118">
                    <Name_array id="ID122" count="0" />
                    <technique_common>
                        <accessor count="0" source="#ID122" stride="1">
                            <param name="skp_material" type="Name" />
                        </accessor>
                    </technique_common>
                </source>
                <vertices id="ID119">
                    <input semantic="POSITION" source="#ID116" />
                    <input semantic="NORMAL" source="#ID117" />
                </vertices>
                <triangles count="2" material="Material3">
                    <input offset="0" semantic="VERTEX" source="#ID119" />
                    <p>0 1 2 1 0 3</p>
                </triangles>
                <triangles count="2" material="Material2">
                    <input offset="0" semantic="VERTEX" source="#ID119" />
                    <p>4 5 6 7 6 5</p>
                </triangles>
                <lines count="4" material="Material4">
                    <input offset="0" semantic="VERTEX" source="#ID119" />
                    <p>8 9 8 10 10 11 9 11</p>
                </lines>
            </mesh>
        </geometry>
        <geometry id="ID123">
            <mesh>
                <source id="ID126">
                    <float_array id="ID130" count="5667">22.77794 40.375 120 22.77794 40 118.5 22.77794 40 120 22.77794 40.375 118.5 22.77794 40.375 118.5 22.77794 40.375 120 22.77794 40 118.5 22.77794 40 120 22.77794 40 120 22.77794 40.375 120 22.77794 40.375 118.5 22.77794 40 118.5 22.77794 33.625 120 18.16208 34.64551 120 17.73937 33.625 120 18.47206 37 120 18.16208 39.35449 120 22.77794 40.375 120 17.73937 40.375 120 22.77794 34 120 22.77794 37 120 22.77794 40 120 22.77794 40 120 22.77794 37 120 22.77794 40.375 120 22.77794 34 120 22.77794 33.625 120 18.47206 37 120 18.16208 39.35449 120 17.73937 40.375 120 18.16208 34.64551 120 17.73937 33.625 120 17.73937 40.375 120 18.16208 39.35449 120 18.47206 37 120 18.16208 34.64551 120 17.73937 33.625 120 22.77794 33.625 120 22.77794 34 120 22.77794 37 120 17.73937 40.375 120 22.77794 40.375 118.5 17.5414 40.375 118.5 22.77794 40.375 120 22.77794 40.375 120 17.73937 40.375 120 22.77794 40.375 118.5 17.5414 40.375 118.5 17.5414 40.375 118.5 22.77794 40 115 22.77794 34 118 22.77794 34 115 22.77794 34 118.5 22.77794 34 120 22.77794 37 120 22.77794 40 118 22.77794 40 118 22.77794 40 115 22.77794 37 120 22.77794 34 120 22.77794 34 118.5 22.77794 34 118 22.77794 34 115 22.77794 34 118.5 22.77794 34 118 22.77794 34 115 22.77794 40 115 22.77794 40 118 17.25328 41.54853 120 18.06833 39.32937 120.0128 17.16923 41.5 120.0128 17.73937 40.375 120 18.16208 39.35449 120 18.16208 39.35449 120 17.73937 40.375 120 18.06833 39.32937 120.0128 17.25328 41.54853 120 17.16923 41.5 120.0128 18.06833 39.32937 120.0128 17.16923 41.5 120.0128 17.25328 41.54853 120 17.33161 41.59375 119.9625 18.24944 39.3779 119.9625 18.16208 39.35449 120 18.16208 39.35449 120 18.24944 39.3779 119.9625 17.33161 41.59375 119.9625 18.24944 39.3779 119.9625 17.33161 41.59375 119.9625 18.16208 34.64551 120 17.86992 34.44307 120 17.73937 33.625 120 17.97458 34.69575 120 18.27794 37 120 18.47206 37 120 17.86992 39.55693 120 18.16208 39.35449 120 17.73937 40.375 120 17.97458 39.30425 120 18.47206 37 120 18.27794 37 120 18.16208 39.35449 120 17.97458 39.30425 120 17.86992 39.55693 120 17.73937 40.375 120 18.16208 34.64551 120 17.97458 34.69575 120 17.86992 34.44307 120 17.73937 33.625 120 17.86992 34.44307 120 17.86992 39.55693 120 17.97458 39.30425 120 18.27794 37 120 17.97458 34.69575 120 18.47206 37 120 18.5625 37 119.9625 18.5625 37 119.9625 18.47206 37 120 18.5625 37 119.9625 18.375 37 120.0128 18.47206 37 120 18.47206 37 120 18.375 37 120.0128 18.375 37 120.0128 18.16208 34.64551 120 18.06833 34.67063 120.0128 18.16208 34.64551 120 18.06833 34.67063 120.0128 18.06833 34.67063 120.0128 18.24944 34.6221 119.9625 18.16208 34.64551 120 18.24944 34.6221 119.9625 18.16208 34.64551 120 18.24944 34.6221 119.9625 17.73937 33.625 120 17.33161 32.40625 119.9625 17.25328 32.45147 120 17.73937 33.625 120 17.33161 32.40625 119.9625 17.25328 32.45147 120 17.25328 32.45147 120 17.33161 32.40625 119.9625 17.16923 32.5 120.0128 17.16923 32.5 120.0128 17.16923 32.5 120.0128 22.77794 33.625 120 17.5414 33.625 118.5 22.77794 33.625 118.5 17.73937 33.625 120 17.73937 33.625 120 22.77794 33.625 120 17.5414 33.625 118.5 22.77794 33.625 118.5 17.5414 33.625 118.5 22.77794 33.625 118.5 22.77794 33.625 118.5 22.77794 33.625 120 22.77794 33.625 118.5 22.77794 33.625 120 22.77794 34 118 21.77794 34 115 22.77794 34 115 19.32794 34 118.5 22.77794 34 118.5 22.77794 34 118.5 22.77794 34 118 19.32794 34 118.5 21.77794 34 115 22.77794 34 115 19.32794 34 118.5 21.77794 34 115 22.77794 40 115 21.77794 34 115 21.77794 40 115 22.77794 34 115 22.77794 34 115 22.77794 40 115 21.77794 34 115 21.77794 40 115 21.77794 40 115 19.32794 40 118.5 22.77794 40 115 21.77794 40 115 22.77794 40 118 22.77794 40 118.5 22.77794 40 118.5 19.32794 40 118.5 22.77794 40 118 22.77794 40 115 21.77794 40 115 19.32794 40 118.5 17.86992 39.55693 120 17.08517 41.45147 120 17.97458 39.30425 120 17.97458 39.30425 120 17.86992 39.55693 120 17.08517 41.45147 120 17.08517 41.45147 120 15.80759 43.43259 120 15.73896 43.36396 120.0128 15.80759 43.43259 120 15.73896 43.36396 120.0128 15.73896 43.36396 120.0128 15.80759 43.43259 120 15.87154 43.49654 119.9625 15.87154 43.49654 119.9625 15.87154 43.49654 119.9625 17.39887 41.63258 119.9029 18.32446 39.398 119.9029 18.32446 39.398 119.9029 17.39887 41.63258 119.9029 18.32446 39.398 119.9029 17.39887 41.63258 119.9029 17.88722 39.28084 119.9625 17.00685 41.40625 119.9625 17.97458 39.30425 120 17.97458 39.30425 120 17.88722 39.28084 119.9625 17.00685 41.40625 119.9625 17.88722 39.28084 119.9625 17.00685 41.40625 119.9625 18.27794 37 120 18.27794 37 120 18.1875 37 119.9625 18.27794 37 120 18.27794 37 120 18.1875 37 119.9625 18.1875 37 119.9625 17.97458 34.69575 120 17.97458 34.69575 120 17.97458 34.69575 120 17.88722 34.71916 119.9625 17.97458 34.69575 120 17.88722 34.71916 119.9625 17.88722 34.71916 119.9625 17.86992 34.44307 120 17.08517 32.54853 120 17.86992 34.44307 120 17.08517 32.54853 120 17.08517 32.54853 120 17.00685 32.59375 119.9625 17.00685 32.59375 119.9625 17.00685 32.59375 119.9625 18.64017 37 119.9029 18.64017 37 119.9029 18.64017 37 119.9029 18.32446 34.602 119.9029 18.32446 34.602 119.9029 18.32446 34.602 119.9029 15.87154 30.50346 119.9625 15.80759 30.56741 120 15.87154 30.50346 119.9625 15.80759 30.56741 120 15.80759 30.56741 120 15.87154 30.50346 119.9625 17.39887 32.36742 119.9029 17.39887 32.36742 119.9029 17.39887 32.36742 119.9029 15.73896 30.63604 120.0128 15.73896 30.63604 120.0128 15.73896 30.63604 120.0128 19.32794 40 118.5 21.77794 34 115 19.32794 34 118.5 21.77794 40 115 21.77794 40 115 19.32794 40 118.5 21.77794 34 115 19.32794 34 118.5 15.67033 43.29533 120 15.67033 43.29533 120 15.67033 43.29533 120 13.92353 44.87828 120 13.875 44.79423 120.0128 13.92353 44.87828 120 13.875 44.79423 120.0128 13.875 44.79423 120.0128 13.92353 44.87828 120 13.96875 44.95661 119.9625 13.96875 44.95661 119.9625 13.96875 44.95661 119.9625 15.92646 43.55146 119.9029 15.92646 43.55146 119.9029 15.92646 43.55146 119.9029 18.38203 39.41343 119.8253 17.45048 41.66238 119.8253 17.45048 41.66238 119.8253 18.38203 39.41343 119.8253 18.38203 39.41343 119.8253 17.45048 41.66238 119.8253 17.8122 39.26074 119.9029 16.93959 41.36742 119.9029 17.8122 39.26074 119.9029 16.93959 41.36742 119.9029 17.8122 39.26074 119.9029 16.93959 41.36742 119.9029 15.60638 43.23138 119.9625 15.60638 43.23138 119.9625 15.60638 43.23138 119.9625 18.10983 37 119.9029 18.10983 37 119.9029 18.10983 37 119.9029 17.8122 34.73926 119.9029 17.8122 34.73926 119.9029 17.8122 34.73926 119.9029 15.67033 30.70467 120 15.67033 30.70467 120 15.67033 30.70467 120 15.60638 30.76862 119.9625 15.60638 30.76862 119.9625 15.60638 30.76862 119.9625 16.93959 32.63258 119.9029 16.93959 32.63258 119.9029 16.93959 32.63258 119.9029 18.69976 37 119.8253 18.69976 37 119.8253 18.69976 37 119.8253 18.38203 34.58657 119.8253 18.38203 34.58657 119.8253 18.38203 34.58657 119.8253 13.96875 29.04339 119.9625 13.92353 29.12172 120 13.96875 29.04339 119.9625 13.92353 29.12172 120 13.92353 29.12172 120 13.96875 29.04339 119.9625 15.92646 30.44854 119.9029 15.92646 30.44854 119.9029 15.92646 30.44854 119.9029 17.45048 32.33762 119.8253 17.45048 32.33762 119.8253 17.45048 32.33762 119.8253 13.875 29.20577 120.0128 13.875 29.20577 120.0128 13.875 29.20577 120.0128 13.82647 44.71017 120 13.82647 44.71017 120 13.82647 44.71017 120 11.72949 45.78708 120 11.70437 45.69333 120.0128 11.72949 45.78708 120 11.70437 45.69333 120.0128 11.70437 45.69333 120.0128 11.72949 45.78708 120 11.7529 45.87444 119.9625 11.7529 45.87444 119.9625 11.7529 45.87444 119.9625 14.00758 45.02387 119.9029 14.00758 45.02387 119.9029 14.00758 45.02387 119.9029 15.9686 43.5936 119.8253 15.9686 43.5936 119.8253 15.9686 43.5936 119.8253 18.41821 39.42312 119.7348 17.48292 41.68111 119.7348 17.48292 41.68111 119.7348 18.41821 39.42312 119.7348 18.41821 39.42312 119.7348 17.48292 41.68111 119.7348 16.88798 41.33762 119.8253 17.75464 39.24532 119.8253 16.88798 41.33762 119.8253 17.75464 39.24532 119.8253 17.75464 39.24532 119.8253 16.88798 41.33762 119.8253 15.55146 43.17646 119.9029 15.55146 43.17646 119.9029 15.55146 43.17646 119.9029 13.78125 44.63185 119.9625 13.78125 44.63185 119.9625 13.78125 44.63185 119.9625 18.05024 37 119.8253 18.05024 37 119.8253 18.05024 37 119.8253 17.75464 34.75468 119.8253 17.75464 34.75468 119.8253 17.75464 34.75468 119.8253 13.82647 29.28983 120 13.82647 29.28983 120 13.82647 29.28983 120 13.78125 29.36815 119.9625 13.78125 29.36815 119.9625 13.78125 29.36815 119.9625 15.55146 30.82354 119.9029 15.55146 30.82354 119.9029 15.55146 30.82354 119.9029 16.88798 32.66238 119.8253 16.88798 32.66238 119.8253 16.88798 32.66238 119.8253 18.73722 37 119.7348 18.73722 37 119.7348 18.73722 37 119.7348 18.41821 34.57688 119.7348 18.41821 34.57688 119.7348 18.41821 34.57688 119.7348 11.7529 28.12556 119.9625 11.72949 28.21292 120 11.7529 28.12556 119.9625 11.72949 28.21292 120 11.72949 28.21292 120 11.7529 28.12556 119.9625 14.00758 28.97613 119.9029 14.00758 28.97613 119.9029 14.00758 28.97613 119.9029 15.9686 30.4064 119.8253 15.9686 30.4064 119.8253 15.9686 30.4064 119.8253 17.48292 32.31889 119.7348 17.48292 32.31889 119.7348 17.48292 32.31889 119.7348 11.70437 28.30667 120.0128 11.70437 28.30667 120.0128 11.70437 28.30667 120.0128 11.67925 45.59958 120 11.67925 45.59958 120 11.67925 45.59958 120 9.375 46 120.0128 9.375 46.09706 120 9.375 46 120.0128 9.375 46.09706 120 9.375 46 120.0128 9.375 46.09706 120 9.375 46.1875 119.9625 9.375 46.1875 119.9625 9.375 46.1875 119.9625 11.773 45.94946 119.9029 11.773 45.94946 119.9029 11.773 45.94946 119.9029 14.03738 45.07548 119.8253 14.03738 45.07548 119.8253 14.03738 45.07548 119.8253 15.99509 43.62009 119.7348 15.99509 43.62009 119.7348 15.99509 43.62009 119.7348 18.43055 39.42643 119.6378 17.49399 41.6875 119.6378 17.49399 41.6875 119.6378 18.43055 39.42643 119.6378 18.43055 39.42643 119.6378 17.49399 41.6875 119.6378 16.85554 41.31889 119.7348 17.71845 39.23562 119.7348 16.85554 41.31889 119.7348 17.71845 39.23562 119.7348 17.71845 39.23562 119.7348 16.85554 41.31889 119.7348 15.50932 43.13432 119.8253 15.50932 43.13432 119.8253 15.50932 43.13432 119.8253 13.74242 44.56459 119.9029 13.74242 44.56459 119.9029 13.74242 44.56459 119.9029 11.65584 45.51222 119.9625 11.65584 45.51222 119.9625 11.65584 45.51222 119.9625 18.01278 37 119.7348 18.01278 37 119.7348 18.01278 37 119.7348 17.71845 34.76438 119.7348 17.71845 34.76438 119.7348 17.71845 34.76438 119.7348 11.67925 28.40042 120 11.67925 28.40042 120 11.67925 28.40042 120 11.65584 28.48778 119.9625 11.65584 28.48778 119.9625 11.65584 28.48778 119.9625 13.74242 29.43541 119.9029 13.74242 29.43541 119.9029 13.74242 29.43541 119.9029 15.50932 30.86568 119.8253 15.50932 30.86568 119.8253 15.50932 30.86568 119.8253 16.85554 32.68111 119.7348 16.85554 32.68111 119.7348 16.85554 32.68111 119.7348 18.75 37 119.6378 18.75 37 119.6378 18.75 37 119.6378 18.43055 34.57357 119.6378 18.43055 34.57357 119.6378 18.43055 34.57357 119.6378 9.375 27.8125 119.9625 9.375 27.90294 120 9.375 27.8125 119.9625 9.375 27.90294 120 9.375 27.90294 120 9.375 27.8125 119.9625 11.773 28.05054 119.9029 11.773 28.05054 119.9029 11.773 28.05054 119.9029 14.03738 28.92452 119.8253 14.03738 28.92452 119.8253 14.03738 28.92452 119.8253 15.99509 30.37991 119.7348 15.99509 30.37991 119.7348 15.99509 30.37991 119.7348 17.49399 32.3125 119.6378 17.49399 32.3125 119.6378 17.49399 32.3125 119.6378 9.375 28 120.0128 9.375 28 120.0128 9.375 28 120.0128 9.375 45.90294 120 9.375 45.90294 120 9.375 45.90294 120 7.045629 45.69333 120.0128 7.020508 45.78708 120 7.045629 45.69333 120.0128 7.020508 45.78708 120 7.045629 45.69333 120.0128 7.020508 45.78708 120 6.9971 45.87444 119.9625 6.9971 45.87444 119.9625 6.9971 45.87444 119.9625 9.375 46.26517 119.9029 9.375 46.26517 119.9029 9.375 46.26517 119.9029 11.78843 46.00703 119.8253 11.78843 46.00703 119.8253 11.78843 46.00703 119.8253 14.05611 45.10792 119.7348 14.05611 45.10792 119.7348 14.05611 45.10792 119.7348 16.00413 43.62913 119.6378 16.00413 43.62913 119.6378 16.00413 43.62913 119.6378 17.48292 41.68111 119.5407 18.41821 39.42312 119.5407 17.48292 41.68111 119.5407 18.41821 39.42312 119.5407 18.41821 39.42312 119.5407 17.48292 41.68111 119.5407 16.84447 41.3125 119.6378 17.70611 39.23231 119.6378 16.84447 41.3125 119.6378 17.70611 39.23231 119.6378 17.70611 39.23231 119.6378 16.84447 41.3125 119.6378 15.48283 43.10783 119.7348 15.48283 43.10783 119.7348 15.48283 43.10783 119.7348 13.71262 44.51298 119.8253 13.71262 44.51298 119.8253 13.71262 44.51298 119.8253 11.63574 45.4372 119.9029 11.63574 45.4372 119.9029 11.63574 45.4372 119.9029 9.375 45.8125 119.9625 9.375 45.8125 119.9625 9.375 45.8125 119.9625 18 37 119.6378 18 37 119.6378 18 37 119.6378 17.70611 34.76769 119.6378 17.70611 34.76769 119.6378 17.70611 34.76769 119.6378 9.375 28.09706 120 9.375 28.09706 120 9.375 28.09706 120 9.375 28.1875 119.9625 9.375 28.1875 119.9625 9.375 28.1875 119.9625 11.63574 28.5628 119.9029 11.63574 28.5628 119.9029 11.63574 28.5628 119.9029 13.71262 29.48702 119.8253 13.71262 29.48702 119.8253 13.71262 29.48702 119.8253 15.48283 30.89217 119.7348 15.48283 30.89217 119.7348 15.48283 30.89217 119.7348 16.84447 32.6875 119.6378 16.84447 32.6875 119.6378 16.84447 32.6875 119.6378 18.73722 37 119.5407 18.73722 37 119.5407 18.73722 37 119.5407 18.41821 34.57688 119.5407 18.41821 34.57688 119.5407 18.41821 34.57688 119.5407 7.020508 28.21292 120 6.9971 28.12556 119.9625 7.020508 28.21292 120 6.9971 28.12556 119.9625 7.020508 28.21292 120 6.9971 28.12556 119.9625 9.375 27.73483 119.9029 9.375 27.73483 119.9029 9.375 27.73483 119.9029 11.78843 27.99297 119.8253 11.78843 27.99297 119.8253 11.78843 27.99297 119.8253 14.05611 28.89208 119.7348 14.05611 28.89208 119.7348 14.05611 28.89208 119.7348 16.00413 30.37087 119.6378 16.00413 30.37087 119.6378 16.00413 30.37087 119.6378 17.48292 32.31889 119.5407 17.48292 32.31889 119.5407 17.48292 32.31889 119.5407 7.045629 28.30667 120.0128 7.045629 28.30667 120.0128 7.045629 28.30667 120.0128 7.070749 45.59958 120 7.070749 45.59958 120 7.070749 45.59958 120 4.875 44.79423 120.0128 4.826471 44.87828 120 4.875 44.79423 120.0128 4.826471 44.87828 120 4.875 44.79423 120.0128 4.826471 44.87828 120 4.78125 44.95661 119.9625 4.78125 44.95661 119.9625 4.78125 44.95661 119.9625 6.976999 45.94946 119.9029 6.976999 45.94946 119.9029 6.976999 45.94946 119.9029 9.375 46.32476 119.8253 9.375 46.32476 119.8253 9.375 46.32476 119.8253 11.79812 46.04321 119.7348 11.79812 46.04321 119.7348 11.79812 46.04321 119.7348 14.0625 45.11899 119.6378 14.0625 45.11899 119.6378 14.0625 45.11899 119.6378 15.99509 43.62009 119.5407 15.99509 43.62009 119.5407 15.99509 43.62009 119.5407 17.45048 41.66238 119.4503 18.38203 39.41343 119.4503 17.45048 41.66238 119.4503 18.38203 39.41343 119.4503 18.38203 39.41343 119.4503 17.45048 41.66238 119.4503 17.71845 39.23562 119.5407 16.85554 41.31889 119.5407 16.85554 41.31889 119.5407 17.71845 39.23562 119.5407 17.71845 39.23562 119.5407 16.85554 41.31889 119.5407 15.4738 43.0988 119.6378 15.4738 43.0988 119.6378 15.4738 43.0988 119.6378 13.69389 44.48054 119.7348 13.69389 44.48054 119.7348 13.69389 44.48054 119.7348 11.62032 45.37964 119.8253 11.62032 45.37964 119.8253 11.62032 45.37964 119.8253 9.375 45.73483 119.9029 9.375 45.73483 119.9029 9.375 45.73483 119.9029 7.094157 45.51222 119.9625 7.094157 45.51222 119.9625 7.094157 45.51222 119.9625 18.01278 37 119.5407 18.01278 37 119.5407 18.01278 37 119.5407 17.71845 34.76438 119.5407 17.71845 34.76438 119.5407 17.71845 34.76438 119.5407 7.070749 28.40042 120 7.070749 28.40042 120 7.070749 28.40042 120 7.094157 28.48778 119.9625 7.094157 28.48778 119.9625 7.094157 28.48778 119.9625 9.375 28.26517 119.9029 9.375 28.26517 119.9029 9.375 28.26517 119.9029 11.62032 28.62036 119.8253 11.62032 28.62036 119.8253 11.62032 28.62036 119.8253 13.69389 29.51946 119.7348 13.69389 29.51946 119.7348 13.69389 29.51946 119.7348 15.4738 30.9012 119.6378 15.4738 30.9012 119.6378 15.4738 30.9012 119.6378 16.85554 32.68111 119.5407 16.85554 32.68111 119.5407 16.85554 32.68111 119.5407 18.69976 37 119.4503 18.69976 37 119.4503 18.69976 37 119.4503 18.38203 34.58657 119.4503 18.38203 34.58657 119.4503 18.38203 34.58657 119.4503 4.826471 29.12172 120 4.78125 29.04339 119.9625 4.826471 29.12172 120 4.78125 29.04339 119.9625 4.826471 29.12172 120 4.78125 29.04339 119.9625 6.976999 28.05054 119.9029 6.976999 28.05054 119.9029 6.976999 28.05054 119.9029 9.375 27.67524 119.8253 9.375 27.67524 119.8253 9.375 27.67524 119.8253 11.79812 27.95679 119.7348 11.79812 27.95679 119.7348 11.79812 27.95679 119.7348 14.0625 28.88101 119.6378 14.0625 28.88101 119.6378 14.0625 28.88101 119.6378 15.99509 30.37991 119.5407 15.99509 30.37991 119.5407 15.99509 30.37991 119.5407 17.45048 32.33762 119.4503 17.45048 32.33762 119.4503 17.45048 32.33762 119.4503 4.875 29.20577 120.0128 4.875 29.20577 120.0128 4.875 29.20577 120.0128 4.923529 44.71017 120 4.923529 44.71017 120 4.923529 44.71017 120 3.011039 43.36396 120.0128 2.942409 43.43259 120 3.011039 43.36396 120.0128 2.942409 43.43259 120 3.011039 43.36396 120.0128 2.942409 43.43259 120 2.878456 43.49654 119.9625 2.878456 43.49654 119.9625 2.878456 43.49654 119.9625 4.742417 45.02387 119.9029 4.742417 45.02387 119.9029 4.742417 45.02387 119.9029 6.961575 46.00703 119.8253 6.961575 46.00703 119.8253 6.961575 46.00703 119.8253 9.375 46.36222 119.7348 9.375 46.36222 119.7348 9.375 46.36222 119.7348 11.80143 46.05555 119.6378 11.80143 46.05555 119.6378 11.80143 46.05555 119.6378 14.05611 45.10792 119.5407 14.05611 45.10792 119.5407 14.05611 45.10792 119.5407 15.9686 43.5936 119.4503 15.9686 43.5936 119.4503 15.9686 43.5936 119.4503 17.39887 41.63258 119.3726 18.32446 39.398 119.3726 17.39887 41.63258 119.3726 18.32446 39.398 119.3726 18.32446 39.398 119.3726 17.39887 41.63258 119.3726 17.75464 39.24532 119.4503 16.88798 41.33762 119.4503 16.88798 41.33762 119.4503 17.75464 39.24532 119.4503 17.75464 39.24532 119.4503 16.88798 41.33762 119.4503 15.48283 43.10783 119.5407 15.48283 43.10783 119.5407 15.48283 43.10783 119.5407 13.6875 44.46947 119.6378 13.6875 44.46947 119.6378 13.6875 44.46947 119.6378 11.61062 45.34345 119.7348 11.61062 45.34345 119.7348 11.61062 45.34345 119.7348 9.375 45.67524 119.8253 9.375 45.67524 119.8253 9.375 45.67524 119.8253 7.114258 45.4372 119.9029 7.114258 45.4372 119.9029 7.114258 45.4372 119.9029 4.96875 44.63185 119.9625 4.96875 44.63185 119.9625 4.96875 44.63185 119.9625 18.05024 37 119.4503 18.05024 37 119.4503 18.05024 37 119.4503 17.75464 34.75468 119.4503 17.75464 34.75468 119.4503 17.75464 34.75468 119.4503 4.923529 29.28983 120 4.923529 29.28983 120 4.923529 29.28983 120 4.96875 29.36815 119.9625 4.96875 29.36815 119.9625 4.96875 29.36815 119.9625 7.114258 28.5628 119.9029 7.114258 28.5628 119.9029 7.114258 28.5628 119.9029 9.375 28.32476 119.8253 9.375 28.32476 119.8253 9.375 28.32476 119.8253 11.61062 28.65655 119.7348 11.61062 28.65655 119.7348 11.61062 28.65655 119.7348 13.6875 29.53053 119.6378 13.6875 29.53053 119.6378 13.6875 29.53053 119.6378 15.48283 30.89217 119.5407 15.48283 30.89217 119.5407 15.48283 30.89217 119.5407 16.88798 32.66238 119.4503 16.88798 32.66238 119.4503 16.88798 32.66238 119.4503 18.64017 37 119.3726 18.64017 37 119.3726 18.64017 37 119.3726 18.32446 34.602 119.3726 18.32446 34.602 119.3726 18.32446 34.602 119.3726 2.942409 30.56741 120 2.878456 30.50346 119.9625 2.942409 30.56741 120 2.878456 30.50346 119.9625 2.942409 30.56741 120 2.878456 30.50346 119.9625 4.742417 28.97613 119.9029 4.742417 28.97613 119.9029 4.742417 28.97613 119.9029 6.961575 27.99297 119.8253 6.961575 27.99297 119.8253 6.961575 27.99297 119.8253 9.375 27.63778 119.7348 9.375 27.63778 119.7348 9.375 27.63778 119.7348 11.80143 27.94445 119.6378 11.80143 27.94445 119.6378 11.80143 27.94445 119.6378 14.05611 28.89208 119.5407 14.05611 28.89208 119.5407 14.05611 28.89208 119.5407 15.9686 30.4064 119.4503 15.9686 30.4064 119.4503 15.9686 30.4064 119.4503 17.39887 32.36742 119.3726 17.39887 32.36742 119.3726 17.39887 32.36742 119.3726 3.011039 30.63604 120.0128 3.011039 30.63604 120.0128 3.011039 30.63604 120.0128 3.079669 43.29533 120 3.079669 43.29533 120 3.079669 43.29533 120 1.580771 41.5 120.0128 1.496717 41.54853 120 1.580771 41.5 120.0128 1.496717 41.54853 120 1.580771 41.5 120.0128 1.496717 41.54853 120 1.418392 41.59375 119.9625 1.418392 41.59375 119.9625 1.418392 41.59375 119.9625 2.823539 43.55146 119.9029 2.823539 43.55146 119.9029 2.823539 43.55146 119.9029 4.71262 45.07548 119.8253 4.71262 45.07548 119.8253 4.71262 45.07548 119.8253 6.951879 46.04321 119.7348 6.951879 46.04321 119.7348 6.951879 46.04321 119.7348 9.375 46.375 119.6378 9.375 46.375 119.6378 9.375 46.375 119.6378 11.79812 46.04321 119.5407 11.79812 46.04321 119.5407 11.79812 46.04321 119.5407 14.03738 45.07548 119.4503 14.03738 45.07548 119.4503 14.03738 45.07548 119.4503 15.92646 43.55146 119.3726 15.92646 43.55146 119.3726 15.92646 43.55146 119.3726 18.24944 39.3779 119.313 17.33161 41.59375 119.313 18.24944 39.3779 119.313 17.33161 41.59375 119.313 18.24944 39.3779 119.313 17.33161 41.59375 119.313 17.8122 39.26074 119.3726 16.93959 41.36742 119.3726 16.93959 41.36742 119.3726 17.8122 39.26074 119.3726 17.8122 39.26074 119.3726 16.93959 41.36742 119.3726 15.50932 43.13432 119.4503 15.50932 43.13432 119.4503 15.50932 43.13432 119.4503 13.69389 44.48054 119.5407 13.69389 44.48054 119.5407 13.69389 44.48054 119.5407 11.60731 45.33111 119.6378 11.60731 45.33111 119.6378 11.60731 45.33111 119.6378 9.375 45.63778 119.7348 9.375 45.63778 119.7348 9.375 45.63778 119.7348 7.129683 45.37964 119.8253 7.129683 45.37964 119.8253 7.129683 45.37964 119.8253 5.007583 44.56459 119.9029 5.007583 44.56459 119.9029 5.007583 44.56459 119.9029 3.143621 43.23138 119.9625 3.143621 43.23138 119.9625 3.143621 43.23138 119.9625 18.10983 37 119.3726 18.10983 37 119.3726 18.10983 37 119.3726 17.8122 34.73926 119.3726 17.8122 34.73926 119.3726 17.8122 34.73926 119.3726 3.079669 30.70467 120 3.079669 30.70467 120 3.079669 30.70467 120 3.143621 30.76862 119.9625 3.143621 30.76862 119.9625 3.143621 30.76862 119.9625 5.007583 29.43541 119.9029 5.007583 29.43541 119.9029 5.007583 29.43541 119.9029 7.129683 28.62036 119.8253 7.129683 28.62036 119.8253 7.129683 28.62036 119.8253 9.375 28.36222 119.7348 9.375 28.36222 119.7348 9.375 28.36222 119.7348 11.60731 28.66889 119.6378 11.60731 28.66889 119.6378 11.60731 28.66889 119.6378 13.69389 29.51946 119.5407 13.69389 29.51946 119.5407 13.69389 29.51946 119.5407 15.50932 30.86568 119.4503 15.50932 30.86568 119.4503 15.50932 30.86568 119.4503 16.93959 32.63258 119.3726 16.93959 32.63258 119.3726 16.93959 32.63258 119.3726 18.5625 37 119.313 18.5625 37 119.313 18.5625 37 119.313 18.24944 34.6221 119.313 18.24944 34.6221 119.313 18.24944 34.6221 119.313 1.496717 32.45147 120 1.418392 32.40625 119.9625 1.496717 32.45147 120 1.418392 32.40625 119.9625 1.496717 32.45147 120 1.418392 32.40625 119.9625 2.823539 30.44854 119.9029 2.823539 30.44854 119.9029 2.823539 30.44854 119.9029 4.71262 28.92452 119.8253 4.71262 28.92452 119.8253 4.71262 28.92452 119.8253 6.951879 27.95679 119.7348 6.951879 27.95679 119.7348 6.951879 27.95679 119.7348 9.375 27.625 119.6378 9.375 27.625 119.6378 9.375 27.625 119.6378 11.79812 27.95679 119.5407 11.79812 27.95679 119.5407 11.79812 27.95679 119.5407 14.03738 28.92452 119.4503 14.03738 28.92452 119.4503 14.03738 28.92452 119.4503 15.92646 30.44854 119.3726 15.92646 30.44854 119.3726 15.92646 30.44854 119.3726 17.33161 32.40625 119.313 17.33161 32.40625 119.313 17.33161 32.40625 119.313 1.580771 32.5 120.0128 1.580771 32.5 120.0128 1.580771 32.5 120.0128 1.664825 41.45147 120 1.664825 41.45147 120 1.664825 41.45147 120 0.6816676 39.32937 120.0128 0.5879176 39.35449 120 0.6816676 39.32937 120.0128 0.5879176 39.35449 120 0.6816676 39.32937 120.0128 0.5879176 39.35449 120 0.5005565 39.3779 119.9625 0.5005565 39.3779 119.9625 0.5005565 39.3779 119.9625 1.351132 41.63258 119.9029 1.351132 41.63258 119.9029 1.351132 41.63258 119.9029 2.781399 43.5936 119.8253 2.781399 43.5936 119.8253 2.781399 43.5936 119.8253 4.693889 45.10792 119.7348 4.693889 45.10792 119.7348 4.693889 45.10792 119.7348 6.948571 46.05555 119.6378 6.948571 46.05555 119.6378 6.948571 46.05555 119.6378 9.375 46.36222 119.5407 9.375 46.36222 119.5407 9.375 46.36222 119.5407 11.78843 46.00703 119.4503 11.78843 46.00703 119.4503 11.78843 46.00703 119.4503 14.00758 45.02387 119.3726 14.00758 45.02387 119.3726 14.00758 45.02387 119.3726 15.87154 43.49654 119.313 15.87154 43.49654 119.313 15.87154 43.49654 119.313 18.16208 39.35449 119.2756 17.25328 41.54853 119.2756 18.16208 39.35449 119.2756 17.25328 41.54853 119.2756 18.16208 39.35449 119.2756 17.25328 41.54853 119.2756 17.00685 41.40625 119.313 17.88722 39.28084 119.313 17.88722 39.28084 119.313 17.00685 41.40625 119.313 17.88722 39.28084 119.313 17.00685 41.40625 119.313 15.55146 43.17646 119.3726 15.55146 43.17646 119.3726 15.55146 43.17646 119.3726 13.71262 44.51298 119.4503 13.71262 44.51298 119.4503 13.71262 44.51298 119.4503 11.61062 45.34345 119.5407 11.61062 45.34345 119.5407 11.61062 45.34345 119.5407 9.375 45.625 119.6378 9.375 45.625 119.6378 9.375 45.625 119.6378 7.139379 45.34345 119.7348 7.139379 45.34345 119.7348 7.139379 45.34345 119.7348 5.03738 44.51298 119.8253 5.03738 44.51298 119.8253 5.03738 44.51298 119.8253 3.198539 43.17646 119.9029 3.198539 43.17646 119.9029 3.198539 43.17646 119.9029 1.743151 41.40625 119.9625 1.743151 41.40625 119.9625 1.743151 41.40625 119.9625 18.1875 37 119.313 18.1875 37 119.313 18.1875 37 119.313 17.88722 34.71916 119.313 17.88722 34.71916 119.313 17.88722 34.71916 119.313 1.664825 32.54853 120 1.664825 32.54853 120 1.664825 32.54853 120 1.743151 32.59375 119.9625 1.743151 32.59375 119.9625 1.743151 32.59375 119.9625 3.198539 30.82354 119.9029 3.198539 30.82354 119.9029 3.198539 30.82354 119.9029 5.03738 29.48702 119.8253 5.03738 29.48702 119.8253 5.03738 29.48702 119.8253 7.139379 28.65655 119.7348 7.139379 28.65655 119.7348 7.139379 28.65655 119.7348 9.375 28.375 119.6378 9.375 28.375 119.6378 9.375 28.375 119.6378 11.61062 28.65655 119.5407 11.61062 28.65655 119.5407 11.61062 28.65655 119.5407 13.71262 29.48702 119.4503 13.71262 29.48702 119.4503 13.71262 29.48702 119.4503 15.55146 30.82354 119.3726 15.55146 30.82354 119.3726 15.55146 30.82354 119.3726 17.00685 32.59375 119.313 17.00685 32.59375 119.313 17.00685 32.59375 119.313 18.47206 37 119.2756 18.47206 37 119.2756 18.47206 37 119.2756 18.16208 34.64551 119.2756 18.16208 34.64551 119.2756 18.16208 34.64551 119.2756 0.5879176 34.64551 120 0.5005565 34.6221 119.9625 0.5879176 34.64551 120 0.5005565 34.6221 119.9625 0.5879176 34.64551 120 0.5005565 34.6221 119.9625 1.351132 32.36742 119.9029 1.351132 32.36742 119.9029 1.351132 32.36742 119.9029 2.781399 30.4064 119.8253 2.781399 30.4064 119.8253 2.781399 30.4064 119.8253 4.693889 28.89208 119.7348 4.693889 28.89208 119.7348 4.693889 28.89208 119.7348 6.948571 27.94445 119.6378 6.948571 27.94445 119.6378 6.948571 27.94445 119.6378 9.375 27.63778 119.5407 9.375 27.63778 119.5407 9.375 27.63778 119.5407 11.78843 27.99297 119.4503 11.78843 27.99297 119.4503 11.78843 27.99297 119.4503 14.00758 28.97613 119.3726 14.00758 28.97613 119.3726 14.00758 28.97613 119.3726 15.87154 30.50346 119.313 15.87154 30.50346 119.313 15.87154 30.50346 119.313 17.25328 32.45147 119.2756 17.25328 32.45147 119.2756 17.25328 32.45147 119.2756 0.6816676 34.67063 120.0128 0.6816676 34.67063 120.0128 0.6816676 34.67063 120.0128 0.7754176 39.30425 120 0.7754176 39.30425 120 0.7754176 39.30425 120 0.375 37 120.0128 0.2779429 37 120 0.375 37 120.0128 0.2779429 37 120 0.375 37 120.0128 0.2779429 37 120 0.1875 37 119.9625 0.1875 37 119.9625 0.1875 37 119.9625 0.4255378 39.398 119.9029 0.4255378 39.398 119.9029 0.4255378 39.398 119.9029 1.299521 41.66238 119.8253 1.299521 41.66238 119.8253 1.299521 41.66238 119.8253 2.754909 43.62009 119.7348 2.754909 43.62009 119.7348 2.754909 43.62009 119.7348 4.6875 45.11899 119.6378 4.6875 45.11899 119.6378 4.6875 45.11899 119.6378 6.951879 46.04321 119.5407 6.951879 46.04321 119.5407 6.951879 46.04321 119.5407 9.375 46.32476 119.4503 9.375 46.32476 119.4503 9.375 46.32476 119.4503 11.773 45.94946 119.3726 11.773 45.94946 119.3726 11.773 45.94946 119.3726 13.96875 44.95661 119.313 13.96875 44.95661 119.313 13.96875 44.95661 119.313 15.80759 43.43259 119.2756 15.80759 43.43259 119.2756 15.80759 43.43259 119.2756 18.06833 39.32937 119.2628 17.16923 41.5 119.2628 18.06833 39.32937 119.2628 17.16923 41.5 119.2628 18.06833 39.32937 119.2628 17.16923 41.5 119.2628 17.08517 41.45147 119.2756 17.97458 39.30425 119.2756 17.97458 39.30425 119.2756 17.08517 41.45147 119.2756 17.97458 39.30425 119.2756 17.08517 41.45147 119.2756 15.60638 43.23138 119.313 15.60638 43.23138 119.313 15.60638 43.23138 119.313 13.74242 44.56459 119.3726 13.74242 44.56459 119.3726 13.74242 44.56459 119.3726 11.62032 45.37964 119.4503 11.62032 45.37964 119.4503 11.62032 45.37964 119.4503 9.375 45.63778 119.5407 9.375 45.63778 119.5407 9.375 45.63778 119.5407 7.142686 45.33111 119.6378 7.142686 45.33111 119.6378 7.142686 45.33111 119.6378 5.056111 44.48054 119.7348 5.056111 44.48054 119.7348 5.056111 44.48054 119.7348 3.240679 43.13432 119.8253 3.240679 43.13432 119.8253 3.240679 43.13432 119.8253 1.810411 41.36742 119.9029 1.810411 41.36742 119.9029 1.810411 41.36742 119.9029 0.8627787 39.28084 119.9625 0.8627787 39.28084 119.9625 0.8627787 39.28084 119.9625 18.27794 37 119.2756 18.27794 37 119.2756 18.27794 37 119.2756 17.97458 34.69575 119.2756 17.97458 34.69575 119.2756 17.97458 34.69575 119.2756 0.7754176 34.69575 120 0.7754176 34.69575 120 0.7754176 34.69575 120 0.8627787 34.71916 119.9625 0.8627787 34.71916 119.9625 0.8627787 34.71916 119.9625 1.810411 32.63258 119.9029 1.810411 32.63258 119.9029 1.810411 32.63258 119.9029 3.240679 30.86568 119.8253 3.240679 30.86568 119.8253 3.240679 30.86568 119.8253 5.056111 29.51946 119.7348 5.056111 29.51946 119.7348 5.056111 29.51946 119.7348 7.142686 28.66889 119.6378 7.142686 28.66889 119.6378 7.142686 28.66889 119.6378 9.375 28.36222 119.5407 9.375 28.36222 119.5407 9.375 28.36222 119.5407 11.62032 28.62036 119.4503 11.62032 28.62036 119.4503 11.62032 28.62036 119.4503 13.74242 29.43541 119.3726 13.74242 29.43541 119.3726 13.74242 29.43541 119.3726 15.60638 30.76862 119.313 15.60638 30.76862 119.313 15.60638 30.76862 119.313 17.08517 32.54853 119.2756 17.08517 32.54853 119.2756 17.08517 32.54853 119.2756 18.375 37 119.2628 18.375 37 119.2628 18.375 37 119.2628 18.06833 34.67063 119.2628 18.06833 34.67063 119.2628 18.06833 34.67063 119.2628 0.4255378 34.602 119.9029 0.4255378 34.602 119.9029 0.4255378 34.602 119.9029 1.299521 32.33762 119.8253 1.299521 32.33762 119.8253 1.299521 32.33762 119.8253 2.754909 30.37991 119.7348 2.754909 30.37991 119.7348 2.754909 30.37991 119.7348 4.6875 28.88101 119.6378 4.6875 28.88101 119.6378 4.6875 28.88101 119.6378 6.951879 27.95679 119.5407 6.951879 27.95679 119.5407 6.951879 27.95679 119.5407 9.375 27.67524 119.4503 9.375 27.67524 119.4503 9.375 27.67524 119.4503 11.773 28.05054 119.3726 11.773 28.05054 119.3726 11.773 28.05054 119.3726 13.96875 29.04339 119.313 13.96875 29.04339 119.313 13.96875 29.04339 119.313 15.80759 30.56741 119.2756 15.80759 30.56741 119.2756 15.80759 30.56741 119.2756 17.16923 32.5 119.2628 17.16923 32.5 119.2628 17.16923 32.5 119.2628 0.4720571 37 120 0.4720571 37 120 0.4720571 37 120 0.109835 37 119.9029 0.109835 37 119.9029 0.109835 37 119.9029 0.3679739 39.41343 119.8253 0.3679739 39.41343 119.8253 0.3679739 39.41343 119.8253 1.267078 41.68111 119.7348 1.267078 41.68111 119.7348 1.267078 41.68111 119.7348 2.745874 43.62913 119.6378 2.745874 43.62913 119.6378 2.745874 43.62913 119.6378 4.693889 45.10792 119.5407 4.693889 45.10792 119.5407 4.693889 45.10792 119.5407 6.961575 46.00703 119.4503 6.961575 46.00703 119.4503 6.961575 46.00703 119.4503 9.375 46.26517 119.3726 9.375 46.26517 119.3726 9.375 46.26517 119.3726 11.7529 45.87444 119.313 11.7529 45.87444 119.313 11.7529 45.87444 119.313 13.92353 44.87828 119.2756 13.92353 44.87828 119.2756 13.92353 44.87828 119.2756 15.73896 43.36396 119.2628 15.73896 43.36396 119.2628 15.73896 43.36396 119.2628 15.67033 43.29533 119.2756 15.67033 43.29533 119.2756 15.67033 43.29533 119.2756 13.78125 44.63185 119.313 13.78125 44.63185 119.313 13.78125 44.63185 119.313 11.63574 45.4372 119.3726 11.63574 45.4372 119.3726 11.63574 45.4372 119.3726 9.375 45.67524 119.4503 9.375 45.67524 119.4503 9.375 45.67524 119.4503 7.139379 45.34345 119.5407 7.139379 45.34345 119.5407 7.139379 45.34345 119.5407 5.0625 44.46947 119.6378 5.0625 44.46947 119.6378 5.0625 44.46947 119.6378 3.267169 43.10783 119.7348 3.267169 43.10783 119.7348 3.267169 43.10783 119.7348 1.862021 41.33762 119.8253 1.862021 41.33762 119.8253 1.862021 41.33762 119.8253 0.9377973 39.26074 119.9029 0.9377973 39.26074 119.9029 0.9377973 39.26074 119.9029 0.5625 37 119.9625 0.5625 37 119.9625 0.5625 37 119.9625 0.9377973 34.73926 119.9029 0.9377973 34.73926 119.9029 0.9377973 34.73926 119.9029 1.862021 32.66238 119.8253 1.862021 32.66238 119.8253 1.862021 32.66238 119.8253 3.267169 30.89217 119.7348 3.267169 30.89217 119.7348 3.267169 30.89217 119.7348 5.0625 29.53053 119.6378 5.0625 29.53053 119.6378 5.0625 29.53053 119.6378 7.139379 28.65655 119.5407 7.139379 28.65655 119.5407 7.139379 28.65655 119.5407 9.375 28.32476 119.4503 9.375 28.32476 119.4503 9.375 28.32476 119.4503 11.63574 28.5628 119.3726 11.63574 28.5628 119.3726 11.63574 28.5628 119.3726 13.78125 29.36815 119.313 13.78125 29.36815 119.313 13.78125 29.36815 119.313 15.67033 30.70467 119.2756 15.67033 30.70467 119.2756 15.67033 30.70467 119.2756 0.3679739 34.58657 119.8253 0.3679739 34.58657 119.8253 0.3679739 34.58657 119.8253 1.267078 32.31889 119.7348 1.267078 32.31889 119.7348 1.267078 32.31889 119.7348 2.745874 30.37087 119.6378 2.745874 30.37087 119.6378 2.745874 30.37087 119.6378 4.693889 28.89208 119.5407 4.693889 28.89208 119.5407 4.693889 28.89208 119.5407 6.961575 27.99297 119.4503 6.961575 27.99297 119.4503 6.961575 27.99297 119.4503 9.375 27.73483 119.3726 9.375 27.73483 119.3726 9.375 27.73483 119.3726 11.7529 28.12556 119.313 11.7529 28.12556 119.313 11.7529 28.12556 119.313 13.92353 29.12172 119.2756 13.92353 29.12172 119.2756 13.92353 29.12172 119.2756 15.73896 30.63604 119.2628 15.73896 30.63604 119.2628 15.73896 30.63604 119.2628 0.05024047 37 119.8253 0.05024047 37 119.8253 0.05024047 37 119.8253 0.3317878 39.42312 119.7348 0.3317878 39.42312 119.7348 0.3317878 39.42312 119.7348 1.256012 41.6875 119.6378 1.256012 41.6875 119.6378 1.256012 41.6875 119.6378 2.754909 43.62009 119.5407 2.754909 43.62009 119.5407 2.754909 43.62009 119.5407 4.71262 45.07548 119.4503 4.71262 45.07548 119.4503 4.71262 45.07548 119.4503 6.976999 45.94946 119.3726 6.976999 45.94946 119.3726 6.976999 45.94946 119.3726 9.375 46.1875 119.313 9.375 46.1875 119.313 9.375 46.1875 119.313 11.72949 45.78708 119.2756 11.72949 45.78708 119.2756 11.72949 45.78708 119.2756 13.875 44.79423 119.2628 13.875 44.79423 119.2628 13.875 44.79423 119.2628 13.82647 44.71017 119.2756 13.82647 44.71017 119.2756 13.82647 44.71017 119.2756 11.65584 45.51222 119.313 11.65584 45.51222 119.313 11.65584 45.51222 119.313 9.375 45.73483 119.3726 9.375 45.73483 119.3726 9.375 45.73483 119.3726 7.129683 45.37964 119.4503 7.129683 45.37964 119.4503 7.129683 45.37964 119.4503 5.056111 44.48054 119.5407 5.056111 44.48054 119.5407 5.056111 44.48054 119.5407 3.276204 43.0988 119.6378 3.276204 43.0988 119.6378 3.276204 43.0988 119.6378 1.894465 41.31889 119.7348 1.894465 41.31889 119.7348 1.894465 41.31889 119.7348 0.9953612 39.24532 119.8253 0.9953612 39.24532 119.8253 0.9953612 39.24532 119.8253 0.640165 37 119.9029 0.640165 37 119.9029 0.640165 37 119.9029 0.9953612 34.75468 119.8253 0.9953612 34.75468 119.8253 0.9953612 34.75468 119.8253 1.894465 32.68111 119.7348 1.894465 32.68111 119.7348 1.894465 32.68111 119.7348 3.276204 30.9012 119.6378 3.276204 30.9012 119.6378 3.276204 30.9012 119.6378 5.056111 29.51946 119.5407 5.056111 29.51946 119.5407 5.056111 29.51946 119.5407 7.129683 28.62036 119.4503 7.129683 28.62036 119.4503 7.129683 28.62036 119.4503 9.375 28.26517 119.3726 9.375 28.26517 119.3726 9.375 28.26517 119.3726 11.65584 28.48778 119.313 11.65584 28.48778 119.313 11.65584 28.48778 119.313 13.82647 29.28983 119.2756 13.82647 29.28983 119.2756 13.82647 29.28983 119.2756 0.3317878 34.57688 119.7348 0.3317878 34.57688 119.7348 0.3317878 34.57688 119.7348 1.256012 32.3125 119.6378 1.256012 32.3125 119.6378 1.256012 32.3125 119.6378 2.754909 30.37991 119.5407 2.754909 30.37991 119.5407 2.754909 30.37991 119.5407 4.71262 28.92452 119.4503 4.71262 28.92452 119.4503 4.71262 28.92452 119.4503 6.976999 28.05054 119.3726 6.976999 28.05054 119.3726 6.976999 28.05054 119.3726 9.375 27.8125 119.313 9.375 27.8125 119.313 9.375 27.8125 119.313 11.72949 28.21292 119.2756 11.72949 28.21292 119.2756 11.72949 28.21292 119.2756 13.875 29.20577 119.2628 13.875 29.20577 119.2628 13.875 29.20577 119.2628 0.01277782 37 119.7348 0.01277782 37 119.7348 0.01277782 37 119.7348 0.3194454 39.42643 119.6378 0.3194454 39.42643 119.6378 0.3194454 39.42643 119.6378 1.267078 41.68111 119.5407 1.267078 41.68111 119.5407 1.267078 41.68111 119.5407 2.781399 43.5936 119.4503 2.781399 43.5936 119.4503 2.781399 43.5936 119.4503 4.742417 45.02387 119.3726 4.742417 45.02387 119.3726 4.742417 45.02387 119.3726 6.9971 45.87444 119.313 6.9971 45.87444 119.313 6.9971 45.87444 119.313 9.375 46.09706 119.2756 9.375 46.09706 119.2756 9.375 46.09706 119.2756 11.70437 45.69333 119.2628 11.70437 45.69333 119.2628 11.70437 45.69333 119.2628 11.67925 45.59958 119.2756 11.67925 45.59958 119.2756 11.67925 45.59958 119.2756 9.375 45.8125 119.313 9.375 45.8125 119.313 9.375 45.8125 119.313 7.114258 45.4372 119.3726 7.114258 45.4372 119.3726 7.114258 45.4372 119.3726 5.03738 44.51298 119.4503 5.03738 44.51298 119.4503 5.03738 44.51298 119.4503 3.267169 43.10783 119.5407 3.267169 43.10783 119.5407 3.267169 43.10783 119.5407 1.905531 41.3125 119.6378 1.905531 41.3125 119.6378 1.905531 41.3125 119.6378 1.031547 39.23562 119.7348 1.031547 39.23562 119.7348 1.031547 39.23562 119.7348 0.6997595 37 119.8253 0.6997595 37 119.8253 0.6997595 37 119.8253 1.031547 34.76438 119.7348 1.031547 34.76438 119.7348 1.031547 34.76438 119.7348 1.905531 32.6875 119.6378 1.905531 32.6875 119.6378 1.905531 32.6875 119.6378 3.267169 30.89217 119.5407 3.267169 30.89217 119.5407 3.267169 30.89217 119.5407 5.03738 29.48702 119.4503 5.03738 29.48702 119.4503 5.03738 29.48702 119.4503 7.114258 28.5628 119.3726 7.114258 28.5628 119.3726 7.114258 28.5628 119.3726 9.375 28.1875 119.313 9.375 28.1875 119.313 9.375 28.1875 119.313 11.67925 28.40042 119.2756 11.67925 28.40042 119.2756 11.67925 28.40042 119.2756 0.3194454 34.57357 119.6378 0.3194454 34.57357 119.6378 0.3194454 34.57357 119.6378 1.267078 32.31889 119.5407 1.267078 32.31889 119.5407 1.267078 32.31889 119.5407 2.781399 30.4064 119.4503 2.781399 30.4064 119.4503 2.781399 30.4064 119.4503 4.742417 28.97613 119.3726 4.742417 28.97613 119.3726 4.742417 28.97613 119.3726 6.9971 28.12556 119.313 6.9971 28.12556 119.313 6.9971 28.12556 119.313 9.375 27.90294 119.2756 9.375 27.90294 119.2756 9.375 27.90294 119.2756 11.70437 28.30667 119.2628 11.70437 28.30667 119.2628 11.70437 28.30667 119.2628 0 37 119.6378 0 37 119.6378 0 37 119.6378 0.3317878 39.42312 119.5407 0.3317878 39.42312 119.5407 0.3317878 39.42312 119.5407 1.299521 41.66238 119.4503 1.299521 41.66238 119.4503 1.299521 41.66238 119.4503 2.823539 43.55146 119.3726 2.823539 43.55146 119.3726 2.823539 43.55146 119.3726 4.78125 44.95661 119.313 4.78125 44.95661 119.313 4.78125 44.95661 119.313 7.020508 45.78708 119.2756 7.020508 45.78708 119.2756 7.020508 45.78708 119.2756 9.375 46 119.2628 9.375 46 119.2628 9.375 46 119.2628 9.375 45.90294 119.2756 9.375 45.90294 119.2756 9.375 45.90294 119.2756 7.094157 45.51222 119.313 7.094157 45.51222 119.313 7.094157 45.51222 119.313 5.007583 44.56459 119.3726 5.007583 44.56459 119.3726 5.007583 44.56459 119.3726 3.240679 43.13432 119.4503 3.240679 43.13432 119.4503 3.240679 43.13432 119.4503 1.894465 41.31889 119.5407 1.894465 41.31889 119.5407 1.894465 41.31889 119.5407 1.04389 39.23231 119.6378 1.04389 39.23231 119.6378 1.04389 39.23231 119.6378 0.7372222 37 119.7348 0.7372222 37 119.7348 0.7372222 37 119.7348 1.04389 34.76769 119.6378 1.04389 34.76769 119.6378 1.04389 34.76769 119.6378 1.894465 32.68111 119.5407 1.894465 32.68111 119.5407 1.894465 32.68111 119.5407 3.240679 30.86568 119.4503 3.240679 30.86568 119.4503 3.240679 30.86568 119.4503 5.007583 29.43541 119.3726 5.007583 29.43541 119.3726 5.007583 29.43541 119.3726 7.094157 28.48778 119.313 7.094157 28.48778 119.313 7.094157 28.48778 119.313 9.375 28.09706 119.2756 9.375 28.09706 119.2756 9.375 28.09706 119.2756 0.3317878 34.57688 119.5407 0.3317878 34.57688 119.5407 0.3317878 34.57688 119.5407 1.299521 32.33762 119.4503 1.299521 32.33762 119.4503 1.299521 32.33762 119.4503 2.823539 30.44854 119.3726 2.823539 30.44854 119.3726 2.823539 30.44854 119.3726 4.78125 29.04339 119.313 4.78125 29.04339 119.313 4.78125 29.04339 119.313 7.020508 28.21292 119.2756 7.020508 28.21292 119.2756 7.020508 28.21292 119.2756 9.375 28 119.2628 9.375 28 119.2628 9.375 28 119.2628 0.01277782 37 119.5407 0.01277782 37 119.5407 0.01277782 37 119.5407 0.3679739 39.41343 119.4503 0.3679739 39.41343 119.4503 0.3679739 39.41343 119.4503 1.351132 41.63258 119.3726 1.351132 41.63258 119.3726 1.351132 41.63258 119.3726 2.878456 43.49654 119.313 2.878456 43.49654 119.313 2.878456 43.49654 119.313 4.826471 44.87828 119.2756 4.826471 44.87828 119.2756 4.826471 44.87828 119.2756 7.045629 45.69333 119.2628 7.045629 45.69333 119.2628 7.045629 45.69333 119.2628 7.070749 45.59958 119.2756 7.070749 45.59958 119.2756 7.070749 45.59958 119.2756 4.96875 44.63185 119.313 4.96875 44.63185 119.313 4.96875 44.63185 119.313 3.198539 43.17646 119.3726 3.198539 43.17646 119.3726 3.198539 43.17646 119.3726 1.862021 41.33762 119.4503 1.862021 41.33762 119.4503 1.862021 41.33762 119.4503 1.031547 39.23562 119.5407 1.031547 39.23562 119.5407 1.031547 39.23562 119.5407 0.75 37 119.6378 0.75 37 119.6378 0.75 37 119.6378 1.031547 34.76438 119.5407 1.031547 34.76438 119.5407 1.031547 34.76438 119.5407 1.862021 32.66238 119.4503 1.862021 32.66238 119.4503 1.862021 32.66238 119.4503 3.198539 30.82354 119.3726 3.198539 30.82354 119.3726 3.198539 30.82354 119.3726 4.96875 29.36815 119.313 4.96875 29.36815 119.313 4.96875 29.36815 119.313 7.070749 28.40042 119.2756 7.070749 28.40042 119.2756 7.070749 28.40042 119.2756 0.3679739 34.58657 119.4503 0.3679739 34.58657 119.4503 0.3679739 34.58657 119.4503 1.351132 32.36742 119.3726 1.351132 32.36742 119.3726 1.351132 32.36742 119.3726 2.878456 30.50346 119.313 2.878456 30.50346 119.313 2.878456 30.50346 119.313 4.826471 29.12172 119.2756 4.826471 29.12172 119.2756 4.826471 29.12172 119.2756 7.045629 28.30667 119.2628 7.045629 28.30667 119.2628 7.045629 28.30667 119.2628 0.05024047 37 119.4503 0.05024047 37 119.4503 0.05024047 37 119.4503 0.4255378 39.398 119.3726 0.4255378 39.398 119.3726 0.4255378 39.398 119.3726 1.418392 41.59375 119.313 1.418392 41.59375 119.313 1.418392 41.59375 119.313 2.942409 43.43259 119.2756 2.942409 43.43259 119.2756 2.942409 43.43259 119.2756 4.875 44.79423 119.2628 4.875 44.79423 119.2628 4.875 44.79423 119.2628 4.923529 44.71017 119.2756 4.923529 44.71017 119.2756 4.923529 44.71017 119.2756 3.143621 43.23138 119.313 3.143621 43.23138 119.313 3.143621 43.23138 119.313 1.810411 41.36742 119.3726 1.810411 41.36742 119.3726 1.810411 41.36742 119.3726 0.9953612 39.24532 119.4503 0.9953612 39.24532 119.4503 0.9953612 39.24532 119.4503 0.7372222 37 119.5407 0.7372222 37 119.5407 0.7372222 37 119.5407 0.9953612 34.75468 119.4503 0.9953612 34.75468 119.4503 0.9953612 34.75468 119.4503 1.810411 32.63258 119.3726 1.810411 32.63258 119.3726 1.810411 32.63258 119.3726 3.143621 30.76862 119.313 3.143621 30.76862 119.313 3.143621 30.76862 119.313 4.923529 29.28983 119.2756 4.923529 29.28983 119.2756 4.923529 29.28983 119.2756 0.4255378 34.602 119.3726 0.4255378 34.602 119.3726 0.4255378 34.602 119.3726 1.418392 32.40625 119.313 1.418392 32.40625 119.313 1.418392 32.40625 119.313 2.942409 30.56741 119.2756 2.942409 30.56741 119.2756 2.942409 30.56741 119.2756 4.875 29.20577 119.2628 4.875 29.20577 119.2628 4.875 29.20577 119.2628 0.109835 37 119.3726 0.109835 37 119.3726 0.109835 37 119.3726 0.5005565 39.3779 119.313 0.5005565 39.3779 119.313 0.5005565 39.3779 119.313 1.496717 41.54853 119.2756 1.496717 41.54853 119.2756 1.496717 41.54853 119.2756 3.011039 43.36396 119.2628 3.011039 43.36396 119.2628 3.011039 43.36396 119.2628 3.079669 43.29533 119.2756 3.079669 43.29533 119.2756 3.079669 43.29533 119.2756 1.743151 41.40625 119.313 1.743151 41.40625 119.313 1.743151 41.40625 119.313 0.9377973 39.26074 119.3726 0.9377973 39.26074 119.3726 0.9377973 39.26074 119.3726 0.6997595 37 119.4503 0.6997595 37 119.4503 0.6997595 37 119.4503 0.9377973 34.73926 119.3726 0.9377973 34.73926 119.3726 0.9377973 34.73926 119.3726 1.743151 32.59375 119.313 1.743151 32.59375 119.313 1.743151 32.59375 119.313 3.079669 30.70467 119.2756 3.079669 30.70467 119.2756 3.079669 30.70467 119.2756 0.5005565 34.6221 119.313 0.5005565 34.6221 119.313 0.5005565 34.6221 119.313 1.496717 32.45147 119.2756 1.496717 32.45147 119.2756 1.496717 32.45147 119.2756 3.011039 30.63604 119.2628 3.011039 30.63604 119.2628 3.011039 30.63604 119.2628 0.1875 37 119.313 0.1875 37 119.313 0.1875 37 119.313 0.5879176 39.35449 119.2756 0.5879176 39.35449 119.2756 0.5879176 39.35449 119.2756 1.580771 41.5 119.2628 1.580771 41.5 119.2628 1.580771 41.5 119.2628 1.664825 41.45147 119.2756 1.664825 41.45147 119.2756 1.664825 41.45147 119.2756 0.8627787 39.28084 119.313 0.8627787 39.28084 119.313 0.8627787 39.28084 119.313 0.640165 37 119.3726 0.640165 37 119.3726 0.640165 37 119.3726 0.8627787 34.71916 119.313 0.8627787 34.71916 119.313 0.8627787 34.71916 119.313 1.664825 32.54853 119.2756 1.664825 32.54853 119.2756 1.664825 32.54853 119.2756 0.5879176 34.64551 119.2756 0.5879176 34.64551 119.2756 0.5879176 34.64551 119.2756 1.580771 32.5 119.2628 1.580771 32.5 119.2628 1.580771 32.5 119.2628 0.2779429 37 119.2756 0.2779429 37 119.2756 0.2779429 37 119.2756 0.6816676 39.32937 119.2628 0.6816676 39.32937 119.2628 0.6816676 39.32937 119.2628 0.7754176 39.30425 119.2756 0.7754176 39.30425 119.2756 0.7754176 39.30425 119.2756 0.5625 37 119.313 0.5625 37 119.313 0.5625 37 119.313 0.7754176 34.69575 119.2756 0.7754176 34.69575 119.2756 0.7754176 34.69575 119.2756 0.6816676 34.67063 119.2628 0.6816676 34.67063 119.2628 0.6816676 34.67063 119.2628 0.375 37 119.2628 0.375 37 119.2628 0.375 37 119.2628 0.4720571 37 119.2756 0.4720571 37 119.2756 0.4720571 37 119.2756</float_array>
                    <technique_common>
                        <accessor count="1889" source="#ID130" stride="3">
                            <param name="X" type="float" />
                            <param name="Y" type="float" />
                            <param name="Z" type="float" />
                        </accessor>
                    </technique_common>
                </source>
                <source id="ID127">
                    <float_array id="ID131" count="5667">-1 0 0 -1 0 0 -1 0 0 -1 0 0 1 -0 -0 1 -0 -0 1 -0 -0 1 -0 -0 0 0 0 0 0 0 0 0 0 0 0 0 -4.780276e-15 -5.507337e-30 1 -4.780276e-15 -5.507337e-30 1 -4.780276e-15 -5.507337e-30 1 -4.780276e-15 -5.507337e-30 1 -4.780276e-15 -5.507337e-30 1 -4.780276e-15 -5.507337e-30 1 -4.780276e-15 -5.507337e-30 1 -4.780276e-15 -5.507337e-30 1 -4.780276e-15 -5.507337e-30 1 -4.780276e-15 -5.507337e-30 1 4.780276e-15 5.507337e-30 -1 4.780276e-15 5.507337e-30 -1 4.780276e-15 5.507337e-30 -1 4.780276e-15 5.507337e-30 -1 4.780276e-15 5.507337e-30 -1 4.780276e-15 5.507337e-30 -1 4.780276e-15 5.507337e-30 -1 4.780276e-15 5.507337e-30 -1 4.780276e-15 5.507337e-30 -1 4.780276e-15 5.507337e-30 -1 0 0 0 0 0 0 0 0 0 0 0 0 0 0 0 0 0 0 0 0 0 0 0 0 -0 1 -0 -0 1 -0 -0 1 -0 -0 1 -0 0 -1 0 0 -1 0 0 -1 0 0 -1 0 0 0 0 1 -0 -0 1 -0 -0 1 -0 -0 1 -0 -0 1 -0 -0 1 -0 -0 1 -0 -0 -1 0 0 -1 0 0 -1 0 0 -1 0 0 -1 0 0 -1 0 0 -1 0 0 0 0 0 0 0 0 0 0 0 0 0 0 0 0 0 -0.2328817 -0.1344543 -0.9631657 -0.01050542 -0.002814918 -0.9999409 -0.009418898 -0.005438003 -0.9999409 -0.2409748 -0.09981504 -0.9653849 -0.1260786 -0.03378266 -0.9914449 0.1260786 0.03378266 0.9914449 0.2409748 0.09981504 0.9653849 0.01050542 0.002814918 0.9999409 0.2328817 0.1344543 0.9631657 0.009418898 0.005438003 0.9999409 0 0 0 0 0 0 0 0 0 -0.4399971 -0.2540325 -0.8613188 -0.490753 -0.1314969 -0.8613188 -0.3696438 -0.09904576 -0.9238795 0.3696438 0.09904576 0.9238795 0.490753 0.1314969 0.8613188 0.4399971 0.2540325 0.8613188 0 0 0 0 0 0 -0 -0 1 -0 -0 1 -0 -0 1 -0 -0 1 -0 -0 1 -0 -0 1 -0 -0 1 -0 -0 1 -0 -0 1 -0 -0 1 0 0 -1 0 0 -1 0 0 -1 0 0 -1 0 0 -1 0 0 -1 0 0 -1 0 0 -1 0 0 -1 0 0 -1 0 0 0 0 0 0 0 0 0 0 0 0 0 0 0 -0.3826834 -1.991884e-15 -0.9238795 -0.5080649 -9.159886e-16 -0.8613188 0.5080649 9.159886e-16 0.8613188 0.3826834 1.991884e-15 0.9238795 0 0 0 -0.01087601 1.188067e-15 -0.9999409 -0.1305262 1.460442e-15 -0.9914449 0.1305262 -1.460442e-15 0.9914449 0.01087601 -1.188067e-15 0.9999409 0 0 0 -0.1260786 0.03378266 -0.9914449 -0.01050542 0.002814918 -0.9999409 0.1260786 -0.03378266 0.9914449 0.01050542 -0.002814918 0.9999409 0 0 0 -0.490753 0.1314969 -0.8613188 -0.3696438 0.09904576 -0.9238795 0.490753 -0.1314969 0.8613188 0.3696438 -0.09904576 0.9238795 0 0 0 -0.2409748 0.09981504 -0.9653849 -0.4399971 0.2540325 -0.8613188 -0.2328817 0.1344543 -0.9631657 0.2409748 -0.09981504 0.9653849 0.4399971 -0.2540325 0.8613188 0.2328817 -0.1344543 0.9631657 0 0 0 0 0 0 -0.009418898 0.005438003 -0.9999409 0.009418898 -0.005438003 0.9999409 0 0 0 0 -1 0 0 -1 0 0 -1 0 0 -1 0 -0 1 -0 -0 1 -0 -0 1 -0 -0 1 -0 0 0 0 0 0 0 -1 0 0 -1 0 0 1 -0 -0 1 -0 -0 0 -1 0 0 -1 0 0 -1 0 0 -1 0 0 -1 0 -0 1 -0 -0 1 -0 -0 1 -0 -0 1 -0 -0 1 -0 0 0 0 0 0 0 0 0 -1 0 0 -1 0 0 -1 0 0 -1 -0 -0 1 -0 -0 1 -0 -0 1 -0 -0 1 0 0 0 -0 1 -0 -0 1 -0 -0 1 -0 -0 1 -0 -0 1 -0 0 -1 0 0 -1 0 0 -1 0 0 -1 0 0 -1 0 0 0 0 0.2409748 0.09981504 -0.9653849 0.2153085 0.1243084 -0.9686019 0.1260786 0.03378266 -0.9914449 -0.1260786 -0.03378266 0.9914449 -0.2409748 -0.09981504 0.9653849 -0.2153085 -0.1243084 0.9686019 0 0 0 -0.1901471 -0.1901471 -0.9631657 -0.007690498 -0.007690498 -0.9999409 0.1901471 0.1901471 0.9631657 0.007690498 0.007690498 0.9999409 0 0 0 0 0 0 -0.3592562 -0.3592562 -0.8613188 0.3592562 0.3592562 0.8613188 0 0 0 -0.6170053 -0.3562282 -0.7017165 -0.6881799 -0.1843973 -0.7017165 0.6881799 0.1843973 0.7017165 0.6170053 0.3562282 0.7017165 0 0 0 0 0 0 0.4750041 0.127277 -0.8707306 0.425877 0.2458802 -0.8707306 0.3696438 0.09904576 -0.9238795 -0.3696438 -0.09904576 0.9238795 -0.4750041 -0.127277 0.8707306 -0.425877 -0.2458802 0.8707306 0 0 0 0 0 0 0.1305262 7.090628e-16 -0.9914449 -0.1305262 -7.090628e-16 0.9914449 0.4917604 -4.729426e-14 -0.8707306 0.3826834 6.23941e-14 -0.9238795 -0.3826834 -6.23941e-14 0.9238795 -0.4917604 4.729426e-14 0.8707306 0 0 0 0.1260786 -0.03378266 -0.9914449 -0.1260786 0.03378266 0.9914449 0.3696438 -0.09904576 -0.9238795 0.4750041 -0.127277 -0.8707306 -0.3696438 0.09904576 0.9238795 -0.4750041 0.127277 0.8707306 0 0 0 0.2409748 -0.09981504 -0.9653849 0.2153085 -0.1243084 -0.9686019 -0.2409748 0.09981504 0.9653849 -0.2153085 0.1243084 0.9686019 0 0 0 0.425877 -0.2458802 -0.8707306 -0.425877 0.2458802 0.8707306 0 0 0 -0.7124563 3.540121e-15 -0.7017165 0.7124563 -3.540121e-15 0.7017165 0 0 0 -0.6881799 0.1843973 -0.7017165 0.6881799 -0.1843973 0.7017165 0 0 0 -0.3592562 0.3592562 -0.8613188 -0.1901471 0.1901471 -0.9631657 0.3592562 -0.3592562 0.8613188 0.1901471 -0.1901471 0.9631657 0 0 0 0 0 0 -0.6170053 0.3562282 -0.7017165 0.6170053 -0.3562282 0.7017165 0 0 0 -0.007690498 0.007690498 -0.9999409 0.007690498 -0.007690498 0.9999409 0 0 0 -0.8192319 0 -0.5734623 -0.8192319 0 -0.5734623 -0.8192319 0 -0.5734623 -0.8192319 0 -0.5734623 0.8192319 -0 0.5734623 0.8192319 -0 0.5734623 0.8192319 -0 0.5734623 0.8192319 -0 0.5734623 0.1757987 0.1757987 -0.9686019 -0.1757987 -0.1757987 0.9686019 0 0 0 -0.1344543 -0.2328817 -0.9631657 -0.005438003 -0.009418898 -0.9999409 0.1344543 0.2328817 0.9631657 0.005438003 0.009418898 0.9999409 0 0 0 0 0 0 -0.2540325 -0.4399971 -0.8613188 0.2540325 0.4399971 0.8613188 0 0 0 -0.5037827 -0.5037827 -0.7017165 0.5037827 0.5037827 0.7017165 0 0 0 -0.8390896 -0.2248334 -0.4953571 -0.7523071 -0.4343447 -0.4953571 0.7523071 0.4343447 0.4953571 0.8390896 0.2248334 0.4953571 0 0 0 0 0 0 0.6776867 0.1815856 -0.712578 0.6075973 0.3507965 -0.712578 -0.6776867 -0.1815856 0.712578 -0.6075973 -0.3507965 0.712578 0 0 0 0 0 0 0.3477271 0.3477271 -0.8707306 -0.3477271 -0.3477271 0.8707306 0 0 0 0.7015929 -6.66961e-14 -0.712578 -0.7015929 6.66961e-14 0.712578 0 0 0 0.6776867 -0.1815856 -0.712578 -0.6776867 0.1815856 0.712578 0 0 0 0.1757987 -0.1757987 -0.9686019 -0.1757987 0.1757987 0.9686019 0 0 0 0.3477271 -0.3477271 -0.8707306 -0.3477271 0.3477271 0.8707306 0 0 0 0.6075973 -0.3507965 -0.712578 -0.6075973 0.3507965 0.712578 0 0 0 -0.8686895 5.767161e-15 -0.4953571 0.8686895 -5.767161e-15 0.4953571 0 0 0 -0.8390896 0.2248334 -0.4953571 0.8390896 -0.2248334 0.4953571 0 0 0 -0.2540325 0.4399971 -0.8613188 -0.1344543 0.2328817 -0.9631657 0.2540325 -0.4399971 0.8613188 0.1344543 -0.2328817 0.9631657 0 0 0 0 0 0 -0.5037827 0.5037827 -0.7017165 0.5037827 -0.5037827 0.7017165 0 0 0 -0.7523071 0.4343447 -0.4953571 0.7523071 -0.4343447 0.4953571 0 0 0 -0.005438003 0.009418898 -0.9999409 0.005438003 -0.009418898 0.9999409 0 0 0 0.1243084 0.2153085 -0.9686019 -0.1243084 -0.2153085 0.9686019 0 0 0 -0.06959867 -0.2597458 -0.9631657 -0.002814918 -0.01050542 -0.9999409 0.06959867 0.2597458 0.9631657 0.002814918 0.01050542 0.9999409 0 0 0 0 0 0 -0.1314969 -0.490753 -0.8613188 0.1314969 0.490753 0.8613188 0 0 0 -0.3562282 -0.6170053 -0.7017165 0.3562282 0.6170053 0.7017165 0 0 0 -0.6142562 -0.6142562 -0.4953571 0.6142562 0.6142562 0.4953571 0 0 0 -0.9337004 -0.2501843 -0.2561471 -0.8371329 -0.4833189 -0.2561471 0.8371329 0.4833189 0.2561471 0.9337004 0.2501843 0.2561471 0 0 0 0 0 0 0.7476059 0.4316304 -0.504758 0.833846 0.2234284 -0.504758 -0.7476059 -0.4316304 0.504758 -0.833846 -0.2234284 0.504758 0 0 0 0 0 0 0.4961011 0.4961011 -0.712578 -0.4961011 -0.4961011 0.712578 0 0 0 0.2458802 0.425877 -0.8707306 -0.2458802 -0.425877 0.8707306 0 0 0 0.8632609 8.508266e-14 -0.504758 -0.8632609 -8.508266e-14 0.504758 0 0 0 0.833846 -0.2234284 -0.504758 -0.833846 0.2234284 0.504758 0 0 0 0.1243084 -0.2153085 -0.9686019 -0.1243084 0.2153085 0.9686019 0 0 0 0.2458802 -0.425877 -0.8707306 -0.2458802 0.425877 0.8707306 0 0 0 0.4961011 -0.4961011 -0.712578 -0.4961011 0.4961011 0.712578 0 0 0 0.7476059 -0.4316304 -0.504758 -0.7476059 0.4316304 0.504758 0 0 0 -0.9666378 1.034774e-15 -0.2561471 0.9666378 -1.034774e-15 0.2561471 0 0 0 -0.9337004 0.2501843 -0.2561471 0.9337004 -0.2501843 0.2561471 0 0 0 -0.1314969 0.490753 -0.8613188 -0.06959867 0.2597458 -0.9631657 0.1314969 -0.490753 0.8613188 0.06959867 -0.2597458 0.9631657 0 0 0 0 0 0 -0.3562282 0.6170053 -0.7017165 0.3562282 -0.6170053 0.7017165 0 0 0 -0.6142562 0.6142562 -0.4953571 0.6142562 -0.6142562 0.4953571 0 0 0 -0.8371329 0.4833189 -0.2561471 0.8371329 -0.4833189 0.2561471 0 0 0 -0.002814918 0.01050542 -0.9999409 0.002814918 -0.01050542 0.9999409 0 0 0 0.06434678 0.2401454 -0.9686019 -0.06434678 -0.2401454 0.9686019 0 0 0 -2.985486e-16 -0.01087601 -0.9999409 -1.260911e-15 -0.2689086 -0.9631657 2.985486e-16 0.01087601 0.9999409 1.260911e-15 0.2689086 0.9631657 0 0 0 0 0 0 2.746619e-14 -0.5080649 -0.8613188 -2.746619e-14 0.5080649 0.8613188 0 0 0 -0.1843973 -0.6881799 -0.7017165 0.1843973 0.6881799 0.7017165 0 0 0 -0.4343447 -0.7523071 -0.4953571 0.4343447 0.7523071 0.4953571 0 0 0 -0.6835162 -0.6835162 -0.2561471 0.6835162 0.6835162 0.2561471 0 0 0 -0.9659258 -0.258819 1.181082e-16 -0.8660254 -0.5 9.993768e-17 0.8660254 0.5 -9.993768e-17 0.9659258 0.258819 -1.181082e-16 0 0 0 0 0 0 0.8358737 0.4825919 -0.2615724 0.932296 0.249808 -0.2615724 -0.8358737 -0.4825919 0.2615724 -0.932296 -0.249808 0.2615724 0 0 0 0 0 0 0.6104176 0.6104176 -0.504758 -0.6104176 -0.6104176 0.504758 0 0 0 0.3507965 0.6075973 -0.712578 -0.3507965 -0.6075973 0.712578 0 0 0 0.127277 0.4750041 -0.8707306 -0.127277 -0.4750041 0.8707306 0 0 0 0.9651839 -2.9554e-15 -0.2615724 -0.9651839 2.9554e-15 0.2615724 0 0 0 0.932296 -0.249808 -0.2615724 -0.932296 0.249808 0.2615724 0 0 0 0.06434678 -0.2401454 -0.9686019 -0.06434678 0.2401454 0.9686019 0 0 0 0.127277 -0.4750041 -0.8707306 -0.127277 0.4750041 0.8707306 0 0 0 0.3507965 -0.6075973 -0.712578 -0.3507965 0.6075973 0.712578 0 0 0 0.6104176 -0.6104176 -0.504758 -0.6104176 0.6104176 0.504758 0 0 0 0.8358737 -0.4825919 -0.2615724 -0.8358737 0.4825919 0.2615724 0 0 0 -1 -2.680147e-15 1.589918e-16 1 2.680147e-15 -1.589918e-16 0 0 0 -0.9659258 0.258819 1.31736e-16 0.9659258 -0.258819 -1.31736e-16 0 0 0 -6.956575e-14 0.5080649 -0.8613188 1.130125e-14 0.2689086 -0.9631657 6.956575e-14 -0.5080649 0.8613188 -1.130125e-14 -0.2689086 0.9631657 0 0 0 0 0 0 -0.1843973 0.6881799 -0.7017165 0.1843973 -0.6881799 0.7017165 0 0 0 -0.4343447 0.7523071 -0.4953571 0.4343447 -0.7523071 0.4953571 0 0 0 -0.6835162 0.6835162 -0.2561471 0.6835162 -0.6835162 0.2561471 0 0 0 -0.8660254 0.5 2.362163e-16 0.8660254 -0.5 -2.362163e-16 0 0 0 -6.12693e-18 0.01087601 -0.9999409 6.12693e-18 -0.01087601 0.9999409 0 0 0 -6.246184e-16 0.2486169 -0.9686019 6.246184e-16 -0.2486169 0.9686019 0 0 0 0.002814918 -0.01050542 -0.9999409 0.06959867 -0.2597458 -0.9631657 -0.002814918 0.01050542 0.9999409 -0.06959867 0.2597458 0.9631657 0 0 0 0 0 0 0.1314969 -0.490753 -0.8613188 -0.1314969 0.490753 0.8613188 0 0 0 -6.80064e-15 -0.7124563 -0.7017165 6.80064e-15 0.7124563 0.7017165 0 0 0 -0.2248334 -0.8390896 -0.4953571 0.2248334 0.8390896 0.4953571 0 0 0 -0.4833189 -0.8371329 -0.2561471 0.4833189 0.8371329 0.2561471 0 0 0 -0.7071068 -0.7071068 1.044803e-16 0.7071068 0.7071068 -1.044803e-16 0 0 0 -0.8371329 -0.4833189 0.2561471 -0.9337004 -0.2501843 0.2561471 0.8371329 0.4833189 -0.2561471 0.9337004 0.2501843 -0.2561471 0 0 0 0 0 0 0.8660254 0.5 -9.779296e-17 0.9659258 0.258819 -1.244638e-16 -0.8660254 -0.5 9.779296e-17 -0.9659258 -0.258819 1.244638e-16 0 0 0 0 0 0 0.682488 0.682488 -0.2615724 -0.682488 -0.682488 0.2615724 0 0 0 0.4316304 0.7476059 -0.504758 -0.4316304 -0.7476059 0.504758 0 0 0 0.1815856 0.6776867 -0.712578 -0.1815856 -0.6776867 0.712578 0 0 0 1.132398e-15 0.4917604 -0.8707306 -1.132398e-15 -0.4917604 0.8707306 0 0 0 1 1.955859e-16 -1.289089e-16 -1 -1.955859e-16 1.289089e-16 0 0 0 0.9659258 -0.258819 -1.066832e-16 -0.9659258 0.258819 1.066832e-16 0 0 0 5.657131e-16 -0.2486169 -0.9686019 -5.657131e-16 0.2486169 0.9686019 0 0 0 -9.680892e-16 -0.4917604 -0.8707306 9.680892e-16 0.4917604 0.8707306 0 0 0 0.1815856 -0.6776867 -0.712578 -0.1815856 0.6776867 0.712578 0 0 0 0.4316304 -0.7476059 -0.504758 -0.4316304 0.7476059 0.504758 0 0 0 0.682488 -0.682488 -0.2615724 -0.682488 0.682488 0.2615724 0 0 0 0.8660254 -0.5 -1.111284e-16 -0.8660254 0.5 1.111284e-16 0 0 0 -0.9666378 1.048389e-15 0.2561471 0.9666378 -1.048389e-15 -0.2561471 0 0 0 -0.9337004 0.2501843 0.2561471 0.9337004 -0.2501843 -0.2561471 0 0 0 0.06959867 0.2597458 -0.9631657 0.1314969 0.490753 -0.8613188 -0.06959867 -0.2597458 0.9631657 -0.1314969 -0.490753 0.8613188 0 0 0 0 0 0 5.551e-14 0.7124563 -0.7017165 -5.551e-14 -0.7124563 0.7017165 0 0 0 -0.2248334 0.8390896 -0.4953571 0.2248334 -0.8390896 0.4953571 0 0 0 -0.4833189 0.8371329 -0.2561471 0.4833189 -0.8371329 0.2561471 0 0 0 -0.7071068 0.7071068 2.362163e-16 0.7071068 -0.7071068 -2.362163e-16 0 0 0 -0.8371329 0.4833189 0.2561471 0.8371329 -0.4833189 -0.2561471 0 0 0 0.002814918 0.01050542 -0.9999409 -0.002814918 -0.01050542 0.9999409 0 0 0 -0.06434678 0.2401454 -0.9686019 0.06434678 -0.2401454 0.9686019 0 0 0 0.005438003 -0.009418898 -0.9999409 0.1344543 -0.2328817 -0.9631657 -0.005438003 0.009418898 0.9999409 -0.1344543 0.2328817 0.9631657 0 0 0 0 0 0 0.2540325 -0.4399971 -0.8613188 -0.2540325 0.4399971 0.8613188 0 0 0 0.1843973 -0.6881799 -0.7017165 -0.1843973 0.6881799 0.7017165 0 0 0 5.589257e-14 -0.8686895 -0.4953571 -5.589257e-14 0.8686895 0.4953571 0 0 0 -0.2501843 -0.9337004 -0.2561471 0.2501843 0.9337004 0.2561471 0 0 0 -0.5 -0.8660254 9.993768e-17 0.5 0.8660254 -9.993768e-17 0 0 0 -0.6835162 -0.6835162 0.2561471 0.6835162 0.6835162 -0.2561471 0 0 0 -0.7523071 -0.4343447 0.4953571 -0.8390896 -0.2248334 0.4953571 0.7523071 0.4343447 -0.4953571 0.8390896 0.2248334 -0.4953571 0 0 0 0 0 0 0.932296 0.249808 0.2615724 0.8358737 0.4825919 0.2615724 -0.8358737 -0.4825919 -0.2615724 -0.932296 -0.249808 -0.2615724 0 0 0 0 0 0 0.7071068 0.7071068 -1.066832e-16 -0.7071068 -0.7071068 1.066832e-16 0 0 0 0.4825919 0.8358737 -0.2615724 -0.4825919 -0.8358737 0.2615724 0 0 0 0.2234284 0.833846 -0.504758 -0.2234284 -0.833846 0.504758 0 0 0 1.234373e-15 0.7015929 -0.712578 -1.234373e-15 -0.7015929 0.712578 0 0 0 -0.127277 0.4750041 -0.8707306 0.127277 -0.4750041 0.8707306 0 0 0 0.9651839 -2.950956e-15 0.2615724 -0.9651839 2.950956e-15 -0.2615724 0 0 0 0.932296 -0.249808 0.2615724 -0.932296 0.249808 -0.2615724 0 0 0 -0.06434678 -0.2401454 -0.9686019 0.06434678 0.2401454 0.9686019 0 0 0 -0.127277 -0.4750041 -0.8707306 0.127277 0.4750041 0.8707306 0 0 0 -1.847119e-15 -0.7015929 -0.712578 1.847119e-15 0.7015929 0.712578 0 0 0 0.2234284 -0.833846 -0.504758 -0.2234284 0.833846 0.504758 0 0 0 0.4825919 -0.8358737 -0.2615724 -0.4825919 0.8358737 0.2615724 0 0 0 0.7071068 -0.7071068 -1.111284e-16 -0.7071068 0.7071068 1.111284e-16 0 0 0 0.8358737 -0.4825919 0.2615724 -0.8358737 0.4825919 -0.2615724 0 0 0 -0.8686895 5.767161e-15 0.4953571 0.8686895 -5.767161e-15 -0.4953571 0 0 0 -0.8390896 0.2248334 0.4953571 0.8390896 -0.2248334 -0.4953571 0 0 0 0.1344543 0.2328817 -0.9631657 0.2540325 0.4399971 -0.8613188 -0.1344543 -0.2328817 0.9631657 -0.2540325 -0.4399971 0.8613188 0 0 0 0 0 0 0.1843973 0.6881799 -0.7017165 -0.1843973 -0.6881799 0.7017165 0 0 0 -4.80476e-14 0.8686895 -0.4953571 4.80476e-14 -0.8686895 0.4953571 0 0 0 -0.2501843 0.9337004 -0.2561471 0.2501843 -0.9337004 0.2561471 0 0 0 -0.5 0.8660254 3.634097e-17 0.5 -0.8660254 -3.634097e-17 0 0 0 -0.6835162 0.6835162 0.2561471 0.6835162 -0.6835162 -0.2561471 0 0 0 -0.7523071 0.4343447 0.4953571 0.7523071 -0.4343447 -0.4953571 0 0 0 0.005438003 0.009418898 -0.9999409 -0.005438003 -0.009418898 0.9999409 0 0 0 -0.1243084 0.2153085 -0.9686019 0.1243084 -0.2153085 0.9686019 0 0 0 0.007690498 -0.007690498 -0.9999409 0.1901471 -0.1901471 -0.9631657 -0.007690498 0.007690498 0.9999409 -0.1901471 0.1901471 0.9631657 0 0 0 0 0 0 0.3592562 -0.3592562 -0.8613188 -0.3592562 0.3592562 0.8613188 0 0 0 0.3562282 -0.6170053 -0.7017165 -0.3562282 0.6170053 0.7017165 0 0 0 0.2248334 -0.8390896 -0.4953571 -0.2248334 0.8390896 0.4953571 0 0 0 -1.191125e-13 -0.9666378 -0.2561471 1.191125e-13 0.9666378 0.2561471 0 0 0 -0.258819 -0.9659258 8.176719e-17 0.258819 0.9659258 -8.176719e-17 0 0 0 -0.4833189 -0.8371329 0.2561471 0.4833189 0.8371329 -0.2561471 0 0 0 -0.6142562 -0.6142562 0.4953571 0.6142562 0.6142562 -0.4953571 0 0 0 -0.6170053 -0.3562282 0.7017165 -0.6881799 -0.1843973 0.7017165 0.6170053 0.3562282 -0.7017165 0.6881799 0.1843973 -0.7017165 0 0 0 0 0 0 0.833846 0.2234284 0.504758 0.7476059 0.4316304 0.504758 -0.7476059 -0.4316304 -0.504758 -0.833846 -0.2234284 -0.504758 0 0 0 0 0 0 0.682488 0.682488 0.2615724 -0.682488 -0.682488 -0.2615724 0 0 0 0.5 0.8660254 -3.556108e-17 -0.5 -0.8660254 3.556108e-17 0 0 0 0.249808 0.932296 -0.2615724 -0.249808 -0.932296 0.2615724 0 0 0 -9.150584e-16 0.8632609 -0.504758 9.150584e-16 -0.8632609 0.504758 0 0 0 -0.1815856 0.6776867 -0.712578 0.1815856 -0.6776867 0.712578 0 0 0 -0.2458802 0.425877 -0.8707306 0.2458802 -0.425877 0.8707306 0 0 0 0.8632609 8.508266e-14 0.504758 -0.8632609 -8.508266e-14 -0.504758 0 0 0 0.833846 -0.2234284 0.504758 -0.833846 0.2234284 -0.504758 0 0 0 -0.1243084 -0.2153085 -0.9686019 0.1243084 0.2153085 0.9686019 0 0 0 -0.2458802 -0.425877 -0.8707306 0.2458802 0.425877 0.8707306 0 0 0 -0.1815856 -0.6776867 -0.712578 0.1815856 0.6776867 0.712578 0 0 0 0 -0.8632609 -0.504758 -0 0.8632609 0.504758 0 0 0 0.249808 -0.932296 -0.2615724 -0.249808 0.932296 0.2615724 0 0 0 0.5 -0.8660254 -9.779296e-17 -0.5 0.8660254 9.779296e-17 0 0 0 0.682488 -0.682488 0.2615724 -0.682488 0.682488 -0.2615724 0 0 0 0.7476059 -0.4316304 0.504758 -0.7476059 0.4316304 -0.504758 0 0 0 -0.7124563 3.411594e-15 0.7017165 0.7124563 -3.411594e-15 -0.7017165 0 0 0 -0.6881799 0.1843973 0.7017165 0.6881799 -0.1843973 -0.7017165 0 0 0 0.1901471 0.1901471 -0.9631657 0.3592562 0.3592562 -0.8613188 -0.1901471 -0.1901471 0.9631657 -0.3592562 -0.3592562 0.8613188 0 0 0 0 0 0 0.3562282 0.6170053 -0.7017165 -0.3562282 -0.6170053 0.7017165 0 0 0 0.2248334 0.8390896 -0.4953571 -0.2248334 -0.8390896 0.4953571 0 0 0 8.323576e-15 0.9666378 -0.2561471 -8.323576e-15 -0.9666378 0.2561471 0 0 0 -0.258819 0.9659258 2.725573e-17 0.258819 -0.9659258 -2.725573e-17 0 0 0 -0.4833189 0.8371329 0.2561471 0.4833189 -0.8371329 -0.2561471 0 0 0 -0.6142562 0.6142562 0.4953571 0.6142562 -0.6142562 -0.4953571 0 0 0 -0.6170053 0.3562282 0.7017165 0.6170053 -0.3562282 -0.7017165 0 0 0 0.007690498 0.007690498 -0.9999409 -0.007690498 -0.007690498 0.9999409 0 0 0 -0.1757987 0.1757987 -0.9686019 0.1757987 -0.1757987 0.9686019 0 0 0 0.009418898 -0.005438003 -0.9999409 0.2328817 -0.1344543 -0.9631657 -0.009418898 0.005438003 0.9999409 -0.2328817 0.1344543 0.9631657 0 0 0 0 0 0 0.4399971 -0.2540325 -0.8613188 -0.4399971 0.2540325 0.8613188 0 0 0 0.5037827 -0.5037827 -0.7017165 -0.5037827 0.5037827 0.7017165 0 0 0 0.4343447 -0.7523071 -0.4953571 -0.4343447 0.7523071 0.4953571 0 0 0 0.2501843 -0.9337004 -0.2561471 -0.2501843 0.9337004 0.2561471 0 0 0 1.416026e-13 -1 1.044803e-16 -1.416026e-13 1 -1.044803e-16 0 0 0 -0.2501843 -0.9337004 0.2561471 0.2501843 0.9337004 -0.2561471 0 0 0 -0.4343447 -0.7523071 0.4953571 0.4343447 0.7523071 -0.4953571 0 0 0 -0.5037827 -0.5037827 0.7017165 0.5037827 0.5037827 -0.7017165 0 0 0 -0.490753 -0.1314969 0.8613188 -0.4399971 -0.2540325 0.8613188 0.490753 0.1314969 -0.8613188 0.4399971 0.2540325 -0.8613188 0 0 0 0 0 0 0.6776867 0.1815856 0.712578 0.6075973 0.3507965 0.712578 -0.6075973 -0.3507965 -0.712578 -0.6776867 -0.1815856 -0.712578 0 0 0 0 0 0 0.6104176 0.6104176 0.504758 -0.6104176 -0.6104176 -0.504758 0 0 0 0.4825919 0.8358737 0.2615724 -0.4825919 -0.8358737 -0.2615724 0 0 0 0.258819 0.9659258 -1.778054e-17 -0.258819 -0.9659258 1.778054e-17 0 0 0 -2.350543e-14 0.9651839 -0.2615724 2.350543e-14 -0.9651839 0.2615724 0 0 0 -0.2234284 0.833846 -0.504758 0.2234284 -0.833846 0.504758 0 0 0 -0.3507965 0.6075973 -0.712578 0.3507965 -0.6075973 0.712578 0 0 0 -0.3477271 0.3477271 -0.8707306 0.3477271 -0.3477271 0.8707306 0 0 0 0.7015929 -6.66961e-14 0.712578 -0.7015929 6.66961e-14 -0.712578 0 0 0 0.6776867 -0.1815856 0.712578 -0.6776867 0.1815856 -0.712578 0 0 0 -0.1757987 -0.1757987 -0.9686019 0.1757987 0.1757987 0.9686019 0 0 0 -0.3477271 -0.3477271 -0.8707306 0.3477271 0.3477271 0.8707306 0 0 0 -0.3507965 -0.6075973 -0.712578 0.3507965 0.6075973 0.712578 0 0 0 -0.2234284 -0.833846 -0.504758 0.2234284 0.833846 0.504758 0 0 0 2.350098e-14 -0.9651839 -0.2615724 -2.350098e-14 0.9651839 0.2615724 0 0 0 0.258819 -0.9659258 -9.779296e-17 -0.258819 0.9659258 9.779296e-17 0 0 0 0.4825919 -0.8358737 0.2615724 -0.4825919 0.8358737 -0.2615724 0 0 0 0.6104176 -0.6104176 0.504758 -0.6104176 0.6104176 -0.504758 0 0 0 0.6075973 -0.3507965 0.712578 -0.6075973 0.3507965 -0.712578 0 0 0 -0.5080649 -1.075389e-15 0.8613188 0.5080649 1.075389e-15 -0.8613188 0 0 0 -0.490753 0.1314969 0.8613188 0.490753 -0.1314969 -0.8613188 0 0 0 0.2328817 0.1344543 -0.9631657 0.4399971 0.2540325 -0.8613188 -0.2328817 -0.1344543 0.9631657 -0.4399971 -0.2540325 0.8613188 0 0 0 0 0 0 0.5037827 0.5037827 -0.7017165 -0.5037827 -0.5037827 0.7017165 0 0 0 0.4343447 0.7523071 -0.4953571 -0.4343447 -0.7523071 0.4953571 0 0 0 0.2501843 0.9337004 -0.2561471 -0.2501843 -0.9337004 0.2561471 0 0 0 -2.893196e-14 1 1.362787e-16 2.893196e-14 -1 -1.362787e-16 0 0 0 -0.2501843 0.9337004 0.2561471 0.2501843 -0.9337004 -0.2561471 0 0 0 -0.4343447 0.7523071 0.4953571 0.4343447 -0.7523071 -0.4953571 0 0 0 -0.5037827 0.5037827 0.7017165 0.5037827 -0.5037827 -0.7017165 0 0 0 -0.4399971 0.2540325 0.8613188 0.4399971 -0.2540325 -0.8613188 0 0 0 0.009418898 0.005438003 -0.9999409 -0.009418898 -0.005438003 0.9999409 0 0 0 -0.2153085 0.1243084 -0.9686019 0.2153085 -0.1243084 0.9686019 0 0 0 0.01050542 -0.002814918 -0.9999409 0.2597458 -0.06959867 -0.9631657 -0.01050542 0.002814918 0.9999409 -0.2597458 0.06959867 0.9631657 0 0 0 0 0 0 0.490753 -0.1314969 -0.8613188 -0.490753 0.1314969 0.8613188 0 0 0 0.6170053 -0.3562282 -0.7017165 -0.6170053 0.3562282 0.7017165 0 0 0 0.6142562 -0.6142562 -0.4953571 -0.6142562 0.6142562 0.4953571 0 0 0 0.4833189 -0.8371329 -0.2561471 -0.4833189 0.8371329 0.2561471 0 0 0 0.258819 -0.9659258 1.226508e-16 -0.258819 0.9659258 -1.226508e-16 0 0 0 -1.191215e-13 -0.9666378 0.2561471 1.191215e-13 0.9666378 -0.2561471 0 0 0 -0.2248334 -0.8390896 0.4953571 0.2248334 0.8390896 -0.4953571 0 0 0 -0.3562282 -0.6170053 0.7017165 0.3562282 0.6170053 -0.7017165 0 0 0 -0.3592562 -0.3592562 0.8613188 0.3592562 0.3592562 -0.8613188 0 0 0 -0.2597458 -0.06959867 0.9631657 -0.2328817 -0.1344543 0.9631657 0.2597458 0.06959867 -0.9631657 0.2328817 0.1344543 -0.9631657 0 0 0 0 0 0 0.425877 0.2458802 0.8707306 0.4750041 0.127277 0.8707306 -0.4750041 -0.127277 -0.8707306 -0.425877 -0.2458802 -0.8707306 0 0 0 0 0 0 0.4961011 0.4961011 0.712578 -0.4961011 -0.4961011 -0.712578 0 0 0 0.4316304 0.7476059 0.504758 -0.4316304 -0.7476059 -0.504758 0 0 0 0.249808 0.932296 0.2615724 -0.249808 -0.932296 -0.2615724 0 0 0 4.839418e-14 1 -8.445756e-17 -4.839418e-14 -1 8.445756e-17 0 0 0 -0.249808 0.932296 -0.2615724 0.249808 -0.932296 0.2615724 0 0 0 -0.4316304 0.7476059 -0.504758 0.4316304 -0.7476059 0.504758 0 0 0 -0.4961011 0.4961011 -0.712578 0.4961011 -0.4961011 0.712578 0 0 0 -0.425877 0.2458802 -0.8707306 0.425877 -0.2458802 0.8707306 0 0 0 0.4917604 -4.731869e-14 0.8707306 -0.4917604 4.731869e-14 -0.8707306 0 0 0 0.4750041 -0.127277 0.8707306 -0.4750041 0.127277 -0.8707306 0 0 0 -0.2153085 -0.1243084 -0.9686019 0.2153085 0.1243084 0.9686019 0 0 0 -0.425877 -0.2458802 -0.8707306 0.425877 0.2458802 0.8707306 0 0 0 -0.4961011 -0.4961011 -0.712578 0.4961011 0.4961011 0.712578 0 0 0 -0.4316304 -0.7476059 -0.504758 0.4316304 0.7476059 0.504758 0 0 0 -0.249808 -0.932296 -0.2615724 0.249808 0.932296 0.2615724 0 0 0 -4.848308e-14 -1 -7.556729e-17 4.848308e-14 1 7.556729e-17 0 0 0 0.249808 -0.932296 0.2615724 -0.249808 0.932296 -0.2615724 0 0 0 0.4316304 -0.7476059 0.504758 -0.4316304 0.7476059 -0.504758 0 0 0 0.4961011 -0.4961011 0.712578 -0.4961011 0.4961011 -0.712578 0 0 0 0.425877 -0.2458802 0.8707306 -0.425877 0.2458802 -0.8707306 0 0 0 -0.2689086 -4.337175e-16 0.9631657 0.2689086 4.337175e-16 -0.9631657 0 0 0 -0.2597458 0.06959867 0.9631657 0.2597458 -0.06959867 -0.9631657 0 0 0 0.2597458 0.06959867 -0.9631657 0.490753 0.1314969 -0.8613188 -0.2597458 -0.06959867 0.9631657 -0.490753 -0.1314969 0.8613188 0 0 0 0 0 0 0.6170053 0.3562282 -0.7017165 -0.6170053 -0.3562282 0.7017165 0 0 0 0.6142562 0.6142562 -0.4953571 -0.6142562 -0.6142562 0.4953571 0 0 0 0.4833189 0.8371329 -0.2561471 -0.4833189 -0.8371329 0.2561471 0 0 0 0.258819 0.9659258 1.362787e-16 -0.258819 -0.9659258 -1.362787e-16 0 0 0 8.319038e-15 0.9666378 0.2561471 -8.319038e-15 -0.9666378 -0.2561471 0 0 0 -0.2248334 0.8390896 0.4953571 0.2248334 -0.8390896 -0.4953571 0 0 0 -0.3562282 0.6170053 0.7017165 0.3562282 -0.6170053 -0.7017165 0 0 0 -0.3592562 0.3592562 0.8613188 0.3592562 -0.3592562 -0.8613188 0 0 0 -0.2328817 0.1344543 0.9631657 0.2328817 -0.1344543 -0.9631657 0 0 0 0.01050542 0.002814918 -0.9999409 -0.01050542 -0.002814918 0.9999409 0 0 0 -0.2401454 0.06434678 -0.9686019 0.2401454 -0.06434678 0.9686019 0 0 0 0.01087601 -2.05436e-14 -0.9999409 0.2689086 7.519522e-14 -0.9631657 -0.01087601 2.05436e-14 0.9999409 -0.2689086 -7.519522e-14 0.9631657 0 0 0 0 0 0 0.5080649 -1.629607e-13 -0.8613188 -0.5080649 1.629607e-13 0.8613188 0 0 0 0.6881799 -0.1843973 -0.7017165 -0.6881799 0.1843973 0.7017165 0 0 0 0.7523071 -0.4343447 -0.4953571 -0.7523071 0.4343447 0.4953571 0 0 0 0.6835162 -0.6835162 -0.2561471 -0.6835162 0.6835162 0.2561471 0 0 0 0.5 -0.8660254 2.543868e-16 -0.5 0.8660254 -2.543868e-16 0 0 0 0.2501843 -0.9337004 0.2561471 -0.2501843 0.9337004 -0.2561471 0 0 0 5.590615e-14 -0.8686895 0.4953571 -5.590615e-14 0.8686895 -0.4953571 0 0 0 -0.1843973 -0.6881799 0.7017165 0.1843973 0.6881799 -0.7017165 0 0 0 -0.2540325 -0.4399971 0.8613188 0.2540325 0.4399971 -0.8613188 0 0 0 -0.1901471 -0.1901471 0.9631657 0.1901471 0.1901471 -0.9631657 0 0 0 -0.01050542 -0.002814918 0.9999409 -0.009418898 -0.005438003 0.9999409 0.01050542 0.002814918 -0.9999409 0.009418898 0.005438003 -0.9999409 0 0 0 0 0 0 0.2153085 0.1243084 0.9686019 0.2401454 0.06434678 0.9686019 -0.2401454 -0.06434678 -0.9686019 -0.2153085 -0.1243084 -0.9686019 0 0 0 0 0 0 0.3477271 0.3477271 0.8707306 -0.3477271 -0.3477271 -0.8707306 0 0 0 0.3507965 0.6075973 0.712578 -0.3507965 -0.6075973 -0.712578 0 0 0 0.2234284 0.833846 0.504758 -0.2234284 -0.833846 -0.504758 0 0 0 -2.351432e-14 0.9651839 0.2615724 2.351432e-14 -0.9651839 -0.2615724 0 0 0 -0.258819 0.9659258 3.556108e-17 0.258819 -0.9659258 -3.556108e-17 0 0 0 -0.4825919 0.8358737 -0.2615724 0.4825919 -0.8358737 0.2615724 0 0 0 -0.6104176 0.6104176 -0.504758 0.6104176 -0.6104176 0.504758 0 0 0 -0.6075973 0.3507965 -0.712578 0.6075973 -0.3507965 0.712578 0 0 0 -0.4750041 0.127277 -0.8707306 0.4750041 -0.127277 0.8707306 0 0 0 0.2486169 2.934818e-14 0.9686019 -0.2486169 -2.934818e-14 -0.9686019 0 0 0 0.2401454 -0.06434678 0.9686019 -0.2401454 0.06434678 -0.9686019 0 0 0 -0.2401454 -0.06434678 -0.9686019 0.2401454 0.06434678 0.9686019 0 0 0 -0.4750041 -0.127277 -0.8707306 0.4750041 0.127277 0.8707306 0 0 0 -0.6075973 -0.3507965 -0.712578 0.6075973 0.3507965 0.712578 0 0 0 -0.6104176 -0.6104176 -0.504758 0.6104176 0.6104176 0.504758 0 0 0 -0.4825919 -0.8358737 -0.2615724 0.4825919 0.8358737 0.2615724 0 0 0 -0.258819 -0.9659258 -8.001242e-17 0.258819 0.9659258 8.001242e-17 0 0 0 2.34921e-14 -0.9651839 0.2615724 -2.34921e-14 0.9651839 -0.2615724 0 0 0 0.2234284 -0.833846 0.504758 -0.2234284 0.833846 -0.504758 0 0 0 0.3507965 -0.6075973 0.712578 -0.3507965 0.6075973 -0.712578 0 0 0 0.3477271 -0.3477271 0.8707306 -0.3477271 0.3477271 -0.8707306 0 0 0 0.2153085 -0.1243084 0.9686019 -0.2153085 0.1243084 -0.9686019 0 0 0 -0.01087601 1.22093e-15 0.9999409 0.01087601 -1.22093e-15 -0.9999409 0 0 0 -0.01050542 0.002814918 0.9999409 0.01050542 -0.002814918 -0.9999409 0 0 0 0.6881799 0.1843973 -0.7017165 -0.6881799 -0.1843973 0.7017165 0 0 0 0.7523071 0.4343447 -0.4953571 -0.7523071 -0.4343447 0.4953571 0 0 0 0.6835162 0.6835162 -0.2561471 -0.6835162 -0.6835162 0.2561471 0 0 0 0.5 0.8660254 9.539506e-17 -0.5 -0.8660254 -9.539506e-17 0 0 0 0.2501843 0.9337004 0.2561471 -0.2501843 -0.9337004 -0.2561471 0 0 0 -4.80476e-14 0.8686895 0.4953571 4.80476e-14 -0.8686895 -0.4953571 0 0 0 -0.1843973 0.6881799 0.7017165 0.1843973 -0.6881799 -0.7017165 0 0 0 -0.2540325 0.4399971 0.8613188 0.2540325 -0.4399971 -0.8613188 0 0 0 -0.1901471 0.1901471 0.9631657 0.1901471 -0.1901471 -0.9631657 0 0 0 -0.009418898 0.005438003 0.9999409 0.009418898 -0.005438003 -0.9999409 0 0 0 -0.2486169 2.432455e-14 -0.9686019 0.2486169 -2.432455e-14 0.9686019 0 0 0 0.7124563 2.212914e-14 -0.7017165 -0.7124563 -2.212914e-14 0.7017165 0 0 0 0.8390896 -0.2248334 -0.4953571 -0.8390896 0.2248334 0.4953571 0 0 0 0.8371329 -0.4833189 -0.2561471 -0.8371329 0.4833189 0.2561471 0 0 0 0.7071068 -0.7071068 2.589294e-16 -0.7071068 0.7071068 -2.589294e-16 0 0 0 0.4833189 -0.8371329 0.2561471 -0.4833189 0.8371329 -0.2561471 0 0 0 0.2248334 -0.8390896 0.4953571 -0.2248334 0.8390896 -0.4953571 0 0 0 -6.827698e-15 -0.7124563 0.7017165 6.827698e-15 0.7124563 -0.7017165 0 0 0 -0.1314969 -0.490753 0.8613188 0.1314969 0.490753 -0.8613188 0 0 0 -0.1344543 -0.2328817 0.9631657 0.1344543 0.2328817 -0.9631657 0 0 0 -0.007690498 -0.007690498 0.9999409 0.007690498 0.007690498 -0.9999409 0 0 0 0.1757987 0.1757987 0.9686019 -0.1757987 -0.1757987 -0.9686019 0 0 0 0.2458802 0.425877 0.8707306 -0.2458802 -0.425877 -0.8707306 0 0 0 0.1815856 0.6776867 0.712578 -0.1815856 -0.6776867 -0.712578 0 0 0 -9.150584e-16 0.8632609 0.504758 9.150584e-16 -0.8632609 -0.504758 0 0 0 -0.249808 0.932296 0.2615724 0.249808 -0.932296 -0.2615724 0 0 0 -0.5 0.8660254 4.000621e-17 0.5 -0.8660254 -4.000621e-17 0 0 0 -0.682488 0.682488 -0.2615724 0.682488 -0.682488 0.2615724 0 0 0 -0.7476059 0.4316304 -0.504758 0.7476059 -0.4316304 0.504758 0 0 0 -0.6776867 0.1815856 -0.712578 0.6776867 -0.1815856 0.712578 0 0 0 -0.4917604 -1.028128e-13 -0.8707306 0.4917604 1.028128e-13 0.8707306 0 0 0 -0.6776867 -0.1815856 -0.712578 0.6776867 0.1815856 0.712578 0 0 0 -0.7476059 -0.4316304 -0.504758 0.7476059 0.4316304 0.504758 0 0 0 -0.682488 -0.682488 -0.2615724 0.682488 0.682488 0.2615724 0 0 0 -0.5 -0.8660254 -1.111284e-16 0.5 0.8660254 1.111284e-16 0 0 0 -0.249808 -0.932296 0.2615724 0.249808 0.932296 -0.2615724 0 0 0 -4.442031e-18 -0.8632609 0.504758 4.442031e-18 0.8632609 -0.504758 0 0 0 0.1815856 -0.6776867 0.712578 -0.1815856 0.6776867 -0.712578 0 0 0 0.2458802 -0.425877 0.8707306 -0.2458802 0.425877 -0.8707306 0 0 0 0.1757987 -0.1757987 0.9686019 -0.1757987 0.1757987 -0.9686019 0 0 0 0.8390896 0.2248334 -0.4953571 -0.8390896 -0.2248334 0.4953571 0 0 0 0.8371329 0.4833189 -0.2561471 -0.8371329 -0.4833189 0.2561471 0 0 0 0.7071068 0.7071068 -4.08836e-17 -0.7071068 -0.7071068 4.08836e-17 0 0 0 0.4833189 0.8371329 0.2561471 -0.4833189 -0.8371329 -0.2561471 0 0 0 0.2248334 0.8390896 0.4953571 -0.2248334 -0.8390896 -0.4953571 0 0 0 5.555509e-14 0.7124563 0.7017165 -5.555509e-14 -0.7124563 -0.7017165 0 0 0 -0.1314969 0.490753 0.8613188 0.1314969 -0.490753 -0.8613188 0 0 0 -0.1344543 0.2328817 0.9631657 0.1344543 -0.2328817 -0.9631657 0 0 0 -0.007690498 0.007690498 0.9999409 0.007690498 -0.007690498 -0.9999409 0 0 0 0.8686895 1.423592e-13 -0.4953571 -0.8686895 -1.423592e-13 0.4953571 0 0 0 0.9337004 -0.2501843 -0.2561471 -0.9337004 0.2501843 0.2561471 0 0 0 0.8660254 -0.5 9.993768e-17 -0.8660254 0.5 -9.993768e-17 0 0 0 0.6835162 -0.6835162 0.2561471 -0.6835162 0.6835162 -0.2561471 0 0 0 0.4343447 -0.7523071 0.4953571 -0.4343447 0.7523071 -0.4953571 0 0 0 0.1843973 -0.6881799 0.7017165 -0.1843973 0.6881799 -0.7017165 0 0 0 2.742129e-14 -0.5080649 0.8613188 -2.742129e-14 0.5080649 -0.8613188 0 0 0 -0.06959867 -0.2597458 0.9631657 0.06959867 0.2597458 -0.9631657 0 0 0 -0.005438003 -0.009418898 0.9999409 0.005438003 0.009418898 -0.9999409 0 0 0 0.1243084 0.2153085 0.9686019 -0.1243084 -0.2153085 -0.9686019 0 0 0 0.127277 0.4750041 0.8707306 -0.127277 -0.4750041 -0.8707306 0 0 0 1.292095e-15 0.7015929 0.712578 -1.292095e-15 -0.7015929 -0.712578 0 0 0 -0.2234284 0.833846 0.504758 0.2234284 -0.833846 -0.504758 0 0 0 -0.4825919 0.8358737 0.2615724 0.4825919 -0.8358737 -0.2615724 0 0 0 -0.7071068 0.7071068 -3.911718e-16 0.7071068 -0.7071068 3.911718e-16 0 0 0 -0.8358737 0.4825919 -0.2615724 0.8358737 -0.4825919 0.2615724 0 0 0 -0.833846 0.2234284 -0.504758 0.833846 -0.2234284 0.504758 0 0 0 -0.7015929 9.599692e-14 -0.712578 0.7015929 -9.599692e-14 0.712578 0 0 0 -0.833846 -0.2234284 -0.504758 0.833846 0.2234284 0.504758 0 0 0 -0.8358737 -0.4825919 -0.2615724 0.8358737 0.4825919 0.2615724 0 0 0 -0.7071068 -0.7071068 -1.111284e-16 0.7071068 0.7071068 1.111284e-16 0 0 0 -0.4825919 -0.8358737 0.2615724 0.4825919 0.8358737 -0.2615724 0 0 0 -0.2234284 -0.833846 0.504758 0.2234284 0.833846 -0.504758 0 0 0 -1.847119e-15 -0.7015929 0.712578 1.847119e-15 0.7015929 -0.712578 0 0 0 0.127277 -0.4750041 0.8707306 -0.127277 0.4750041 -0.8707306 0 0 0 0.1243084 -0.2153085 0.9686019 -0.1243084 0.2153085 -0.9686019 0 0 0 0.9337004 0.2501843 -0.2561471 -0.9337004 -0.2501843 0.2561471 0 0 0 0.8660254 0.5 -4.08836e-17 -0.8660254 -0.5 4.08836e-17 0 0 0 0.6835162 0.6835162 0.2561471 -0.6835162 -0.6835162 -0.2561471 0 0 0 0.4343447 0.7523071 0.4953571 -0.4343447 -0.7523071 -0.4953571 0 0 0 0.1843973 0.6881799 0.7017165 -0.1843973 -0.6881799 -0.7017165 0 0 0 -6.948268e-14 0.5080649 0.8613188 6.948268e-14 -0.5080649 -0.8613188 0 0 0 -0.06959867 0.2597458 0.9631657 0.06959867 -0.2597458 -0.9631657 0 0 0 -0.005438003 0.009418898 0.9999409 0.005438003 -0.009418898 -0.9999409 0 0 0 0.9666378 -6.769146e-14 -0.2561471 -0.9666378 6.769146e-14 0.2561471 0 0 0 0.9659258 -0.258819 9.993768e-17 -0.9659258 0.258819 -9.993768e-17 0 0 0 0.8371329 -0.4833189 0.2561471 -0.8371329 0.4833189 -0.2561471 0 0 0 0.6142562 -0.6142562 0.4953571 -0.6142562 0.6142562 -0.4953571 0 0 0 0.3562282 -0.6170053 0.7017165 -0.3562282 0.6170053 -0.7017165 0 0 0 0.1314969 -0.490753 0.8613188 -0.1314969 0.490753 -0.8613188 0 0 0 -1.243026e-15 -0.2689086 0.9631657 1.243026e-15 0.2689086 -0.9631657 0 0 0 -0.002814918 -0.01050542 0.9999409 0.002814918 0.01050542 -0.9999409 0 0 0 0.06434678 0.2401454 0.9686019 -0.06434678 -0.2401454 -0.9686019 0 0 0 1.254519e-15 0.4917604 0.8707306 -1.254519e-15 -0.4917604 -0.8707306 0 0 0 -0.1815856 0.6776867 0.712578 0.1815856 -0.6776867 -0.712578 0 0 0 -0.4316304 0.7476059 0.504758 0.4316304 -0.7476059 -0.504758 0 0 0 -0.682488 0.682488 0.2615724 0.682488 -0.682488 -0.2615724 0 0 0 -0.8660254 0.5 -3.333851e-16 0.8660254 -0.5 3.333851e-16 0 0 0 -0.932296 0.249808 -0.2615724 0.932296 -0.249808 0.2615724 0 0 0 -0.8632609 1.424781e-13 -0.504758 0.8632609 -1.424781e-13 0.504758 0 0 0 -0.932296 -0.249808 -0.2615724 0.932296 0.249808 0.2615724 0 0 0 -0.8660254 -0.5 -1.066832e-16 0.8660254 0.5 1.066832e-16 0 0 0 -0.682488 -0.682488 0.2615724 0.682488 0.682488 -0.2615724 0 0 0 -0.4316304 -0.7476059 0.504758 0.4316304 0.7476059 -0.504758 0 0 0 -0.1815856 -0.6776867 0.712578 0.1815856 0.6776867 -0.712578 0 0 0 -9.036979e-16 -0.4917604 0.8707306 9.036979e-16 0.4917604 -0.8707306 0 0 0 0.06434678 -0.2401454 0.9686019 -0.06434678 0.2401454 -0.9686019 0 0 0 0.9659258 0.258819 8.176719e-17 -0.9659258 -0.258819 -8.176719e-17 0 0 0 0.8371329 0.4833189 0.2561471 -0.8371329 -0.4833189 -0.2561471 0 0 0 0.6142562 0.6142562 0.4953571 -0.6142562 -0.6142562 -0.4953571 0 0 0 0.3562282 0.6170053 0.7017165 -0.3562282 -0.6170053 -0.7017165 0 0 0 0.1314969 0.490753 0.8613188 -0.1314969 -0.490753 -0.8613188 0 0 0 1.135938e-14 0.2689086 0.9631657 -1.135938e-14 -0.2689086 -0.9631657 0 0 0 -0.002814918 0.01050542 0.9999409 0.002814918 -0.01050542 -0.9999409 0 0 0 1 2.37352e-14 7.268195e-17 -1 -2.37352e-14 -7.268195e-17 0 0 0 0.9337004 -0.2501843 0.2561471 -0.9337004 0.2501843 -0.2561471 0 0 0 0.7523071 -0.4343447 0.4953571 -0.7523071 0.4343447 -0.4953571 0 0 0 0.5037827 -0.5037827 0.7017165 -0.5037827 0.5037827 -0.7017165 0 0 0 0.2540325 -0.4399971 0.8613188 -0.2540325 0.4399971 -0.8613188 0 0 0 0.06959867 -0.2597458 0.9631657 -0.06959867 0.2597458 -0.9631657 0 0 0 -2.372793e-16 -0.01087601 0.9999409 2.372793e-16 0.01087601 -0.9999409 0 0 0 -5.395948e-16 0.2486169 0.9686019 5.395948e-16 -0.2486169 -0.9686019 0 0 0 -0.127277 0.4750041 0.8707306 0.127277 -0.4750041 -0.8707306 0 0 0 -0.3507965 0.6075973 0.712578 0.3507965 -0.6075973 -0.712578 0 0 0 -0.6104176 0.6104176 0.504758 0.6104176 -0.6104176 -0.504758 0 0 0 -0.8358737 0.4825919 0.2615724 0.8358737 -0.4825919 -0.2615724 0 0 0 -0.9659258 0.258819 -2.222567e-17 0.9659258 -0.258819 2.222567e-17 0 0 0 -0.9651839 -2.677637e-14 -0.2615724 0.9651839 2.677637e-14 0.2615724 0 0 0 -0.9659258 -0.258819 -9.779296e-17 0.9659258 0.258819 9.779296e-17 0 0 0 -0.8358737 -0.4825919 0.2615724 0.8358737 0.4825919 -0.2615724 0 0 0 -0.6104176 -0.6104176 0.504758 0.6104176 0.6104176 -0.504758 0 0 0 -0.3507965 -0.6075973 0.712578 0.3507965 0.6075973 -0.712578 0 0 0 -0.127277 -0.4750041 0.8707306 0.127277 0.4750041 -0.8707306 0 0 0 6.046129e-16 -0.2486169 0.9686019 -6.046129e-16 0.2486169 -0.9686019 0 0 0 0.9337004 0.2501843 0.2561471 -0.9337004 -0.2501843 -0.2561471 0 0 0 0.7523071 0.4343447 0.4953571 -0.7523071 -0.4343447 -0.4953571 0 0 0 0.5037827 0.5037827 0.7017165 -0.5037827 -0.5037827 -0.7017165 0 0 0 0.2540325 0.4399971 0.8613188 -0.2540325 -0.4399971 -0.8613188 0 0 0 0.06959867 0.2597458 0.9631657 -0.06959867 -0.2597458 -0.9631657 0 0 0 1.392484e-17 0.01087601 0.9999409 -1.392484e-17 -0.01087601 -0.9999409 0 0 0 0.9666378 -6.769146e-14 0.2561471 -0.9666378 6.769146e-14 -0.2561471 0 0 0 0.8390896 -0.2248334 0.4953571 -0.8390896 0.2248334 -0.4953571 0 0 0 0.6170053 -0.3562282 0.7017165 -0.6170053 0.3562282 -0.7017165 0 0 0 0.3592562 -0.3592562 0.8613188 -0.3592562 0.3592562 -0.8613188 0 0 0 0.1344543 -0.2328817 0.9631657 -0.1344543 0.2328817 -0.9631657 0 0 0 0.002814918 -0.01050542 0.9999409 -0.002814918 0.01050542 -0.9999409 0 0 0 -0.06434678 0.2401454 0.9686019 0.06434678 -0.2401454 -0.9686019 0 0 0 -0.2458802 0.425877 0.8707306 0.2458802 -0.425877 -0.8707306 0 0 0 -0.4961011 0.4961011 0.712578 0.4961011 -0.4961011 -0.712578 0 0 0 -0.7476059 0.4316304 0.504758 0.7476059 -0.4316304 -0.504758 0 0 0 -0.932296 0.249808 0.2615724 0.932296 -0.249808 -0.2615724 0 0 0 -1 7.433599e-14 -8.890269e-17 1 -7.433599e-14 8.890269e-17 0 0 0 -0.932296 -0.249808 0.2615724 0.932296 0.249808 -0.2615724 0 0 0 -0.7476059 -0.4316304 0.504758 0.7476059 0.4316304 -0.504758 0 0 0 -0.4961011 -0.4961011 0.712578 0.4961011 0.4961011 -0.712578 0 0 0 -0.2458802 -0.425877 0.8707306 0.2458802 0.425877 -0.8707306 0 0 0 -0.06434678 -0.2401454 0.9686019 0.06434678 0.2401454 -0.9686019 0 0 0 0.8390896 0.2248334 0.4953571 -0.8390896 -0.2248334 -0.4953571 0 0 0 0.6170053 0.3562282 0.7017165 -0.6170053 -0.3562282 -0.7017165 0 0 0 0.3592562 0.3592562 0.8613188 -0.3592562 -0.3592562 -0.8613188 0 0 0 0.1344543 0.2328817 0.9631657 -0.1344543 -0.2328817 -0.9631657 0 0 0 0.002814918 0.01050542 0.9999409 -0.002814918 -0.01050542 -0.9999409 0 0 0 0.8686895 1.423411e-13 0.4953571 -0.8686895 -1.423411e-13 -0.4953571 0 0 0 0.6881799 -0.1843973 0.7017165 -0.6881799 0.1843973 -0.7017165 0 0 0 0.4399971 -0.2540325 0.8613188 -0.4399971 0.2540325 -0.8613188 0 0 0 0.1901471 -0.1901471 0.9631657 -0.1901471 0.1901471 -0.9631657 0 0 0 0.005438003 -0.009418898 0.9999409 -0.005438003 0.009418898 -0.9999409 0 0 0 -0.1243084 0.2153085 0.9686019 0.1243084 -0.2153085 -0.9686019 0 0 0 -0.3477271 0.3477271 0.8707306 0.3477271 -0.3477271 -0.8707306 0 0 0 -0.6075973 0.3507965 0.712578 0.6075973 -0.3507965 -0.712578 0 0 0 -0.833846 0.2234284 0.504758 0.833846 -0.2234284 -0.504758 0 0 0 -0.9651839 -2.677637e-14 0.2615724 0.9651839 2.677637e-14 -0.2615724 0 0 0 -0.833846 -0.2234284 0.504758 0.833846 0.2234284 -0.504758 0 0 0 -0.6075973 -0.3507965 0.712578 0.6075973 0.3507965 -0.712578 0 0 0 -0.3477271 -0.3477271 0.8707306 0.3477271 0.3477271 -0.8707306 0 0 0 -0.1243084 -0.2153085 0.9686019 0.1243084 0.2153085 -0.9686019 0 0 0 0.6881799 0.1843973 0.7017165 -0.6881799 -0.1843973 -0.7017165 0 0 0 0.4399971 0.2540325 0.8613188 -0.4399971 -0.2540325 -0.8613188 0 0 0 0.1901471 0.1901471 0.9631657 -0.1901471 -0.1901471 -0.9631657 0 0 0 0.005438003 0.009418898 0.9999409 -0.005438003 -0.009418898 -0.9999409 0 0 0 0.7124563 2.206826e-14 0.7017165 -0.7124563 -2.206826e-14 -0.7017165 0 0 0 0.490753 -0.1314969 0.8613188 -0.490753 0.1314969 -0.8613188 0 0 0 0.2328817 -0.1344543 0.9631657 -0.2328817 0.1344543 -0.9631657 0 0 0 0.007690498 -0.007690498 0.9999409 -0.007690498 0.007690498 -0.9999409 0 0 0 -0.1757987 0.1757987 0.9686019 0.1757987 -0.1757987 -0.9686019 0 0 0 -0.425877 0.2458802 0.8707306 0.425877 -0.2458802 -0.8707306 0 0 0 -0.6776867 0.1815856 0.712578 0.6776867 -0.1815856 -0.712578 0 0 0 -0.8632609 1.425004e-13 0.504758 0.8632609 -1.425004e-13 -0.504758 0 0 0 -0.6776867 -0.1815856 0.712578 0.6776867 0.1815856 -0.712578 0 0 0 -0.425877 -0.2458802 0.8707306 0.425877 0.2458802 -0.8707306 0 0 0 -0.1757987 -0.1757987 0.9686019 0.1757987 0.1757987 -0.9686019 0 0 0 0.490753 0.1314969 0.8613188 -0.490753 -0.1314969 -0.8613188 0 0 0 0.2328817 0.1344543 0.9631657 -0.2328817 -0.1344543 -0.9631657 0 0 0 0.007690498 0.007690498 0.9999409 -0.007690498 -0.007690498 -0.9999409 0 0 0 0.5080649 -1.629831e-13 0.8613188 -0.5080649 1.629831e-13 -0.8613188 0 0 0 0.2597458 -0.06959867 0.9631657 -0.2597458 0.06959867 -0.9631657 0 0 0 0.009418898 -0.005438003 0.9999409 -0.009418898 0.005438003 -0.9999409 0 0 0 -0.2153085 0.1243084 0.9686019 0.2153085 -0.1243084 -0.9686019 0 0 0 -0.4750041 0.127277 0.8707306 0.4750041 -0.127277 -0.8707306 0 0 0 -0.7015929 9.599248e-14 0.712578 0.7015929 -9.599248e-14 -0.712578 0 0 0 -0.4750041 -0.127277 0.8707306 0.4750041 0.127277 -0.8707306 0 0 0 -0.2153085 -0.1243084 0.9686019 0.2153085 0.1243084 -0.9686019 0 0 0 0.2597458 0.06959867 0.9631657 -0.2597458 -0.06959867 -0.9631657 0 0 0 0.009418898 0.005438003 0.9999409 -0.009418898 -0.005438003 -0.9999409 0 0 0 0.2689086 7.521199e-14 0.9631657 -0.2689086 -7.521199e-14 -0.9631657 0 0 0 0.01050542 -0.002814918 0.9999409 -0.01050542 0.002814918 -0.9999409 0 0 0 -0.2401454 0.06434678 0.9686019 0.2401454 -0.06434678 -0.9686019 0 0 0 -0.4917604 -1.027551e-13 0.8707306 0.4917604 1.027551e-13 -0.8707306 0 0 0 -0.2401454 -0.06434678 0.9686019 0.2401454 0.06434678 -0.9686019 0 0 0 0.01050542 0.002814918 0.9999409 -0.01050542 -0.002814918 -0.9999409 0 0 0 0.01087601 -2.054582e-14 0.9999409 -0.01087601 2.054582e-14 -0.9999409 0 0 0 -0.2486169 2.438068e-14 0.9686019 0.2486169 -2.438068e-14 -0.9686019 0 0 0</float_array>
                    <technique_common>
                        <accessor count="1889" source="#ID131" stride="3">
                            <param name="X" type="float" />
                            <param name="Y" type="float" />
                            <param name="Z" type="float" />
                        </accessor>
                    </technique_common>
                </source>
                <source id="ID128">
                    <Name_array id="ID132" count="0" />
                    <technique_common>
                        <accessor count="0" source="#ID132" stride="1">
                            <param name="skp_material" type="Name" />
                        </accessor>
                    </technique_common>
                </source>
                <vertices id="ID129">
                    <input semantic="POSITION" source="#ID126" />
                    <input semantic="NORMAL" source="#ID127" />
                </vertices>
                <triangles count="2406" material="Material2">
                    <input offset="0" semantic="VERTEX" source="#ID129" />
                    <p>0 1 2 1 0 3 4 5 6 7 6 5 12 13 14 13 12 15 16 17 18 17 16 15 17 15 12 17 12 19 17 19 20 17 20 21 22 23 24 23 25 24 25 26 24 26 27 24 27 28 24 29 24 28 27 26 30 31 30 26 40 41 42 41 40 43 44 45 46 47 46 45 49 50 51 50 49 52 52 49 53 53 49 54 54 49 7 7 49 55 7 55 6 1 56 2 56 57 2 2 57 58 58 57 59 59 57 60 60 57 61 62 61 57 68 69 70 69 68 71 69 71 72 73 74 75 74 76 75 77 75 76 81 71 68 71 81 82 71 82 83 84 85 74 85 86 74 76 74 86 89 90 91 90 89 92 92 89 93 93 89 94 95 96 97 96 95 98 96 98 93 96 93 94 99 100 101 100 102 101 102 103 101 104 101 103 99 105 100 100 105 106 106 105 107 108 107 105 82 114 83 114 82 115 116 85 117 84 117 85 72 119 69 119 72 120 121 73 122 75 122 73 119 124 125 124 119 120 121 122 126 127 126 122 114 129 130 129 114 115 116 117 131 132 131 117 134 135 136 135 134 129 129 134 130 132 137 131 131 137 138 139 138 137 125 136 142 136 125 134 134 125 124 126 127 137 137 127 139 143 139 127 145 146 147 146 145 148 149 150 151 152 151 150 59 155 156 155 59 60 52 53 157 158 157 53 159 160 161 160 159 162 162 159 163 164 165 166 166 165 167 168 167 165 171 172 173 172 171 174 175 176 177 178 177 176 180 181 182 181 180 183 183 180 184 185 186 187 187 186 188 189 188 186 70 191 192 191 70 69 191 69 193 194 75 195 75 77 195 196 195 77 198 70 199 70 198 68 76 200 77 201 77 200 204 68 198 68 204 81 86 205 76 200 76 205 207 82 81 82 207 208 209 210 85 86 85 210 93 98 95 103 102 100 192 213 214 213 192 191 213 191 215 216 195 217 195 196 217 218 217 196 69 221 193 221 69 119 122 75 222 194 222 75 215 223 213 223 215 224 225 216 226 217 226 216 221 125 228 125 221 119 122 222 127 229 127 222 223 230 231 230 223 224 225 226 232 233 232 226 93 90 92 106 107 100 235 142 236 142 235 125 125 235 228 229 237 127 127 237 143 238 143 237 231 236 240 236 231 235 235 231 230 232 233 237 237 233 238 241 238 233 208 115 82 115 208 243 244 209 116 85 116 209 115 246 129 246 115 243 244 116 247 131 247 116 136 249 250 249 136 135 138 139 251 252 251 139 129 255 135 255 129 246 247 131 256 138 256 131 142 250 258 250 142 136 139 143 252 259 252 143 261 262 263 262 261 264 265 266 267 268 267 266 199 192 269 192 199 70 77 201 196 270 196 201 272 199 273 199 272 198 200 274 201 275 201 274 278 198 272 198 278 204 205 279 200 274 200 279 281 81 204 81 281 207 210 282 86 205 86 282 207 284 208 284 207 285 286 210 287 209 287 210 214 290 291 290 214 213 217 218 292 293 292 218 269 214 296 214 269 192 196 270 218 297 218 270 213 299 290 299 213 223 226 217 300 292 300 217 299 231 302 231 299 223 226 300 233 303 233 300 236 258 305 258 236 142 143 238 259 306 259 238 240 305 308 305 240 236 238 241 306 309 306 241 302 240 311 240 302 231 233 303 241 312 241 303 208 314 243 314 208 284 287 209 315 244 315 209 246 314 317 314 246 243 244 247 315 318 315 247 250 320 321 320 250 249 251 252 322 323 322 252 135 326 249 326 135 255 256 138 327 251 327 138 255 317 329 317 255 246 247 256 318 330 318 256 258 321 332 321 258 250 252 259 323 333 323 259 273 269 335 269 273 199 201 275 270 336 270 275 338 273 339 273 338 272 274 340 275 341 275 340 344 272 338 272 344 278 279 345 274 340 274 345 347 204 278 204 347 281 282 348 205 279 205 348 281 285 207 285 281 350 351 282 286 210 286 282 285 353 284 353 285 354 355 286 356 287 356 286 359 290 360 290 359 291 293 361 292 362 292 361 296 291 365 291 296 214 218 297 293 366 293 297 335 296 368 296 335 269 270 336 297 369 297 336 371 290 299 290 371 360 362 372 292 300 292 372 374 299 302 299 374 371 372 375 300 303 300 375 305 332 377 332 305 258 259 306 333 378 333 306 308 377 380 377 308 305 306 309 378 381 378 309 311 308 383 308 311 240 241 312 309 384 309 312 386 302 311 302 386 374 375 387 303 312 303 387 284 389 314 389 284 353 356 287 390 315 390 287 317 389 392 389 317 314 315 318 390 393 390 318 321 395 396 395 321 320 322 323 397 398 397 323 249 401 320 401 249 326 327 251 402 322 402 251 326 329 404 329 326 255 256 327 330 405 330 327 329 392 407 392 329 317 318 330 393 408 393 330 332 396 410 396 332 321 323 333 398 411 398 333 339 335 413 335 339 273 275 341 336 414 336 341 338 416 417 416 338 339 341 340 418 419 418 340 344 417 422 417 344 338 340 345 419 423 419 345 425 278 344 278 425 347 348 426 279 345 279 426 281 428 350 428 281 347 348 282 429 351 429 282 350 354 285 354 350 431 432 351 355 286 355 351 354 434 353 434 354 435 436 355 437 356 437 355 440 360 441 360 440 359 361 442 362 443 362 442 446 291 359 291 446 365 366 447 293 361 293 447 368 365 449 365 368 296 297 369 366 450 366 369 413 368 452 368 413 335 336 414 369 453 369 414 441 371 455 371 441 360 362 443 372 456 372 443 458 371 374 371 458 455 456 459 372 375 372 459 377 410 461 410 377 332 333 378 411 462 411 378 380 461 464 461 380 377 378 381 462 465 462 381 383 380 467 380 383 308 309 384 381 468 381 384 470 311 383 311 470 386 387 471 312 384 312 471 473 374 386 374 473 458 459 474 375 387 375 474 353 476 389 476 353 434 437 356 477 390 477 356 392 476 479 476 392 389 390 393 477 480 477 393 396 482 483 482 396 395 397 398 484 485 484 398 320 488 395 488 320 401 402 322 489 397 489 322 401 404 491 404 401 326 327 402 405 492 405 402 404 407 494 407 404 329 330 405 408 495 408 405 407 479 497 479 407 392 393 408 480 498 480 408 410 483 500 483 410 396 398 411 485 501 485 411 339 503 416 503 339 413 414 341 504 418 504 341 417 506 507 506 417 416 418 419 508 509 508 419 422 507 512 507 422 417 419 423 509 513 509 423 425 422 515 422 425 344 345 426 423 516 423 426 347 518 428 518 347 425 426 348 519 429 519 348 350 521 431 521 350 428 429 351 522 432 522 351 431 435 354 435 431 524 525 432 436 355 436 432 434 527 528 527 434 435 436 437 529 530 529 437 533 441 534 441 533 440 442 535 443 536 443 535 539 359 440 359 539 446 447 540 361 442 361 540 449 446 542 446 449 365 366 450 447 543 447 450 452 449 545 449 452 368 369 453 450 546 450 453 413 548 503 548 413 452 453 414 549 504 549 414 534 455 551 455 534 441 443 536 456 552 456 536 554 455 458 455 554 551 552 555 456 459 456 555 461 500 557 500 461 410 411 462 501 558 501 462 464 557 560 557 464 461 462 465 558 561 558 465 467 464 563 464 467 380 381 468 465 564 465 468 383 566 470 566 383 467 468 384 567 471 567 384 569 386 470 386 569 473 474 570 387 471 387 570 572 458 473 458 572 554 555 573 459 474 459 573 434 575 476 575 434 528 530 437 576 477 576 437 476 578 479 578 476 575 576 477 579 480 579 477 581 482 582 482 581 483 485 583 484 584 484 583 482 488 587 488 482 395 397 484 489 588 489 484 488 491 590 491 488 401 402 489 492 591 492 489 491 494 593 494 491 404 405 492 495 594 495 492 494 497 596 497 494 407 408 495 498 597 498 495 479 599 497 599 479 578 579 480 600 498 600 480 602 483 581 483 602 500 501 603 485 583 485 603 416 605 506 605 416 503 504 418 606 508 606 418 507 608 609 608 507 506 508 509 610 611 610 509 512 609 614 609 512 507 509 513 611 615 611 513 515 512 617 512 515 422 423 516 513 618 513 516 425 620 518 620 425 515 516 426 621 519 621 426 428 623 521 623 428 518 519 429 624 522 624 429 431 626 524 626 431 521 522 432 627 525 627 432 435 629 527 629 435 524 525 436 630 529 630 436 528 632 633 632 528 527 529 530 634 635 634 530 638 533 534 533 638 639 640 641 535 536 535 641 644 440 533 440 644 539 540 645 442 535 442 645 542 539 647 539 542 446 447 543 540 648 540 543 545 542 650 542 545 449 450 546 543 651 543 546 452 653 548 653 452 545 546 453 654 549 654 453 503 656 605 656 503 548 549 504 657 606 657 504 638 551 659 551 638 534 536 641 552 660 552 641 659 554 662 554 659 551 552 660 555 663 555 660 665 500 602 500 665 557 558 666 501 603 501 666 668 557 665 557 668 560 561 669 558 666 558 669 563 560 671 560 563 464 465 564 561 672 561 564 467 674 566 674 467 563 564 468 675 567 675 468 470 677 569 677 470 566 567 471 678 570 678 471 680 473 569 473 680 572 573 681 474 570 474 681 662 572 683 572 662 554 555 663 573 684 573 663 528 686 575 686 528 633 635 530 687 576 687 530 575 689 578 689 575 686 687 576 690 579 690 576 692 582 693 582 692 581 583 694 584 695 584 694 582 587 698 587 582 482 484 584 588 699 588 584 587 590 701 590 587 488 489 588 591 702 591 588 590 593 704 593 590 491 492 591 594 705 594 591 593 596 707 596 593 494 495 594 597 708 597 594 497 710 596 710 497 599 600 498 711 597 711 498 578 713 599 713 578 689 690 579 714 600 714 579 716 581 692 581 716 602 603 717 583 694 583 717 506 719 608 719 506 605 606 508 720 610 720 508 609 722 723 722 609 608 610 611 724 725 724 611 614 723 728 723 614 609 611 615 725 729 725 615 617 614 731 614 617 512 513 618 615 732 615 618 515 734 620 734 515 617 618 516 735 621 735 516 518 737 623 737 518 620 621 519 738 624 738 519 521 740 626 740 521 623 624 522 741 627 741 522 524 743 629 743 524 626 627 525 744 630 744 525 527 746 632 746 527 629 630 529 747 634 747 529 633 749 750 749 633 632 634 635 751 752 751 635 755 639 638 639 755 756 757 758 640 641 640 758 639 644 533 644 639 761 762 640 645 535 645 640 647 644 764 644 647 539 540 648 645 765 645 648 650 647 767 647 650 542 543 651 648 768 648 651 653 650 770 650 653 545 546 654 651 771 651 654 548 773 656 773 548 653 654 549 774 657 774 549 605 776 719 776 605 656 657 606 777 720 777 606 755 659 779 659 755 638 641 758 660 780 660 758 779 662 782 662 779 659 660 780 663 783 663 780 785 602 716 602 785 665 666 786 603 717 603 786 788 665 785 665 788 668 669 789 666 786 666 789 791 560 668 560 791 671 672 792 561 669 561 792 563 794 674 794 563 671 672 564 795 675 795 564 566 797 677 797 566 674 675 567 798 678 798 567 569 800 680 800 569 677 678 570 801 681 801 570 683 680 803 680 683 572 573 684 681 804 681 684 782 683 806 683 782 662 663 783 684 807 684 783 633 809 686 809 633 750 752 635 810 687 810 635 686 812 689 812 686 809 810 687 813 690 813 687 815 693 816 693 815 692 694 817 695 818 695 817 693 698 821 698 693 582 584 695 699 822 699 695 698 701 824 701 698 587 588 699 702 825 702 699 701 704 827 704 701 590 591 702 705 828 705 702 704 707 830 707 704 593 594 705 708 831 708 705 707 710 833 710 707 596 597 708 711 834 711 708 599 836 710 836 599 713 714 600 837 711 837 600 689 839 713 839 689 812 813 690 840 714 840 690 842 692 815 692 842 716 717 843 694 817 694 843 608 845 722 845 608 719 720 610 846 724 846 610 723 848 849 848 723 722 724 725 850 851 850 725 728 849 854 849 728 723 725 729 851 855 851 729 731 728 857 728 731 614 615 732 729 858 729 732 617 860 734 860 617 731 732 618 861 735 861 618 620 863 737 863 620 734 735 621 864 738 864 621 623 866 740 866 623 737 738 624 867 741 867 624 626 869 743 869 626 740 741 627 870 744 870 627 629 872 746 872 629 743 744 630 873 747 873 630 632 875 749 875 632 746 747 634 876 751 876 634 878 749 879 749 878 750 752 880 751 881 751 880 884 756 755 756 884 885 886 887 757 758 757 887 756 761 639 761 756 890 891 757 762 640 762 757 764 761 893 761 764 644 645 765 762 894 762 765 767 764 896 764 767 647 648 768 765 897 765 768 770 767 899 767 770 650 651 771 768 900 768 771 773 770 902 770 773 653 654 774 771 903 771 774 656 905 776 905 656 773 774 657 906 777 906 657 719 908 845 908 719 776 777 720 909 846 909 720 884 779 911 779 884 755 758 887 780 912 780 887 911 782 914 782 911 779 780 912 783 915 783 912 917 716 842 716 917 785 786 918 717 843 717 918 920 785 917 785 920 788 789 921 786 918 786 921 923 668 788 668 923 791 792 924 669 789 669 924 671 926 794 926 671 791 792 672 927 795 927 672 674 929 797 929 674 794 795 675 930 798 930 675 677 932 800 932 677 797 798 678 933 801 933 678 680 935 803 935 680 800 801 681 936 804 936 681 806 803 938 803 806 683 684 807 804 939 804 807 914 806 941 806 914 782 783 915 807 942 807 915 944 750 878 750 944 809 810 945 752 880 752 945 812 944 947 944 812 809 810 813 945 948 945 813 950 816 951 816 950 815 817 952 818 953 818 952 816 821 956 821 816 693 695 818 822 957 822 818 821 824 959 824 821 698 699 822 825 960 825 822 824 827 962 827 824 701 702 825 828 963 828 825 827 830 965 830 827 704 705 828 831 966 831 828 830 833 968 833 830 707 708 831 834 969 834 831 833 836 971 836 833 710 711 834 837 972 837 834 713 974 836 974 713 839 840 714 975 837 975 714 839 947 977 947 839 812 813 840 948 978 948 840 980 815 950 815 980 842 843 981 817 952 817 981 722 983 848 983 722 845 846 724 984 850 984 724 849 986 987 986 849 848 850 851 988 989 988 851 854 987 992 987 854 849 851 855 989 993 989 855 857 854 995 854 857 728 729 858 855 996 855 858 731 998 860 998 731 857 858 732 999 861 999 732 734 1001 863 1001 734 860 861 735 1002 864 1002 735 737 1004 866 1004 737 863 864 738 1005 867 1005 738 740 1007 869 1007 740 866 867 741 1008 870 1008 741 743 1010 872 1010 743 869 870 744 1011 873 1011 744 746 1013 875 1013 746 872 873 747 1014 876 1014 747 879 875 1016 875 879 749 751 881 876 1017 876 881 1019 879 1020 879 1019 878 880 1021 881 1022 881 1021 884 1025 885 1025 884 1026 1027 887 1028 886 1028 887 885 890 756 890 885 1031 1032 886 891 757 891 886 893 890 1034 890 893 761 762 894 891 1035 891 894 896 893 1037 893 896 764 765 897 894 1038 894 897 899 896 1040 896 899 767 768 900 897 1041 897 900 902 899 1043 899 902 770 771 903 900 1044 900 903 905 902 1046 902 905 773 774 906 903 1047 903 906 776 1049 908 1049 776 905 906 777 1050 909 1050 777 845 1052 983 1052 845 908 909 846 1053 984 1053 846 911 1026 884 1026 911 1055 1056 912 1027 887 1027 912 1058 911 914 911 1058 1055 1056 1059 912 915 912 1059 1061 842 980 842 1061 917 918 1062 843 981 843 1062 1064 917 1061 917 1064 920 921 1065 918 1062 918 1065 1067 788 920 788 1067 923 924 1068 789 921 789 1068 791 1070 926 1070 791 923 924 792 1071 927 1071 792 794 1073 929 1073 794 926 927 795 1074 930 1074 795 797 1076 932 1076 797 929 930 798 1077 933 1077 798 800 1079 935 1079 800 932 933 801 1080 936 1080 801 803 1082 938 1082 803 935 936 804 1083 939 1083 804 941 938 1085 938 941 806 807 942 939 1086 939 942 1088 914 941 914 1088 1058 1059 1089 915 942 915 1089 1091 878 1019 878 1091 944 945 1092 880 1021 880 1092 947 1091 1094 1091 947 944 945 948 1092 1095 1092 948 1097 951 1098 951 1097 950 952 1099 953 1100 953 1099 951 956 1103 956 951 816 818 953 957 1104 957 953 956 959 1106 959 956 821 822 957 960 1107 960 957 959 962 1109 962 959 824 825 960 963 1110 963 960 962 965 1112 965 962 827 828 963 966 1113 966 963 965 968 1115 968 965 830 831 966 969 1116 969 966 968 971 1118 971 968 833 834 969 972 1119 972 969 971 974 1121 974 971 836 837 972 975 1122 975 972 974 977 1124 977 974 839 840 975 978 1125 978 975 977 1094 1127 1094 977 947 948 978 1095 1128 1095 978 1130 950 1097 950 1130 980 981 1131 952 1099 952 1131 848 1133 986 1133 848 983 984 850 1134 988 1134 850 987 1136 1137 1136 987 986 988 989 1138 1139 1138 989 992 1137 1142 1137 992 987 989 993 1139 1143 1139 993 995 992 1145 992 995 854 855 996 993 1146 993 996 1148 857 995 857 1148 998 999 1149 858 996 858 1149 860 1151 1001 1151 860 998 999 861 1152 1002 1152 861 863 1154 1004 1154 863 1001 1002 864 1155 1005 1155 864 866 1157 1007 1157 866 1004 1005 867 1158 1008 1158 867 869 1160 1010 1160 869 1007 1008 870 1161 1011 1161 870 872 1163 1013 1163 872 1010 1011 873 1164 1014 1164 873 1016 1013 1166 1013 1016 875 876 1017 1014 1167 1014 1017 1020 1016 1169 1016 1020 879 881 1022 1017 1170 1017 1022 1172 1020 1173 1020 1172 1019 1021 1174 1022 1175 1022 1174 1026 1178 1025 1178 1026 1179 1180 1027 1181 1028 1181 1027 885 1184 1031 1184 885 1025 1028 886 1185 1032 1185 886 1034 1031 1187 1031 1034 890 891 1035 1032 1188 1032 1035 1037 1034 1190 1034 1037 893 894 1038 1035 1191 1035 1038 1040 1037 1193 1037 1040 896 897 1041 1038 1194 1038 1041 1043 1040 1196 1040 1043 899 900 1044 1041 1197 1041 1044 1046 1043 1199 1043 1046 902 903 1047 1044 1200 1044 1047 1049 1046 1202 1046 1049 905 906 1050 1047 1203 1047 1050 908 1205 1052 1205 908 1049 1050 909 1206 1053 1206 909 983 1208 1133 1208 983 1052 1053 984 1209 1134 1209 984 1055 1179 1026 1179 1055 1211 1212 1056 1180 1027 1180 1056 1214 1055 1058 1055 1214 1211 1212 1215 1056 1059 1056 1215 1217 980 1130 980 1217 1061 1062 1218 981 1131 981 1218 1220 1061 1217 1061 1220 1064 1065 1221 1062 1218 1062 1221 1223 920 1064 920 1223 1067 1068 1224 921 1065 921 1224 923 1226 1070 1226 923 1067 1068 924 1227 1071 1227 924 926 1229 1073 1229 926 1070 1071 927 1230 1074 1230 927 929 1232 1076 1232 929 1073 1074 930 1233 1077 1233 930 932 1235 1079 1235 932 1076 1077 933 1236 1080 1236 933 935 1238 1082 1238 935 1079 1080 936 1239 1083 1239 936 938 1241 1085 1241 938 1082 1083 939 1242 1086 1242 939 1244 941 1085 941 1244 1088 1089 1245 942 1086 942 1245 1247 1058 1088 1058 1247 1214 1215 1248 1059 1089 1059 1248 1250 1019 1172 1019 1250 1091 1092 1251 1021 1174 1021 1251 1094 1250 1253 1250 1094 1091 1092 1095 1251 1254 1251 1095 1137 1098 1142 1098 1137 1097 1099 1139 1100 1143 1100 1139 1098 1103 1256 1103 1098 951 953 1100 1104 1257 1104 1100 1259 956 1106 956 1259 1103 1104 1260 957 1107 957 1260 1106 1109 1262 1109 1106 959 960 1107 1110 1263 1110 1107 1109 1112 1265 1112 1109 962 963 1110 1113 1266 1113 1110 1112 1115 1268 1115 1112 965 966 1113 1116 1269 1116 1113 1115 1118 1271 1118 1115 968 969 1116 1119 1272 1119 1116 1118 1121 1274 1121 1118 971 972 1119 1122 1275 1122 1119 1121 1124 1277 1124 1121 974 975 1122 1125 1278 1125 1122 1124 1127 1280 1127 1124 977 978 1125 1128 1281 1128 1125 1127 1253 1283 1253 1127 1094 1095 1128 1254 1284 1254 1128 1136 1097 1137 1097 1136 1130 1131 1138 1099 1139 1099 1138 986 1286 1136 1286 986 1133 1134 988 1287 1138 1287 988 1145 1142 1289 1142 1145 992 993 1146 1143 1290 1143 1146 1292 995 1145 995 1292 1148 1149 1293 996 1146 996 1293 1295 998 1148 998 1295 1151 1152 1296 999 1149 999 1296 1001 1298 1154 1298 1001 1151 1152 1002 1299 1155 1299 1002 1004 1301 1157 1301 1004 1154 1155 1005 1302 1158 1302 1005 1007 1304 1160 1304 1007 1157 1158 1008 1305 1161 1305 1008 1010 1307 1163 1307 1010 1160 1161 1011 1308 1164 1308 1011 1166 1163 1310 1163 1166 1013 1014 1167 1164 1311 1164 1167 1169 1166 1313 1166 1169 1016 1017 1170 1167 1314 1167 1170 1173 1169 1316 1169 1173 1020 1022 1175 1170 1317 1170 1175 1179 1173 1178 1173 1179 1172 1174 1180 1175 1181 1175 1180 1025 1319 1184 1319 1025 1178 1181 1028 1320 1185 1320 1028 1031 1322 1187 1322 1031 1184 1185 1032 1323 1188 1323 1032 1190 1187 1325 1187 1190 1034 1035 1191 1188 1326 1188 1191 1193 1190 1328 1190 1193 1037 1038 1194 1191 1329 1191 1194 1196 1193 1331 1193 1196 1040 1041 1197 1194 1332 1194 1197 1199 1196 1334 1196 1199 1043 1044 1200 1197 1335 1197 1200 1202 1199 1337 1199 1202 1046 1047 1203 1200 1338 1200 1203 1205 1202 1340 1202 1205 1049 1050 1206 1203 1341 1203 1206 1052 1343 1208 1343 1052 1205 1206 1053 1344 1209 1344 1053 1133 1346 1286 1346 1133 1208 1209 1134 1347 1287 1347 1134 1211 1172 1179 1172 1211 1250 1251 1212 1174 1180 1174 1212 1253 1211 1214 1211 1253 1250 1251 1254 1212 1215 1212 1254 1286 1130 1136 1130 1286 1217 1218 1287 1131 1138 1131 1287 1346 1217 1286 1217 1346 1220 1221 1347 1218 1287 1218 1347 1349 1064 1220 1064 1349 1223 1224 1350 1065 1221 1065 1350 1223 1226 1067 1226 1223 1352 1353 1224 1227 1068 1227 1224 1070 1355 1229 1355 1070 1226 1227 1071 1356 1230 1356 1071 1073 1358 1232 1358 1073 1229 1230 1074 1359 1233 1359 1074 1076 1361 1235 1361 1076 1232 1233 1077 1362 1236 1362 1077 1079 1364 1238 1364 1079 1235 1236 1080 1365 1239 1365 1080 1082 1367 1241 1367 1082 1238 1239 1083 1368 1242 1368 1083 1370 1085 1241 1085 1370 1244 1245 1371 1086 1242 1086 1371 1373 1088 1244 1088 1373 1247 1248 1374 1089 1245 1089 1374 1283 1214 1247 1214 1283 1253 1254 1284 1215 1248 1215 1284 1142 1256 1289 1256 1142 1098 1100 1143 1257 1290 1257 1143 1376 1103 1259 1103 1376 1256 1257 1377 1104 1260 1104 1377 1379 1106 1262 1106 1379 1259 1260 1380 1107 1263 1107 1380 1262 1265 1382 1265 1262 1109 1110 1263 1266 1383 1266 1263 1265 1268 1385 1268 1265 1112 1113 1266 1269 1386 1269 1266 1268 1271 1388 1271 1268 1115 1116 1269 1272 1389 1272 1269 1271 1274 1391 1274 1271 1118 1119 1272 1275 1392 1275 1272 1274 1277 1394 1277 1274 1121 1122 1275 1278 1395 1278 1275 1277 1280 1397 1280 1277 1124 1125 1278 1281 1398 1281 1278 1280 1283 1400 1283 1280 1127 1128 1281 1284 1401 1284 1281 1292 1289 1403 1289 1292 1145 1146 1293 1290 1404 1290 1293 1406 1148 1292 1148 1406 1295 1296 1407 1149 1293 1149 1407 1409 1151 1295 1151 1409 1298 1299 1410 1152 1296 1152 1410 1154 1412 1301 1412 1154 1298 1299 1155 1413 1302 1413 1155 1157 1415 1304 1415 1157 1301 1302 1158 1416 1305 1416 1158 1160 1418 1307 1418 1160 1304 1305 1161 1419 1308 1419 1161 1310 1307 1421 1307 1310 1163 1164 1311 1308 1422 1308 1311 1313 1310 1424 1310 1313 1166 1167 1314 1311 1425 1311 1314 1316 1313 1427 1313 1316 1169 1170 1317 1314 1428 1314 1317 1178 1316 1319 1316 1178 1173 1175 1181 1317 1320 1317 1181 1184 1430 1322 1430 1184 1319 1320 1185 1431 1323 1431 1185 1187 1433 1325 1433 1187 1322 1323 1188 1434 1326 1434 1188 1328 1325 1436 1325 1328 1190 1191 1329 1326 1437 1326 1329 1331 1328 1439 1328 1331 1193 1194 1332 1329 1440 1329 1332 1334 1331 1442 1331 1334 1196 1197 1335 1332 1443 1332 1335 1337 1334 1445 1334 1337 1199 1200 1338 1335 1446 1335 1338 1340 1337 1448 1337 1340 1202 1203 1341 1338 1449 1338 1341 1343 1340 1451 1340 1343 1205 1206 1344 1341 1452 1341 1344 1208 1454 1346 1454 1208 1343 1344 1209 1455 1347 1455 1209 1454 1220 1346 1220 1454 1349 1350 1455 1221 1347 1221 1455 1349 1352 1223 1352 1349 1457 1458 1350 1353 1224 1353 1350 1352 1355 1226 1355 1352 1460 1461 1353 1356 1227 1356 1353 1229 1463 1358 1463 1229 1355 1356 1230 1464 1359 1464 1230 1232 1466 1361 1466 1232 1358 1359 1233 1467 1362 1467 1233 1235 1469 1364 1469 1235 1361 1362 1236 1470 1365 1470 1236 1238 1472 1367 1472 1238 1364 1365 1239 1473 1368 1473 1239 1475 1241 1367 1241 1475 1370 1371 1476 1242 1368 1242 1476 1478 1244 1370 1244 1478 1373 1374 1479 1245 1371 1245 1479 1400 1247 1373 1247 1400 1283 1284 1401 1248 1374 1248 1401 1403 1256 1376 1256 1403 1289 1290 1404 1257 1377 1257 1404 1481 1259 1379 1259 1481 1376 1377 1482 1260 1380 1260 1482 1484 1262 1382 1262 1484 1379 1380 1485 1263 1383 1263 1485 1382 1385 1487 1385 1382 1265 1266 1383 1386 1488 1386 1383 1385 1388 1490 1388 1385 1268 1269 1386 1389 1491 1389 1386 1388 1391 1493 1391 1388 1271 1272 1389 1392 1494 1392 1389 1274 1496 1391 1496 1274 1394 1395 1275 1497 1392 1497 1275 1394 1397 1499 1397 1394 1277 1278 1395 1398 1500 1398 1395 1397 1400 1502 1400 1397 1280 1281 1398 1401 1503 1401 1398 1505 1292 1403 1292 1505 1406 1407 1506 1293 1404 1293 1506 1508 1295 1406 1295 1508 1409 1410 1509 1296 1407 1296 1509 1412 1409 1511 1409 1412 1298 1299 1413 1410 1512 1410 1413 1301 1514 1415 1514 1301 1412 1413 1302 1515 1416 1515 1302 1304 1517 1418 1517 1304 1415 1416 1305 1518 1419 1518 1305 1520 1307 1418 1307 1520 1421 1422 1521 1308 1419 1308 1521 1424 1421 1523 1421 1424 1310 1311 1425 1422 1524 1422 1425 1427 1424 1526 1424 1427 1313 1314 1428 1425 1527 1425 1428 1319 1427 1430 1427 1319 1316 1317 1320 1428 1431 1428 1320 1322 1529 1433 1529 1322 1430 1431 1323 1530 1434 1530 1323 1325 1532 1436 1532 1325 1433 1434 1326 1533 1437 1533 1326 1439 1436 1535 1436 1439 1328 1329 1440 1437 1536 1437 1440 1442 1439 1538 1439 1442 1331 1332 1443 1440 1539 1440 1443 1445 1442 1541 1442 1445 1334 1335 1446 1443 1542 1443 1446 1448 1445 1544 1445 1448 1337 1338 1449 1446 1545 1446 1449 1451 1448 1547 1448 1451 1340 1341 1452 1449 1548 1449 1452 1343 1550 1454 1550 1343 1451 1452 1344 1551 1455 1551 1344 1454 1457 1349 1457 1454 1550 1551 1455 1458 1350 1458 1455 1457 1460 1352 1460 1457 1553 1554 1458 1461 1353 1461 1458 1460 1463 1355 1463 1460 1556 1557 1461 1464 1356 1464 1461 1358 1559 1466 1559 1358 1463 1464 1359 1560 1467 1560 1359 1361 1562 1469 1562 1361 1466 1467 1362 1563 1470 1563 1362 1364 1565 1472 1565 1364 1469 1470 1365 1566 1473 1566 1365 1475 1472 1568 1472 1475 1367 1368 1476 1473 1569 1473 1476 1571 1370 1475 1370 1571 1478 1479 1572 1371 1476 1371 1572 1502 1373 1478 1373 1502 1400 1401 1503 1374 1479 1374 1503 1505 1376 1481 1376 1505 1403 1404 1506 1377 1482 1377 1506 1574 1379 1484 1379 1574 1481 1482 1575 1380 1485 1380 1575 1487 1484 1382 1484 1487 1577 1578 1488 1485 1383 1485 1488 1487 1490 1580 1490 1487 1385 1386 1488 1491 1581 1491 1488 1490 1493 1583 1493 1490 1388 1389 1491 1494 1584 1494 1491 1391 1586 1493 1586 1391 1496 1497 1392 1587 1494 1587 1392 1496 1499 1589 1499 1496 1394 1395 1497 1500 1590 1500 1497 1499 1502 1592 1502 1499 1397 1398 1500 1503 1593 1503 1500 1508 1505 1595 1505 1508 1406 1407 1509 1506 1596 1506 1509 1511 1508 1598 1508 1511 1409 1410 1512 1509 1599 1509 1512 1514 1511 1601 1511 1514 1412 1413 1515 1512 1602 1512 1515 1415 1604 1517 1604 1415 1514 1515 1416 1605 1518 1605 1416 1607 1418 1517 1418 1607 1520 1521 1608 1419 1518 1419 1608 1610 1421 1520 1421 1610 1523 1524 1611 1422 1521 1422 1611 1526 1523 1613 1523 1526 1424 1425 1527 1524 1614 1524 1527 1430 1526 1529 1526 1430 1427 1428 1431 1527 1530 1527 1431 1433 1616 1532 1616 1433 1529 1530 1434 1617 1533 1617 1434 1535 1532 1619 1532 1535 1436 1437 1536 1533 1620 1533 1536 1538 1535 1622 1535 1538 1439 1440 1539 1536 1623 1536 1539 1541 1538 1625 1538 1541 1442 1443 1542 1539 1626 1539 1542 1445 1628 1544 1628 1445 1541 1542 1446 1629 1545 1629 1446 1547 1544 1631 1544 1547 1448 1449 1548 1545 1632 1545 1548 1550 1547 1634 1547 1550 1451 1452 1551 1548 1635 1548 1551 1550 1553 1457 1553 1550 1634 1635 1551 1554 1458 1554 1551 1553 1556 1460 1556 1553 1637 1638 1554 1557 1461 1557 1554 1463 1640 1559 1640 1463 1556 1557 1464 1641 1560 1641 1464 1466 1643 1562 1643 1466 1559 1560 1467 1644 1563 1644 1467 1469 1646 1565 1646 1469 1562 1563 1470 1647 1566 1647 1470 1568 1565 1649 1565 1568 1472 1473 1569 1566 1650 1566 1569 1571 1568 1652 1568 1571 1475 1476 1572 1569 1653 1569 1572 1592 1478 1571 1478 1592 1502 1503 1593 1479 1572 1479 1593 1595 1481 1574 1481 1595 1505 1506 1596 1482 1575 1482 1596 1577 1574 1484 1574 1577 1655 1656 1578 1575 1485 1575 1578 1580 1577 1487 1577 1580 1658 1659 1581 1578 1488 1578 1581 1580 1583 1661 1583 1580 1490 1491 1581 1584 1662 1584 1581 1493 1664 1583 1664 1493 1586 1587 1494 1665 1584 1665 1494 1496 1667 1586 1667 1496 1589 1590 1497 1668 1587 1668 1497 1499 1670 1589 1670 1499 1592 1593 1500 1671 1590 1671 1500 1598 1595 1673 1595 1598 1508 1509 1599 1596 1674 1596 1599 1601 1598 1676 1598 1601 1511 1512 1602 1599 1677 1599 1602 1604 1601 1679 1601 1604 1514 1515 1605 1602 1680 1602 1605 1682 1517 1604 1517 1682 1607 1608 1683 1518 1605 1518 1683 1685 1520 1607 1520 1685 1610 1611 1686 1521 1608 1521 1686 1688 1523 1610 1523 1688 1613 1614 1689 1524 1611 1524 1689 1529 1613 1616 1613 1529 1526 1527 1530 1614 1617 1614 1530 1619 1616 1691 1616 1619 1532 1533 1620 1617 1692 1617 1620 1622 1619 1694 1619 1622 1535 1536 1623 1620 1695 1620 1623 1625 1622 1697 1622 1625 1538 1539 1626 1623 1698 1623 1626 1541 1700 1628 1700 1541 1625 1626 1542 1701 1629 1701 1542 1544 1703 1631 1703 1544 1628 1629 1545 1704 1632 1704 1545 1547 1706 1634 1706 1547 1631 1632 1548 1707 1635 1707 1548 1634 1637 1553 1637 1634 1706 1707 1635 1638 1554 1638 1635 1556 1709 1640 1709 1556 1637 1638 1557 1710 1641 1710 1557 1559 1712 1643 1712 1559 1640 1641 1560 1713 1644 1713 1560 1562 1715 1646 1715 1562 1643 1644 1563 1716 1647 1716 1563 1649 1646 1718 1646 1649 1565 1566 1650 1647 1719 1647 1650 1652 1649 1721 1649 1652 1568 1569 1653 1650 1722 1650 1653 1592 1652 1670 1652 1592 1571 1572 1593 1653 1671 1653 1593 1655 1595 1574 1595 1655 1673 1674 1656 1596 1575 1596 1656 1658 1655 1577 1655 1658 1724 1725 1659 1656 1578 1656 1659 1661 1658 1580 1658 1661 1727 1728 1662 1659 1581 1659 1662 1583 1730 1661 1730 1583 1664 1665 1584 1731 1662 1731 1584 1586 1733 1664 1733 1586 1667 1668 1587 1734 1665 1734 1587 1589 1736 1667 1736 1589 1670 1671 1590 1737 1668 1737 1590 1676 1673 1739 1673 1676 1598 1599 1677 1674 1740 1674 1677 1679 1676 1742 1676 1679 1601 1602 1680 1677 1743 1677 1680 1745 1604 1679 1604 1745 1682 1683 1746 1605 1680 1605 1746 1748 1607 1682 1607 1748 1685 1686 1749 1608 1683 1608 1749 1751 1610 1685 1610 1751 1688 1689 1752 1611 1686 1611 1752 1691 1613 1688 1613 1691 1616 1617 1692 1614 1689 1614 1692 1694 1691 1754 1691 1694 1619 1620 1695 1692 1755 1692 1695 1697 1694 1757 1694 1697 1622 1623 1698 1695 1758 1695 1698 1625 1760 1700 1760 1625 1697 1698 1626 1761 1701 1761 1626 1628 1763 1703 1763 1628 1700 1701 1629 1764 1704 1764 1629 1631 1766 1706 1766 1631 1703 1704 1632 1767 1707 1767 1632 1637 1766 1709 1766 1637 1706 1707 1638 1767 1710 1767 1638 1640 1769 1712 1769 1640 1709 1710 1641 1770 1713 1770 1641 1643 1772 1715 1772 1643 1712 1713 1644 1773 1716 1773 1644 1718 1715 1775 1715 1718 1646 1647 1719 1716 1776 1716 1719 1721 1718 1778 1718 1721 1649 1650 1722 1719 1779 1719 1722 1670 1721 1736 1721 1670 1652 1653 1671 1722 1737 1722 1671 1724 1673 1655 1673 1724 1739 1740 1725 1674 1656 1674 1725 1727 1724 1658 1724 1727 1781 1782 1728 1725 1659 1725 1728 1661 1784 1727 1784 1661 1730 1731 1662 1785 1728 1785 1662 1664 1787 1730 1787 1664 1733 1734 1665 1788 1731 1788 1665 1667 1790 1733 1790 1667 1736 1737 1668 1791 1734 1791 1668 1742 1739 1793 1739 1742 1676 1677 1743 1740 1794 1740 1743 1796 1679 1742 1679 1796 1745 1746 1797 1680 1743 1680 1797 1799 1682 1745 1682 1799 1748 1749 1800 1683 1746 1683 1800 1802 1685 1748 1685 1802 1751 1752 1803 1686 1749 1686 1803 1754 1688 1751 1688 1754 1691 1692 1755 1689 1752 1689 1755 1757 1754 1805 1754 1757 1694 1695 1758 1755 1806 1755 1758 1760 1757 1808 1757 1760 1697 1698 1761 1758 1809 1758 1761 1700 1811 1763 1811 1700 1760 1761 1701 1812 1764 1812 1701 1703 1814 1766 1814 1703 1763 1764 1704 1815 1767 1815 1704 1709 1814 1769 1814 1709 1766 1767 1710 1815 1770 1815 1710 1712 1817 1772 1817 1712 1769 1770 1713 1818 1773 1818 1713 1775 1772 1820 1772 1775 1715 1716 1776 1773 1821 1773 1776 1778 1775 1823 1775 1778 1718 1719 1779 1776 1824 1776 1779 1736 1778 1790 1778 1736 1721 1722 1737 1779 1791 1779 1737 1781 1739 1724 1739 1781 1793 1794 1782 1740 1725 1740 1782 1727 1826 1781 1826 1727 1784 1785 1728 1827 1782 1827 1728 1730 1829 1784 1829 1730 1787 1788 1731 1830 1785 1830 1731 1733 1832 1787 1832 1733 1790 1791 1734 1833 1788 1833 1734 1835 1742 1793 1742 1835 1796 1797 1836 1743 1794 1743 1836 1838 1745 1796 1745 1838 1799 1800 1839 1746 1797 1746 1839 1841 1748 1799 1748 1841 1802 1803 1842 1749 1800 1749 1842 1805 1751 1802 1751 1805 1754 1755 1806 1752 1803 1752 1806 1808 1805 1844 1805 1808 1757 1758 1809 1806 1845 1806 1809 1811 1808 1847 1808 1811 1760 1761 1812 1809 1848 1809 1812 1763 1850 1814 1850 1763 1811 1812 1764 1851 1815 1851 1764 1769 1850 1817 1850 1769 1814 1815 1770 1851 1818 1851 1770 1820 1817 1853 1817 1820 1772 1773 1821 1818 1854 1818 1821 1823 1820 1856 1820 1823 1775 1776 1824 1821 1857 1821 1824 1790 1823 1832 1823 1790 1778 1779 1791 1824 1833 1824 1791 1781 1835 1793 1835 1781 1826 1827 1782 1836 1794 1836 1782 1784 1859 1826 1859 1784 1829 1830 1785 1860 1827 1860 1785 1787 1862 1829 1862 1787 1832 1833 1788 1863 1830 1863 1788 1865 1796 1835 1796 1865 1838 1839 1866 1797 1836 1797 1866 1868 1799 1838 1799 1868 1841 1842 1869 1800 1839 1800 1869 1844 1802 1841 1802 1844 1805 1806 1845 1803 1842 1803 1845 1847 1844 1871 1844 1847 1808 1809 1848 1845 1872 1845 1848 1850 1847 1874 1847 1850 1811 1812 1851 1848 1875 1848 1851 1853 1850 1874 1850 1853 1817 1818 1854 1851 1875 1851 1854 1856 1853 1877 1853 1856 1820 1821 1857 1854 1878 1854 1857 1832 1856 1862 1856 1832 1823 1824 1833 1857 1863 1857 1833 1826 1865 1835 1865 1826 1859 1860 1827 1866 1836 1866 1827 1829 1880 1859 1880 1829 1862 1863 1830 1881 1860 1881 1830 1883 1838 1865 1838 1883 1868 1869 1884 1839 1866 1839 1884 1871 1841 1868 1841 1871 1844 1845 1872 1842 1869 1842 1872 1874 1871 1886 1871 1874 1847 1848 1875 1872 1887 1872 1875 1877 1874 1886 1874 1877 1853 1854 1878 1875 1887 1875 1878 1862 1877 1880 1877 1862 1856 1857 1863 1878 1881 1878 1863 1859 1883 1865 1883 1859 1880 1881 1860 1884 1866 1884 1860 1886 1868 1883 1868 1886 1871 1872 1887 1869 1884 1869 1887 1880 1886 1883 1886 1880 1877 1878 1881 1887 1884 1887 1881</p>
                </triangles>
                <lines count="6" material="Material3">
                    <input offset="0" semantic="VERTEX" source="#ID129" />
                    <p>8 9 8 11 38 37 39 38 8 39 38 63</p>
                </lines>
                <lines count="1183" material="Material4">
                    <input offset="0" semantic="VERTEX" source="#ID129" />
                    <p>9 10 11 10 9 32 33 32 34 33 35 34 36 35 37 36 48 10 48 32 63 64 64 65 66 65 67 66 11 67 78 33 78 79 79 80 32 80 33 87 80 88 87 88 36 109 32 110 111 110 112 111 113 112 109 113 34 118 118 87 123 34 123 78 128 35 128 123 35 133 133 118 140 141 140 36 141 133 144 140 144 128 153 36 153 154 37 154 63 154 63 169 169 170 65 170 179 170 66 179 190 179 11 190 111 78 110 197 197 79 79 202 202 203 80 203 203 206 88 206 87 211 88 212 211 212 110 112 219 111 219 220 220 197 112 123 227 112 227 219 113 128 234 113 234 227 109 112 239 144 239 109 242 239 242 234 118 245 245 211 133 248 248 245 253 254 253 140 254 141 141 257 257 248 260 253 260 144 190 169 197 271 271 202 202 276 276 277 203 277 277 280 206 280 206 283 212 283 211 288 212 289 288 289 294 219 294 295 295 220 220 298 298 271 301 227 301 294 304 234 304 301 307 260 307 239 310 307 310 242 313 242 313 304 245 316 316 288 248 319 319 316 324 325 324 253 325 254 254 328 328 257 257 331 331 319 334 324 334 260 271 337 337 276 276 342 342 343 277 343 343 346 280 346 280 349 283 349 283 352 289 352 288 357 289 358 357 358 363 294 363 364 364 295 295 367 367 298 298 370 370 337 373 301 373 363 376 304 376 373 379 334 379 307 382 379 382 310 385 310 385 313 388 313 388 376 316 391 391 357 319 394 394 391 399 400 399 324 400 325 325 403 403 328 328 406 406 331 331 409 409 394 412 399 412 334 337 415 415 342 342 420 420 421 343 421 421 424 346 424 346 427 349 427 349 430 352 430 352 433 358 433 357 438 358 439 438 439 444 363 444 445 445 364 364 448 448 367 367 451 451 370 370 454 454 415 457 373 457 444 460 376 460 457 463 412 463 379 466 463 466 382 469 382 469 385 472 385 472 388 475 388 475 460 391 478 478 438 394 481 481 478 486 487 486 399 487 400 400 490 490 403 403 493 493 406 406 496 496 409 409 499 499 481 502 486 502 412 415 505 505 420 420 510 510 511 421 511 511 514 424 514 424 517 427 517 427 520 430 520 430 523 433 523 433 526 439 526 438 531 439 532 531 532 537 444 537 538 538 445 445 541 541 448 448 544 544 451 451 547 547 454 454 550 550 505 553 457 553 537 556 460 556 553 559 502 559 463 562 559 562 466 565 466 565 469 568 469 568 472 571 472 571 475 574 475 574 556 478 577 577 531 481 580 580 577 585 586 585 486 586 487 487 589 589 490 490 592 592 493 493 595 595 496 496 598 598 499 499 601 601 580 604 585 604 502 505 607 607 510 510 612 612 613 511 613 613 616 514 616 514 619 517 619 517 622 520 622 520 625 523 625 523 628 526 628 526 631 532 631 531 636 532 637 636 637 642 537 642 643 643 538 538 646 646 541 541 649 649 544 544 652 652 547 547 655 655 550 550 658 658 607 661 553 661 642 664 556 664 661 667 604 667 559 670 667 670 562 673 562 673 565 676 565 676 568 679 568 679 571 682 571 682 574 685 574 685 664 577 688 688 636 580 691 691 688 696 697 696 585 697 586 586 700 700 589 589 703 703 592 592 706 706 595 595 709 709 598 598 712 712 601 601 715 715 691 718 696 718 604 607 721 721 612 612 726 726 727 613 727 727 730 616 730 616 733 619 733 619 736 622 736 622 739 625 739 625 742 628 742 628 745 631 745 631 748 637 748 636 753 637 754 753 754 759 642 759 760 760 643 643 763 763 646 646 766 766 649 649 769 769 652 652 772 772 655 655 775 775 658 658 778 778 721 781 661 781 759 784 664 784 781 787 718 787 667 790 787 790 670 793 670 793 673 796 673 796 676 799 676 799 679 802 679 802 682 805 682 805 685 808 685 808 784 688 811 811 753 691 814 814 811 819 820 819 696 820 697 697 823 823 700 700 826 826 703 703 829 829 706 706 832 832 709 709 835 835 712 712 838 838 715 715 841 841 814 844 819 844 718 721 847 847 726 726 852 852 853 727 853 853 856 730 856 730 859 733 859 733 862 736 862 736 865 739 865 739 868 742 868 742 871 745 871 745 874 748 874 748 877 754 877 753 882 754 883 882 883 888 759 888 889 889 760 760 892 892 763 763 895 895 766 766 898 898 769 769 901 901 772 772 904 904 775 775 907 907 778 778 910 910 847 913 781 913 888 916 784 916 913 919 844 919 787 922 919 922 790 925 790 925 793 928 793 928 796 931 796 931 799 934 799 934 802 937 802 937 805 940 805 940 808 943 808 943 916 811 946 946 882 814 949 949 946 954 955 954 819 955 820 820 958 958 823 823 961 961 826 826 964 964 829 829 967 967 832 832 970 970 835 835 973 973 838 838 976 976 841 841 979 979 949 982 954 982 844 847 985 985 852 852 990 990 991 853 991 991 994 856 994 856 997 859 997 859 1000 862 1000 862 1003 865 1003 865 1006 868 1006 868 1009 871 1009 871 1012 874 1012 874 1015 877 1015 877 1018 883 1018 882 1023 883 1024 1024 1023 1029 888 1029 1030 1030 889 889 1033 1033 892 892 1036 1036 895 895 1039 1039 898 898 1042 1042 901 901 1045 1045 904 904 1048 1048 907 907 1051 1051 910 910 1054 1054 985 1057 913 1057 1029 1060 916 1060 1057 1063 982 1063 919 1066 1063 1066 922 1069 922 1069 925 1072 925 1072 928 1075 928 1075 931 1078 931 1078 934 1081 934 1081 937 1084 937 1084 940 1087 940 1087 943 1090 943 1090 1060 946 1093 1023 1093 949 1096 1093 1096 1101 1102 1101 954 1102 955 955 1105 1105 958 958 1108 1108 961 961 1111 1111 964 964 1114 1114 967 967 1117 1117 970 970 1120 1120 973 973 1123 1123 976 976 1126 1126 979 979 1129 1096 1129 1132 1101 1132 982 985 1135 1135 990 990 1140 1141 1140 991 1141 1144 1141 994 1144 994 1147 997 1147 997 1150 1000 1150 1000 1153 1003 1153 1003 1156 1006 1156 1006 1159 1009 1159 1009 1162 1012 1162 1012 1165 1015 1165 1015 1168 1018 1168 1018 1171 1171 1024 1023 1176 1024 1177 1176 1177 1182 1029 1182 1183 1183 1030 1030 1186 1186 1033 1033 1189 1189 1036 1036 1192 1192 1039 1039 1195 1195 1042 1042 1198 1198 1045 1045 1201 1201 1048 1048 1204 1204 1051 1051 1207 1207 1054 1054 1210 1210 1135 1213 1057 1213 1182 1216 1060 1216 1213 1219 1132 1219 1063 1222 1219 1222 1066 1225 1066 1225 1069 1228 1069 1228 1072 1231 1072 1231 1075 1234 1075 1234 1078 1237 1078 1237 1081 1240 1081 1240 1084 1243 1084 1243 1087 1246 1087 1246 1090 1249 1090 1249 1216 1093 1252 1252 1176 1096 1255 1255 1252 1141 1101 1144 1102 1102 1258 1258 1105 1105 1261 1261 1108 1108 1264 1264 1111 1111 1267 1267 1114 1114 1270 1270 1117 1117 1273 1273 1120 1120 1276 1276 1123 1123 1279 1279 1126 1126 1282 1129 1282 1129 1285 1285 1255 1140 1132 1135 1288 1140 1288 1291 1144 1147 1291 1147 1294 1150 1294 1150 1297 1153 1297 1153 1300 1156 1300 1156 1303 1159 1303 1159 1306 1162 1306 1162 1309 1165 1309 1165 1312 1168 1312 1168 1315 1315 1171 1171 1318 1177 1318 1176 1182 1177 1183 1183 1321 1321 1186 1186 1324 1324 1189 1189 1327 1327 1192 1192 1330 1330 1195 1195 1333 1333 1198 1198 1336 1336 1201 1201 1339 1339 1204 1204 1342 1342 1207 1207 1345 1345 1210 1210 1348 1288 1348 1252 1213 1255 1216 1288 1219 1348 1222 1351 1222 1351 1225 1354 1225 1354 1228 1357 1228 1357 1231 1360 1231 1360 1234 1363 1234 1363 1237 1366 1237 1366 1240 1369 1240 1369 1243 1372 1243 1372 1246 1375 1246 1375 1249 1285 1249 1291 1258 1258 1378 1378 1261 1261 1381 1381 1264 1264 1384 1384 1267 1267 1387 1387 1270 1270 1390 1390 1273 1273 1393 1393 1276 1276 1396 1396 1279 1279 1399 1282 1399 1282 1402 1402 1285 1405 1291 1294 1405 1294 1408 1297 1408 1297 1411 1300 1411 1300 1414 1303 1414 1303 1417 1306 1417 1306 1420 1309 1420 1309 1423 1312 1423 1312 1426 1426 1315 1315 1429 1318 1429 1318 1321 1321 1432 1432 1324 1324 1435 1435 1327 1327 1438 1438 1330 1330 1441 1441 1333 1333 1444 1444 1336 1336 1447 1447 1339 1339 1450 1450 1342 1342 1453 1453 1345 1345 1456 1348 1456 1456 1351 1459 1351 1459 1354 1462 1354 1462 1357 1465 1357 1465 1360 1468 1360 1468 1363 1471 1363 1471 1366 1474 1366 1474 1369 1477 1369 1477 1372 1480 1372 1480 1375 1402 1375 1405 1378 1378 1483 1483 1381 1381 1486 1486 1384 1384 1489 1489 1387 1387 1492 1492 1390 1390 1495 1495 1393 1393 1498 1498 1396 1396 1501 1399 1501 1399 1504 1504 1402 1507 1405 1408 1507 1408 1510 1411 1510 1411 1513 1414 1513 1414 1516 1417 1516 1417 1519 1420 1519 1420 1522 1423 1522 1423 1525 1525 1426 1426 1528 1429 1528 1429 1432 1432 1531 1531 1435 1435 1534 1534 1438 1438 1537 1537 1441 1441 1540 1540 1444 1444 1543 1543 1447 1447 1546 1546 1450 1450 1549 1549 1453 1453 1552 1456 1552 1552 1459 1555 1459 1555 1462 1558 1462 1558 1465 1561 1465 1561 1468 1564 1468 1564 1471 1567 1471 1567 1474 1570 1474 1570 1477 1573 1477 1573 1480 1504 1480 1507 1483 1483 1576 1576 1486 1486 1579 1579 1489 1489 1582 1582 1492 1492 1585 1585 1495 1495 1588 1588 1498 1498 1591 1501 1591 1501 1594 1594 1504 1597 1507 1510 1597 1510 1600 1513 1600 1513 1603 1516 1603 1516 1606 1519 1606 1519 1609 1522 1609 1522 1612 1612 1525 1525 1615 1528 1615 1528 1531 1531 1618 1618 1534 1534 1621 1621 1537 1537 1624 1624 1540 1540 1627 1627 1543 1543 1630 1630 1546 1546 1633 1633 1549 1549 1636 1552 1636 1636 1555 1639 1555 1639 1558 1642 1558 1642 1561 1645 1561 1645 1564 1648 1564 1648 1567 1651 1567 1651 1570 1654 1570 1654 1573 1594 1573 1597 1576 1576 1657 1657 1579 1579 1660 1660 1582 1582 1663 1663 1585 1585 1666 1666 1588 1588 1669 1591 1669 1591 1672 1672 1594 1675 1597 1600 1675 1600 1678 1603 1678 1603 1681 1606 1681 1606 1684 1609 1684 1609 1687 1687 1612 1612 1690 1615 1690 1615 1618 1618 1693 1693 1621 1621 1696 1696 1624 1624 1699 1699 1627 1627 1702 1702 1630 1630 1705 1705 1633 1633 1708 1636 1708 1708 1639 1711 1639 1711 1642 1714 1642 1714 1645 1717 1645 1717 1648 1720 1648 1720 1651 1723 1651 1723 1654 1672 1654 1675 1657 1657 1726 1726 1660 1660 1729 1729 1663 1663 1732 1732 1666 1666 1735 1669 1735 1669 1738 1738 1672 1741 1675 1678 1741 1678 1744 1681 1744 1681 1747 1684 1747 1684 1750 1750 1687 1687 1753 1690 1753 1690 1693 1693 1756 1756 1696 1696 1759 1759 1699 1699 1762 1762 1702 1702 1765 1765 1705 1705 1768 1708 1768 1768 1711 1771 1711 1771 1714 1774 1714 1774 1717 1777 1717 1777 1720 1780 1720 1780 1723 1738 1723 1741 1726 1726 1783 1783 1729 1729 1786 1786 1732 1732 1789 1735 1789 1735 1792 1792 1738 1795 1741 1744 1795 1744 1798 1747 1798 1747 1801 1801 1750 1750 1804 1753 1804 1753 1756 1756 1807 1807 1759 1759 1810 1810 1762 1762 1813 1813 1765 1765 1816 1768 1816 1816 1771 1819 1771 1819 1774 1822 1774 1822 1777 1825 1777 1825 1780 1792 1780 1795 1783 1783 1828 1828 1786 1786 1831 1789 1831 1789 1834 1834 1792 1837 1795 1798 1837 1798 1840 1840 1801 1801 1843 1804 1843 1804 1807 1807 1846 1846 1810 1810 1849 1849 1813 1813 1852 1816 1852 1852 1819 1855 1819 1855 1822 1858 1822 1858 1825 1834 1825 1837 1828 1828 1861 1831 1861 1831 1864 1864 1834 1867 1837 1867 1840 1840 1870 1843 1870 1843 1846 1846 1873 1873 1849 1849 1876 1852 1876 1876 1855 1879 1855 1879 1858 1864 1858 1861 1867 1861 1882 1882 1864 1885 1867 1870 1885 1870 1873 1873 1888 1876 1888 1888 1879 1882 1879 1885 1882 1888 1885</p>
                </lines>
            </mesh>
        </geometry>
        <geometry id="ID133">
            <mesh>
                <source id="ID134">
                    <float_array id="ID138" count="282">17.52172 40.41469 119.25 17.97128 39.32937 119.25 17.97077 39.3383 118.2841 17.97077 39.3383 118.2841 17.97128 39.32937 119.25 17.52172 40.41469 119.25 17.52172 40.41469 119.25 17.97077 39.3383 118.2841 17.97128 39.32937 119.25 17.07036 41.51601 118.3842 17.07036 41.51601 118.3842 17.07036 41.51601 118.3842 18.27794 37 119.25 18.27794 37 118.25 18.27794 37 119.25 18.27794 37 118.25 18.27794 37 119.25 18.27794 37 118.25 17.07217 41.5 119.25 17.07217 41.5 119.25 17.07217 41.5 119.25 18.27794 37 118.25 17.97128 34.67063 119.25 17.97077 34.6617 118.2841 18.27794 37 119.25 18.27794 37 119.25 18.27794 37 118.25 17.97128 34.67063 119.25 17.97077 34.6617 118.2841 17.97128 34.67063 119.25 17.97077 34.6617 118.2841 16.35704 42.43198 119.25 16.35704 42.43198 119.25 16.35704 42.43198 119.25 17.52172 33.58531 119.25 17.52172 33.58531 119.25 17.52172 33.58531 119.25 15.63855 43.38357 118.5433 15.63855 43.38357 118.5433 15.63855 43.38357 118.5433 17.07036 32.48399 118.3842 17.07036 32.48399 118.3842 17.07036 32.48399 118.3842 15.6419 43.36396 119.25 15.6419 43.36396 119.25 15.6419 43.36396 119.25 17.07217 32.5 119.25 17.07217 32.5 119.25 17.07217 32.5 119.25 14.70992 44.07909 119.25 14.70992 44.07909 119.25 14.70992 44.07909 119.25 16.35704 31.56802 119.25 16.35704 31.56802 119.25 16.35704 31.56802 119.25 13.77366 44.81272 118.7505 13.77366 44.81272 118.7505 13.77366 44.81272 118.7505 15.63855 30.61643 118.5433 15.63855 30.61643 118.5433 15.63855 30.61643 118.5433 13.77794 44.79423 119.25 13.77794 44.79423 119.25 13.77794 44.79423 119.25 15.6419 30.63604 119.25 15.6419 30.63604 119.25 15.6419 30.63604 119.25 12.69263 45.24378 119.25 12.69263 45.24378 119.25 12.69263 45.24378 119.25 14.70992 29.92091 119.25 14.70992 29.92091 119.25 14.70992 29.92091 119.25 12.68872 45.259 118.871 12.68872 45.259 118.871 12.68872 45.259 118.871 13.77366 29.18728 118.7505 13.77366 29.18728 118.7505 13.77366 29.18728 118.7505 11.60731 45.69333 119.25 11.60731 45.69333 119.25 11.60731 45.69333 119.25 13.77794 29.20577 119.25 13.77794 29.20577 119.25 13.77794 29.20577 119.25 12.69263 28.75622 119.25 12.69263 28.75622 119.25 12.69263 28.75622 119.25 12.68872 28.741 118.871 12.68872 28.741 118.871 12.68872 28.741 118.871 11.60731 28.30667 119.25 11.60731 28.30667 119.25 11.60731 28.30667 119.25</float_array>
                    <technique_common>
                        <accessor count="94" source="#ID138" stride="3">
                            <param name="X" type="float" />
                            <param name="Y" type="float" />
                            <param name="Z" type="float" />
                        </accessor>
                    </technique_common>
                </source>
                <source id="ID135">
                    <float_array id="ID139" count="282">0.9240512 0.3822473 0.00404263 0.966138 0.2580204 0.001702813 0.966411 0.2569943 0.001898822 -0.966411 -0.2569943 -0.001898822 -0.966138 -0.2580204 -0.001702813 -0.9240512 -0.3822473 -0.00404263 0 0 0 0 0 0 0 0 0 0.8677994 0.4968591 0.007430173 -0.8677994 -0.4968591 -0.007430173 0 0 0 0.9914637 0.1303828 0.0003332973 0.9914637 0.1303828 0.0003332973 -0.9914637 -0.1303828 -0.0003332973 -0.9914637 -0.1303828 -0.0003332973 0 0 0 0 0 0 0.8667102 0.4987569 0.007413115 -0.8667102 -0.4987569 -0.007413115 0 0 0 0.9914637 -0.1303828 0.0003332973 0.966138 -0.2580204 0.001702813 0.966411 -0.2569943 0.001898822 0.9914637 -0.1303828 0.0003332973 -0.9914637 0.1303828 -0.0003332973 -0.9914637 0.1303828 -0.0003332973 -0.966138 0.2580204 -0.001702813 -0.966411 0.2569943 -0.001898822 0 0 0 0 0 0 0.7937465 0.608146 0.0111759 -0.7937465 -0.608146 -0.0111759 0 0 0 0.9240512 -0.3822473 0.00404263 -0.9240512 0.3822473 -0.00404263 0 0 0 0.7105826 0.7034302 0.01607423 -0.7105826 -0.7034302 -0.01607423 0 0 0 0.8677994 -0.4968591 0.007430173 -0.8677994 0.4968591 -0.007430173 0 0 0 0.708365 0.70566 0.01621533 -0.708365 -0.70566 -0.01621533 0 0 0 0.8667102 -0.4987569 0.007413115 -0.8667102 0.4987569 -0.007413115 0 0 0 0.6093167 0.7926439 0.02118531 -0.6093167 -0.7926439 -0.02118531 0 0 0 0.7937465 -0.608146 0.0111759 -0.7937465 0.608146 -0.0111759 0 0 0 0.5051424 0.8626024 0.02735345 -0.5051424 -0.8626024 -0.02735345 0 0 0 0.7105826 -0.7034302 0.01607423 -0.7105826 0.7034302 -0.01607423 0 0 0 0.5016774 0.8646113 0.02769745 -0.5016774 -0.8646113 -0.02769745 0 0 0 0.708365 -0.70566 0.01621533 -0.708365 0.70566 -0.01621533 0 0 0 0.382812 0.9232421 0.03284894 -0.382812 -0.9232421 -0.03284894 0 0 0 0.6093167 -0.7926439 0.02118531 -0.6093167 0.7926439 -0.02118531 0 0 0 0.3829711 0.9231659 0.0331354 -0.3829711 -0.9231659 -0.0331354 0 0 0 0.5051424 -0.8626024 0.02735345 -0.5051424 0.8626024 -0.02735345 0 0 0 0.3824731 0.9233718 0.0331488 -0.3824731 -0.9233718 -0.0331488 0 0 0 0.5016774 -0.8646113 0.02769745 -0.5016774 0.8646113 -0.02769745 0 0 0 0.382812 -0.9232421 0.03284894 -0.382812 0.9232421 -0.03284894 0 0 0 0.3829711 -0.9231659 0.0331354 -0.3829711 0.9231659 -0.0331354 0 0 0 0.3824731 -0.9233718 0.0331488 -0.3824731 0.9233718 -0.0331488 0 0 0</float_array>
                    <technique_common>
                        <accessor count="94" source="#ID139" stride="3">
                            <param name="X" type="float" />
                            <param name="Y" type="float" />
                            <param name="Z" type="float" />
                        </accessor>
                    </technique_common>
                </source>
                <source id="ID136">
                    <Name_array id="ID140" count="0" />
                    <technique_common>
                        <accessor count="0" source="#ID140" stride="1">
                            <param name="skp_material" type="Name" />
                        </accessor>
                    </technique_common>
                </source>
                <vertices id="ID137">
                    <input semantic="POSITION" source="#ID134" />
                    <input semantic="NORMAL" source="#ID135" />
                </vertices>
                <triangles count="56" material="Material2">
                    <input offset="0" semantic="VERTEX" source="#ID137" />
                    <p>0 1 2 3 4 5 9 0 2 3 5 10 2 12 13 12 2 1 4 3 14 15 14 3 9 18 0 5 19 10 21 22 23 22 21 24 25 26 27 28 27 26 31 18 9 10 19 32 22 34 23 28 35 27 37 31 9 10 32 38 23 34 40 41 35 28 37 43 31 32 44 38 34 46 40 41 47 35 43 37 49 50 38 44 46 52 40 41 53 47 49 37 55 56 38 50 40 52 58 59 53 41 49 55 61 62 56 50 52 64 58 59 65 53 61 55 67 68 56 62 70 58 64 65 59 71 67 55 73 74 56 68 70 76 58 59 77 71 67 73 79 80 74 68 82 76 70 71 77 83 85 76 82 83 77 86 85 88 76 77 89 86 91 88 85 86 89 92</p>
                </triangles>
                <lines count="55" material="Material3">
                    <input offset="0" semantic="VERTEX" source="#ID137" />
                    <p>6 7 8 6 7 8 7 11 11 6 16 17 17 7 16 8 20 11 6 20 16 29 30 29 30 17 33 11 20 33 36 30 36 29 11 39 39 33 42 36 42 30 39 45 33 45 48 36 48 42 51 39 45 51 54 42 54 48 39 57 57 51 54 60 60 42 57 63 51 63 66 54 66 60 57 69 63 69 60 72 72 66 57 75 69 75 78 72 78 60 81 75 69 81 84 72 84 78 78 87 87 84 90 78 87 90 93 90 93 87</p>
                </lines>
            </mesh>
        </geometry>
        <geometry id="ID141">
            <mesh>
                <source id="ID142">
                    <float_array id="ID146" count="2367">87.82355 29.31186 120.9647 87.55873 28.35666 121.362 87.56729 28.29946 121.1076 87.80622 29.33442 121.224 87.80622 29.33442 121.224 87.82355 29.31186 120.9647 87.55873 28.35666 121.362 87.56729 28.29946 121.1076 87.55873 28.35666 121.362 87.56729 28.29946 121.1076 87.82355 29.31186 120.9647 87.80622 29.33442 121.224 87.18585 27.56145 121.5699 87.18329 27.48056 121.3217 87.18585 27.56145 121.5699 87.18329 27.48056 121.3217 87.18585 27.56145 121.5699 87.18329 27.48056 121.3217 87.79688 29.30212 120.7078 87.53683 28.27476 120.8528 87.79688 29.30212 120.7078 87.53683 28.27476 120.8528 87.53683 28.27476 120.8528 87.79688 29.30212 120.7078 87.82355 29.67038 120.9647 87.82355 29.31186 120.9647 87.80622 29.67038 121.224 87.80622 29.67038 121.224 87.82355 29.67038 120.9647 87.82355 29.31186 120.9647 87.82355 29.67038 120.9647 87.80622 29.67038 121.224 87.51174 28.44247 121.5987 87.74608 29.36827 121.468 87.74608 29.36827 121.468 87.51174 28.44247 121.5987 87.51174 28.44247 121.5987 87.74608 29.36827 121.468 86.6999 26.95127 121.8409 86.68287 26.85219 121.6007 86.6999 26.95127 121.8409 86.68287 26.85219 121.6007 86.6999 26.95127 121.8409 86.68287 26.85219 121.6007 87.14804 27.44563 121.0696 87.14804 27.44563 121.0696 87.14804 27.44563 121.0696 87.15552 27.6828 121.7973 87.15552 27.6828 121.7973 87.15552 27.6828 121.7973 87.46944 28.28426 120.615 87.72803 29.30587 120.4708 87.72803 29.30587 120.4708 87.46944 28.28426 120.615 87.46944 28.28426 120.615 87.72803 29.30587 120.4708 87.79688 29.67038 120.7078 87.79688 29.30212 120.7078 87.79688 29.67038 120.7078 87.79688 29.30212 120.7078 87.79688 29.67038 120.7078 87.74608 29.67038 121.468 87.74608 29.67038 121.468 87.74608 29.67038 121.468 87.42952 28.55104 121.8015 87.64722 29.41109 121.6801 87.64722 29.41109 121.6801 87.42952 28.55104 121.8015 87.42952 28.55104 121.8015 87.64722 29.41109 121.6801 86.15855 26.4968 121.8931 86.18543 26.60255 122.1278 86.18543 26.60255 122.1278 86.15855 26.4968 121.8931 86.18543 26.60255 122.1278 86.15855 26.4968 121.8931 86.64137 26.80942 121.3521 86.64137 26.80942 121.3521 86.64137 26.80942 121.3521 86.69129 27.09989 122.0562 86.69129 27.09989 122.0562 86.69129 27.09989 122.0562 87.0825 27.45906 120.8308 87.0825 27.45906 120.8308 87.0825 27.45906 120.8308 87.09439 27.83635 121.9884 87.09439 27.83635 121.9884 87.09439 27.83635 121.9884 87.3697 28.3273 120.4104 87.6217 29.32284 120.2699 87.6217 29.32284 120.2699 87.3697 28.3273 120.4104 87.3697 28.3273 120.4104 87.6217 29.32284 120.2699 87.72803 29.30587 120.4708 87.72803 29.67038 120.4708 87.73046 29.67038 120.4792 87.73046 29.67038 120.4792 87.72803 29.67038 120.4708 87.72803 29.30587 120.4708 87.72803 29.67038 120.4708 87.73046 29.67038 120.4792 87.64722 29.67038 121.6801 87.64722 29.67038 121.6801 87.64722 29.67038 121.6801 87.31767 28.67497 121.9567 87.51637 29.45997 121.8459 87.51637 29.45997 121.8459 87.31767 28.67497 121.9567 87.31767 28.67497 121.9567 87.51637 29.45997 121.8459 85.48145 26.09449 122.2707 85.51114 26.20191 122.5038 85.51114 26.20191 122.5038 85.48145 26.09449 122.2707 85.51114 26.20191 122.5038 85.48145 26.09449 122.2707 86.1128 26.45114 121.6469 86.1128 26.45114 121.6469 86.1128 26.45114 121.6469 86.19161 26.7612 122.3348 86.19161 26.7612 122.3348 86.19161 26.7612 122.3348 86.57822 26.82587 121.112 86.57822 26.82587 121.112 86.57822 26.82587 121.112 86.65764 27.28794 122.232 86.65764 27.28794 122.232 86.65764 27.28794 122.232 86.99112 27.51993 120.6215 86.99112 27.51993 120.6215 86.99112 27.51993 120.6215 87.00662 28.01161 122.1302 87.00662 28.01161 122.1302 87.00662 28.01161 122.1302 87.24441 28.40094 120.253 87.48512 29.35189 120.1187 87.48512 29.35189 120.1187 87.24441 28.40094 120.253 87.24441 28.40094 120.253 87.48512 29.35189 120.1187 87.6217 29.67038 120.2699 87.62774 29.67038 120.2813 87.6978 29.67038 120.4137 87.6978 29.67038 120.4137 87.62774 29.67038 120.2813 87.6217 29.67038 120.2699 87.6217 29.67038 120.2699 87.62774 29.67038 120.2813 87.6978 29.67038 120.4137 87.51637 29.67038 121.8459 87.51637 29.67038 121.8459 87.51637 29.67038 121.8459 87.36247 29.51158 121.9541 87.18382 28.80582 122.0537 87.36247 29.51158 121.9541 87.18382 28.80582 122.0537 87.18382 28.80582 122.0537 87.36247 29.51158 121.9541 38.24747 1.636764 148.6098 38.27645 1.743819 148.8432 38.27645 1.743819 148.8432 38.24747 1.636764 148.6098 38.27645 1.743819 148.8432 38.24747 1.636764 148.6098 85.43448 26.04811 122.0251 85.43448 26.04811 122.0251 85.43448 26.04811 122.0251 85.52154 26.36306 122.7085 85.52154 26.36306 122.7085 85.52154 26.36306 122.7085 86.05129 26.4687 121.4058 86.05129 26.4687 121.4058 86.05129 26.4687 121.4058 86.17666 26.96192 122.5002 86.17666 26.96192 122.5002 86.17666 26.96192 122.5002 86.49774 26.90041 120.8966 86.49774 26.90041 120.8966 86.49774 26.90041 120.8966 86.60124 27.5026 122.3562 86.60124 27.5026 122.3562 86.60124 27.5026 122.3562 86.88013 27.62408 120.4561 86.88013 27.62408 120.4561 86.88013 27.62408 120.4561 86.89818 28.19666 122.213 86.89818 28.19666 122.213 86.89818 28.19666 122.213 87.32761 29.39103 120.0276 87.10211 28.50018 120.1534 87.32761 29.39103 120.0276 87.10211 28.50018 120.1534 87.10211 28.50018 120.1534 87.32761 29.39103 120.0276 87.48512 29.67038 120.1187 87.49341 29.67038 120.1279 87.56362 29.67038 120.2056 87.56362 29.67038 120.2056 87.49341 29.67038 120.1279 87.48512 29.67038 120.1187 87.48512 29.67038 120.1187 87.49341 29.67038 120.1279 87.56362 29.67038 120.2056 87.36247 29.67038 121.9541 87.36247 29.67038 121.9541 87.36247 29.67038 121.9541 87.19599 29.5624 121.9972 87.03709 28.93467 122.0858 87.19599 29.5624 121.9972 87.03709 28.93467 122.0858 87.03709 28.93467 122.0858 87.19599 29.5624 121.9972 37.22367 1.192826 149.0879 37.24197 1.295248 149.3263 37.24197 1.295248 149.3263 37.22367 1.192826 149.0879 37.24197 1.295248 149.3263 37.22367 1.192826 149.0879 38.20311 1.591739 148.3627 38.20311 1.591739 148.3627 38.20311 1.591739 148.3627 38.28808 1.905607 149.0473 38.28808 1.905607 149.0473 38.28808 1.905607 149.0473 85.37344 26.06595 121.7838 85.37344 26.06595 121.7838 85.37344 26.06595 121.7838 85.51192 26.56696 122.8708 85.51192 26.56696 122.8708 85.51192 26.56696 122.8708 85.97821 26.54827 121.1863 85.97821 26.54827 121.1863 85.97821 26.54827 121.1863 86.14161 27.19105 122.6125 86.14161 27.19105 122.6125 86.14161 27.19105 122.6125 86.40539 27.02797 120.7208 86.40539 27.02797 120.7208 86.40539 27.02797 120.7208 86.52593 27.72924 122.4206 86.52593 27.72924 122.4206 86.52593 27.72924 122.4206 86.75711 27.76442 120.3458 86.75711 27.76442 120.3458 86.75711 27.76442 120.3458 86.77648 28.37888 122.2311 86.77648 28.37888 122.2311 86.77648 28.37888 122.2311 87.1599 29.4376 120.0028 86.9525 28.61825 120.1184 87.1599 29.4376 120.0028 86.9525 28.61825 120.1184 86.9525 28.61825 120.1184 87.1599 29.4376 120.0028 87.33475 29.67038 120.0318 87.32761 29.67038 120.0276 87.41905 29.67038 120.0805 87.41905 29.67038 120.0805 87.33475 29.67038 120.0318 87.32761 29.67038 120.0276 87.32761 29.67038 120.0276 87.33475 29.67038 120.0318 87.41905 29.67038 120.0805 87.19599 29.67038 121.9972 87.19599 29.67038 121.9972 87.19599 29.67038 121.9972 87.02828 29.60897 121.9724 86.88748 29.05273 122.0509 87.02828 29.60897 121.9724 86.88748 29.05273 122.0509 86.88748 29.05273 122.0509 87.02828 29.60897 121.9724 36.14304 1.043893 149.2482 36.15218 1.145054 149.4881 36.15218 1.145054 149.4881 36.14304 1.043893 149.2482 36.15218 1.145054 149.4881 36.14304 1.043893 149.2482 37.19566 1.154892 148.8332 37.19566 1.154892 148.8332 37.19566 1.154892 148.8332 37.24931 1.455178 149.5323 37.24931 1.455178 149.5323 37.24931 1.455178 149.5323 38.14639 1.611812 148.119 38.14639 1.611812 148.119 38.14639 1.611812 148.119 38.28155 2.111104 149.2079 38.28155 2.111104 149.2079 38.28155 2.111104 149.2079 85.30248 26.14677 121.5631 85.30248 26.14677 121.5631 85.30248 26.14677 121.5631 85.48295 26.7997 122.9798 85.48295 26.7997 122.9798 85.48295 26.7997 122.9798 85.89856 26.68443 121.0034 85.89856 26.68443 121.0034 85.89856 26.68443 121.0034 86.08883 27.43296 122.6643 86.08883 27.43296 122.6643 86.08883 27.43296 122.6643 86.30749 27.19986 120.5965 86.30749 27.19986 120.5965 86.30749 27.19986 120.5965 86.43684 27.95241 122.4205 86.43684 27.95241 122.4205 86.43684 27.95241 122.4205 86.63043 27.93139 120.298 86.63043 27.93139 120.298 86.63043 27.93139 120.298 86.6498 28.54585 122.1834 86.6498 28.54585 122.1834 86.6498 28.54585 122.1834 86.99342 29.48842 120.0459 86.80577 28.7471 120.1506 86.99342 29.48842 120.0459 86.80577 28.7471 120.1506 86.80577 28.7471 120.1506 86.99342 29.48842 120.0459 87.27833 29.67038 120.0203 87.1599 29.67038 120.0028 87.27833 29.67038 120.0203 87.1599 29.67038 120.0028 87.1599 29.67038 120.0028 87.27833 29.67038 120.0203 87.02828 29.67038 121.9724 87.07756 29.67038 121.9797 87.07756 29.67038 121.9797 87.02828 29.67038 121.9724 87.07756 29.67038 121.9797 87.02828 29.67038 121.9724 86.87077 29.64811 121.8813 86.74518 29.15197 121.9513 86.87077 29.64811 121.8813 86.74518 29.15197 121.9513 86.74518 29.15197 121.9513 86.87077 29.64811 121.8813 36.12903 1.007888 148.9915 36.12903 1.007888 148.9915 36.12903 1.007888 148.9915 36.15585 1.304478 149.6946 36.15585 1.304478 149.6946 36.15585 1.304478 149.6946 37.15986 1.184031 148.5797 37.15986 1.184031 148.5797 37.15986 1.184031 148.5797 37.24519 1.661717 149.6919 37.24519 1.661717 149.6919 37.24519 1.661717 149.6919 38.08119 1.695615 147.8952 38.08119 1.695615 147.8952 38.08119 1.695615 147.8952 38.25733 2.346305 149.3143 38.25733 2.346305 149.3143 38.25733 2.346305 149.3143 85.22644 26.28508 121.3782 85.22644 26.28508 121.3782 85.22644 26.28508 121.3782 85.4366 27.04543 123.028 85.4366 27.04543 123.028 85.4366 27.04543 123.028 85.81775 26.8679 120.8696 85.81775 26.8679 120.8696 85.81775 26.8679 120.8696 86.02193 27.67118 122.6519 86.02193 27.67118 122.6519 86.02193 27.67118 122.6519 86.21069 27.40435 120.5321 86.21069 27.40435 120.5321 86.21069 27.40435 120.5321 86.34004 28.1569 122.3562 86.34004 28.1569 122.3562 86.34004 28.1569 122.3562 86.50872 28.11361 120.3162 86.50872 28.11361 120.3162 86.50872 28.11361 120.3162 86.52677 28.68619 122.0731 86.52677 28.68619 122.0731 86.52677 28.68619 122.0731 86.83951 29.54003 120.1541 86.67192 28.87794 120.2475 86.83951 29.54003 120.1541 86.67192 28.87794 120.2475 86.67192 28.87794 120.2475 86.83951 29.54003 120.1541 86.99342 29.67038 120.0459 86.99342 29.67038 120.0459 86.99342 29.67038 120.0459 86.87077 29.67038 121.8813 86.93683 29.67038 121.9195 87.02113 29.67038 121.9682 87.02113 29.67038 121.9682 86.93683 29.67038 121.9195 86.87077 29.67038 121.8813 87.02113 29.67038 121.9682 86.93683 29.67038 121.9195 86.87077 29.67038 121.8813 86.61989 29.22562 121.7939 86.73419 29.67716 121.7301 86.76607 29.67038 121.7654 86.76607 29.67038 121.7654 86.73419 29.67716 121.7301 86.61989 29.22562 121.7939 86.61989 29.22562 121.7939 86.76607 29.67038 121.7654 86.73419 29.67716 121.7301 36.11113 1.039495 148.7353 36.11113 1.039495 148.7353 36.11113 1.039495 148.7353 36.1538 1.511301 149.8539 36.1538 1.511301 149.8539 36.1538 1.511301 149.8539 37.11869 1.278257 148.3446 37.11869 1.278257 148.3446 37.11869 1.278257 148.3446 37.2299 1.900791 149.794 37.2299 1.900791 149.794 37.2299 1.900791 149.794 38.01193 1.837438 147.7065 38.01193 1.837438 147.7065 38.01193 1.837438 147.7065 38.21706 2.595182 149.359 38.21706 2.595182 149.359 38.21706 2.595182 149.359 85.15051 26.47145 121.2416 85.15051 26.47145 121.2416 85.15051 26.47145 121.2416 85.37604 27.28741 123.0121 85.37604 27.28741 123.0121 85.37604 27.28741 123.0121 85.74129 27.08618 120.7939 85.74129 27.08618 120.7939 85.74129 27.08618 120.7939 85.94548 27.88946 122.5762 85.94548 27.88946 122.5762 85.94548 27.88946 122.5762 86.1216 27.62752 120.5321 86.1216 27.62752 120.5321 86.1216 27.62752 120.5321 86.24214 28.32879 122.2318 86.24214 28.32879 122.2318 86.24214 28.32879 122.2318 86.40029 28.29866 120.399 86.40029 28.29866 120.399 86.40029 28.29866 120.399 86.41579 28.79035 121.9077 86.41579 28.79035 121.9077 86.41579 28.79035 121.9077 86.56008 29.00188 120.4027 86.70867 29.58891 120.3199 86.70867 29.58891 120.3199 86.56008 29.00188 120.4027 86.56008 29.00188 120.4027 86.70867 29.58891 120.3199 86.83951 29.67038 120.1541 86.83951 29.67038 120.1541 86.83951 29.67038 120.1541 86.86248 29.67038 121.8721 86.79227 29.67038 121.7944 86.79227 29.67038 121.7944 86.86248 29.67038 121.8721 86.86248 29.67038 121.8721 86.79227 29.67038 121.7944 86.52015 29.26866 121.5893 86.62785 29.69413 121.5292 86.62785 29.69413 121.5292 86.52015 29.26866 121.5893 86.52015 29.26866 121.5893 86.62785 29.69413 121.5292 36.09054 1.136559 148.4972 36.09054 1.136559 148.4972 36.09054 1.136559 148.4972 36.14615 1.751428 149.9549 36.14615 1.751428 149.9549 36.14615 1.751428 149.9549 37.07496 1.43115 148.144 37.07496 1.43115 148.144 37.07496 1.43115 148.144 37.20447 2.156105 149.8319 37.20447 2.156105 149.8319 37.20447 2.156105 149.8319 37.94335 2.027614 147.5658 37.94335 2.027614 147.5658 37.94335 2.027614 147.5658 38.16348 2.840774 149.3392 38.16348 2.840774 149.3392 38.16348 2.840774 149.3392 85.07985 26.69318 121.1627 85.07985 26.69318 121.1627 85.07985 26.69318 121.1627 85.30538 27.50913 122.9331 85.30538 27.50913 122.9331 85.30538 27.50913 122.9331 85.67439 27.3244 120.7815 85.67439 27.3244 120.7815 85.67439 27.3244 120.7815 85.86466 28.07293 122.4423 85.86466 28.07293 122.4423 85.86466 28.07293 122.4423 86.04629 27.85416 120.5964 86.04629 27.85416 120.5964 86.04629 27.85416 120.5964 86.1498 28.45635 122.056 86.1498 28.45635 122.056 86.1498 28.45635 122.056 86.31252 28.47393 120.5408 86.31252 28.47393 120.5408 86.31252 28.47393 120.5408 86.32441 28.85121 121.6984 86.32441 28.85121 121.6984 86.32441 28.85121 121.6984 86.47786 29.11045 120.6056 86.60981 29.63173 120.532 86.60981 29.63173 120.532 86.47786 29.11045 120.6056 86.47786 29.11045 120.6056 86.60981 29.63173 120.532 86.70867 29.67038 120.3199 86.70867 29.67038 120.3199 86.70867 29.67038 120.3199 86.45276 29.27815 121.3515 86.559 29.69788 121.2922 86.559 29.69788 121.2922 86.45276 29.27815 121.3515 86.45276 29.27815 121.3515 86.559 29.69788 121.2922 36.06868 1.292464 148.2934 36.06868 1.292464 148.2934 36.06868 1.292464 148.2934 36.13344 2.008495 149.9909 36.13344 2.008495 149.9909 36.13344 2.008495 149.9909 37.03166 1.632289 147.9915 37.03166 1.632289 147.9915 37.03166 1.632289 147.9915 37.17064 2.410262 149.8028 37.17064 2.410262 149.8028 37.17064 2.410262 149.8028 37.88012 2.253184 147.4827 37.88012 2.253184 147.4827 37.88012 2.253184 147.4827 38.10024 3.066344 149.2561 38.10024 3.066344 149.2561 38.10024 3.066344 149.2561 85.01928 26.93515 121.1468 85.01928 26.93515 121.1468 85.01928 26.93515 121.1468 85.22944 27.6955 122.7965 85.22944 27.6955 122.7965 85.22944 27.6955 122.7965 85.62162 27.56631 120.8332 85.62162 27.56631 120.8332 85.62162 27.56631 120.8332 85.78501 28.20909 122.2594 85.78501 28.20909 122.2594 85.78501 28.20909 122.2594 85.98989 28.06882 120.7207 85.98989 28.06882 120.7207 85.98989 28.06882 120.7207 86.06931 28.5309 121.8407 86.06931 28.5309 121.8407 86.06931 28.5309 121.8407 86.25138 28.62747 120.7319 86.25138 28.62747 120.7319 86.25138 28.62747 120.7319 86.25886 28.86464 121.4596 86.25886 28.86464 121.4596 86.25886 28.86464 121.4596 86.43087 29.19626 120.8423 86.54966 29.66558 120.776 86.54966 29.66558 120.776 86.43087 29.19626 120.8423 86.43087 29.19626 120.8423 86.54966 29.66558 120.776 86.60981 29.67038 120.532 86.60981 29.67038 120.532 86.60981 29.67038 120.532 86.53234 29.68814 121.0353 86.42231 29.25346 121.0967 86.53234 29.68814 121.0353 86.42231 29.25346 121.0967 86.42231 29.25346 121.0967 86.53234 29.68814 121.0353 36.0718 1.5 148.134 36.04703 1.496587 148.1376 36.0718 1.5 148.134 36.04703 1.496587 148.1376 36.04703 1.496587 148.1376 36.0718 1.5 148.134 36.11652 2.264983 149.9593 36.11652 2.264983 149.9593 36.11652 2.264983 149.9593 36.99174 1.867968 147.8975 36.99174 1.867968 147.8975 36.99174 1.867968 147.8975 37.13072 2.645941 149.7089 37.13072 2.645941 149.7089 37.13072 2.645941 149.7089 37.82653 2.498776 147.4629 37.82653 2.498776 147.4629 37.82653 2.498776 147.4629 38.03166 3.25652 149.1154 38.03166 3.25652 149.1154 38.03166 3.25652 149.1154 84.97293 27.18088 121.1949 84.97293 27.18088 121.1949 84.97293 27.18088 121.1949 85.1534 27.83381 122.6116 85.1534 27.83381 122.6116 85.1534 27.83381 122.6116 85.58656 27.79544 120.9456 85.58656 27.79544 120.9456 85.58656 27.79544 120.9456 85.71194 28.28866 122.04 85.71194 28.28866 122.04 85.71194 28.28866 122.04 85.95624 28.25687 120.8965 85.95624 28.25687 120.8965 85.95624 28.25687 120.8965 86.00617 28.54734 121.6005 86.00617 28.54734 121.6005 86.00617 28.54734 121.6005 86.22106 28.74882 120.9593 86.22106 28.74882 120.9593 86.22106 28.74882 120.9593 86.22361 28.82972 121.2075 86.22361 28.82972 121.2075 86.22361 28.82972 121.2075 86.54966 29.67038 120.776 86.54966 29.67038 120.776 86.54966 29.67038 120.776 36.0718 1.741181 148.0341 36.02707 1.735017 148.0407 36.0718 1.741181 148.0341 36.02707 1.735017 148.0407 36.02707 1.735017 148.0407 36.0718 1.741181 148.0341 36.09656 2.503413 149.8624 36.09656 2.503413 149.8624 36.09656 2.503413 149.8624 36.95791 2.122124 147.8685 36.95791 2.122124 147.8685 36.95791 2.122124 147.8685 37.08742 2.84708 149.5564 37.08742 2.84708 149.5564 37.08742 2.84708 149.5564 37.78626 2.747653 147.5076 37.78626 2.747653 147.5076 37.78626 2.747653 147.5076 37.9624 3.398343 148.9267 37.9624 3.398343 148.9267 37.9624 3.398343 148.9267 84.94397 27.41363 121.3039 84.94397 27.41363 121.3039 84.94397 27.41363 121.3039 85.08244 27.91464 122.391 85.08244 27.91464 122.391 85.08244 27.91464 122.391 85.57161 27.99616 121.1109 85.57161 27.99616 121.1109 85.57161 27.99616 121.1109 85.65043 28.30621 121.7989 85.65043 28.30621 121.7989 85.65043 28.30621 121.7989 85.94764 28.40549 121.1118 85.94764 28.40549 121.1118 85.94764 28.40549 121.1118 85.96466 28.50457 121.3519 85.96466 28.50457 121.3519 85.96466 28.50457 121.3519 36.0718 2 148 36.01016 1.991505 148.0091 36.0718 2 148 36.01016 1.991505 148.0091 36.01016 1.991505 148.0091 36.0718 2 148 36.07491 2.707536 149.7066 36.07491 2.707536 149.7066 36.07491 2.707536 149.7066 36.93248 2.377439 147.9063 36.93248 2.377439 147.9063 36.93248 2.377439 147.9063 37.04369 2.999972 149.3557 37.04369 2.999972 149.3557 37.04369 2.999972 149.3557 37.76204 2.982854 147.614 37.76204 2.982854 147.614 37.76204 2.982854 147.614 37.8972 3.482146 148.7029 37.8972 3.482146 148.7029 37.8972 3.482146 148.7029 84.93435 27.61752 121.4663 84.93435 27.61752 121.4663 84.93435 27.61752 121.4663 85.0214 27.93247 122.1496 85.0214 27.93247 122.1496 85.0214 27.93247 122.1496 85.57779 28.15481 121.318 85.57779 28.15481 121.318 85.57779 28.15481 121.318 85.60467 28.26056 121.5526 85.60467 28.26056 121.5526 85.60467 28.26056 121.5526 36.0718 2.258819 148.0341 35.99744 2.248572 148.0451 36.0718 2.258819 148.0341 35.99744 2.248572 148.0451 35.99744 2.248572 148.0451 36.0718 2.258819 148.0341 36.0718 2.866025 149.5 36.05305 2.863441 149.5028 36.05305 2.863441 149.5028 36.0718 2.866025 149.5 36.05305 2.863441 149.5028 36.0718 2.866025 149.5 36.91719 2.616512 148.0085 36.91719 2.616512 148.0085 36.91719 2.616512 148.0085 37.00252 3.094199 149.1207 37.00252 3.094199 149.1207 37.00252 3.094199 149.1207 37.75552 3.188351 147.7746 37.75552 3.188351 147.7746 37.75552 3.188351 147.7746 37.84048 3.502219 148.4591 37.84048 3.502219 148.4591 37.84048 3.502219 148.4591 84.94474 27.77867 121.671 84.94474 27.77867 121.671 84.94474 27.77867 121.671 84.97443 27.88609 121.9041 84.97443 27.88609 121.9041 84.97443 27.88609 121.9041 36.0718 2.5 148.134 35.9898 2.488699 148.1461 36.0718 2.5 148.134 35.9898 2.488699 148.1461 35.9898 2.488699 148.1461 36.0718 2.5 148.134 36.0718 2.965926 149.2588 36.03246 2.960505 149.2647 36.03246 2.960505 149.2647 36.0718 2.965926 149.2588 36.03246 2.960505 149.2647 36.0718 2.965926 149.2588 36.91307 2.823052 148.168 36.91307 2.823052 148.168 36.91307 2.823052 148.168 36.96672 3.123338 148.8672 36.96672 3.123338 148.8672 36.96672 3.123338 148.8672 37.76714 3.350139 147.9786 37.76714 3.350139 147.9786 37.76714 3.350139 147.9786 37.79612 3.457194 148.2121 37.79612 3.457194 148.2121 37.79612 3.457194 148.2121 36.0718 2.707107 148.2929 35.98774 2.695522 148.3054 36.0718 2.707107 148.2929 35.98774 2.695522 148.3054 35.98774 2.695522 148.3054 36.0718 2.707107 148.2929 36.0718 3 149 36.01456 2.992112 149.0085 36.01456 2.992112 149.0085 36.0718 3 149 36.01456 2.992112 149.0085 36.0718 3 149 36.92041 2.982982 148.374 36.92041 2.982982 148.374 36.92041 2.982982 148.374 36.93871 3.085404 148.6125 36.93871 3.085404 148.6125 36.93871 3.085404 148.6125 36.0718 2.866025 148.5 35.99141 2.854946 148.5119 35.99141 2.854946 148.5119 36.0718 2.866025 148.5 35.99141 2.854946 148.5119 36.0718 2.866025 148.5 36.0718 2.965926 148.7412 36.00056 2.956107 148.7518 36.00056 2.956107 148.7518 36.0718 2.965926 148.7412 36.00056 2.956107 148.7518 36.0718 2.965926 148.7412</float_array>
                    <technique_common>
                        <accessor count="789" source="#ID146" stride="3">
                            <param name="X" type="float" />
                            <param name="Y" type="float" />
                            <param name="Z" type="float" />
                        </accessor>
                    </technique_common>
                </source>
                <source id="ID143">
                    <float_array id="ID147" count="2367">0.9691848 -0.246248 -0.006544095 0.9357971 -0.2972681 0.1895139 0.9418254 -0.3359551 0.009952017 0.9808649 -0.1112422 0.1597785 -0.9808649 0.1112422 -0.1597785 -0.9691848 0.246248 0.006544095 -0.9357971 0.2972681 -0.1895139 -0.9418254 0.3359551 -0.009952017 0 0 0 0 0 0 0 0 0 0 0 0 0.8596151 -0.4522435 0.2377767 0.8552121 -0.5158741 0.0498624 -0.8596151 0.4522435 -0.2377767 -0.8552121 0.5158741 -0.0498624 0 0 0 0 0 0 0.945836 -0.265737 -0.1864889 0.9149372 -0.3636649 -0.1750365 -0.945836 0.265737 0.1864889 -0.9149372 0.3636649 0.1750365 0 0 0 0 0 0 0.9998315 5.675297e-19 -0.01835705 0.9997627 5.903348e-19 -0.02178414 0.9881372 0 0.1535737 -0.9881372 -0 -0.1535737 -0.9998315 -5.675297e-19 0.01835705 -0.9997627 -5.903348e-19 0.02178414 0 0 0 0 0 0 0.8959305 -0.2461264 0.3697706 0.9364116 -0.09274983 0.3384239 -0.9364116 0.09274983 -0.3384239 -0.8959305 0.2461264 -0.3697706 0 0 0 0 0 0 0.732271 -0.606989 0.3087774 0.7060521 -0.699327 0.1114995 -0.732271 0.606989 -0.3087774 -0.7060521 0.699327 -0.1114995 0 0 0 0 0 0 0.8150921 -0.5600621 -0.1481732 -0.8150921 0.5600621 0.1481732 0 0 0 0.829609 -0.3691876 0.4188668 -0.829609 0.3691876 -0.4188668 0 0 0 0.8479249 -0.3786903 -0.3709677 0.8838718 -0.2769335 -0.3769329 -0.8838718 0.2769335 0.3769329 -0.8479249 0.3786903 0.3709677 0 0 0 0 0 0 0.981415 -1.2043e-15 -0.1918976 0.981289 -1.213088e-15 -0.1925407 -0.981415 1.2043e-15 0.1918976 -0.981289 1.213088e-15 0.1925407 0 0 0 0.9431327 0 0.3324166 -0.9431327 -0 -0.3324166 0 0 0 0.8129865 -0.1785417 0.5542345 0.8470227 -0.06784383 0.5272095 -0.8470227 0.06784383 -0.5272095 -0.8129865 0.1785417 -0.5542345 0 0 0 0 0 0 0.5898947 -0.7919853 0.1574276 0.6343853 -0.6842527 0.3596575 -0.6343853 0.6842527 -0.3596575 -0.5898947 0.7919853 -0.1574276 0 0 0 0 0 0 0.6424996 -0.7593847 -0.1026115 -0.6424996 0.7593847 0.1026115 0 0 0 0.7240642 -0.4871367 0.4882917 -0.7240642 0.4871367 -0.4882917 0 0 0 0.7316715 -0.5801002 -0.3579673 -0.7316715 0.5801002 0.3579673 0 0 0 0.7600115 -0.2634066 0.5941376 -0.7600115 0.2634066 -0.5941376 0 0 0 0.7249055 -0.3748989 -0.5778951 0.8029634 -0.1407094 -0.579181 -0.8029634 0.1407094 0.579181 -0.7249055 0.3748989 0.5778951 0 0 0 0 0 0 0.9279997 7.30736e-16 -0.372581 0.9268853 8.249741e-16 -0.3753446 0.9602927 -2.400058e-15 -0.2789945 -0.9602927 2.400058e-15 0.2789945 -0.9268853 -8.249741e-16 0.3753446 -0.9279997 -7.30736e-16 0.372581 0 0 0 0 0 0 0.851425 0 0.5244763 -0.851425 -0 -0.5244763 0 0 0 0.6688239 -0.0891222 0.7380595 0.6899517 -0.03397561 0.7230576 -0.6899517 0.03397561 -0.7230576 -0.6688239 0.0891222 -0.7380595 0 0 0 0 0 0 0.5491919 -0.8178079 0.1719842 0.6006177 -0.7058956 0.3754594 -0.6006177 0.7058956 -0.3754594 -0.5491919 0.8178079 -0.1719842 0 0 0 0 0 0 0.5082107 -0.8587542 -0.06529214 -0.5082107 0.8587542 0.06529214 0 0 0 0.6445805 -0.5434888 0.5377136 -0.6445805 0.5434888 -0.5377136 0 0 0 0.5363254 -0.777436 -0.3285549 -0.5363254 0.777436 0.3285549 0 0 0 0.680557 -0.3405589 0.6487386 -0.680557 0.3405589 -0.6487386 0 0 0 0.5925755 -0.5655751 -0.5735671 -0.5925755 0.5655751 0.5735671 0 0 0 0.639389 -0.1302405 0.7577725 -0.639389 0.1302405 -0.7577725 0 0 0 0.5245773 -0.3410566 -0.7800635 0.6100075 -0.1293901 -0.7817602 -0.6100075 0.1293901 0.7817602 -0.5245773 0.3410566 0.7800635 0 0 0 0 0 0 0.8191976 5.206059e-15 -0.5735114 0.8838389 4.041427e-15 -0.4677914 0.8838389 4.041427e-15 -0.4677914 -0.8838389 -4.041427e-15 0.4677914 -0.8838389 -4.041427e-15 0.4677914 -0.8191976 -5.206059e-15 0.5735114 0 0 0 0 0 0 0 0 0 0.6871815 0 0.7264858 -0.6871815 -0 -0.7264858 0 0 0 0.4368872 0.01012829 0.8994593 0.4414078 0.02454984 0.8969707 -0.4368872 -0.01012829 -0.8994593 -0.4414078 -0.02454984 -0.8969707 0 0 0 0 0 0 0.4984759 -0.8455039 0.1914289 0.5507489 -0.7330354 0.3991676 -0.5507489 0.7330354 -0.3991676 -0.4984759 0.8455039 -0.1914289 0 0 0 0 0 0 0.4613959 -0.8855971 -0.05321301 -0.4613959 0.8855971 0.05321301 0 0 0 0.6181298 -0.559145 0.5525146 -0.6181298 0.559145 -0.5525146 0 0 0 0.3866226 -0.8722592 -0.2994776 -0.3866226 0.8722592 0.2994776 0 0 0 0.6213084 -0.3735757 0.6887794 -0.6213084 0.3735757 -0.6887794 0 0 0 0.3834481 -0.7404145 -0.5520452 -0.3834481 0.7404145 0.5520452 0 0 0 0.5970146 -0.1663132 0.7848016 -0.5970146 0.1663132 -0.7848016 0 0 0 0.3872405 -0.5024269 -0.7730537 -0.3872405 0.5024269 0.7730537 0 0 0 0.4535109 0.03166315 0.8906881 -0.4535109 -0.03166315 -0.8906881 0 0 0 0.3153153 -0.1018251 -0.9435083 0.2378478 -0.2659807 -0.9341749 -0.3153153 0.1018251 0.9435083 -0.2378478 0.2659807 0.9341749 0 0 0 0 0 0 0.6289341 1.954012e-15 -0.7774586 0.7419773 6.290751e-15 -0.670425 0.7419773 6.290751e-15 -0.670425 -0.7419773 -6.290751e-15 0.670425 -0.7419773 -6.290751e-15 0.670425 -0.6289341 -1.954012e-15 0.7774586 0 0 0 0 0 0 0 0 0 0.4195942 1.102412e-17 0.9077118 -0.4195942 -1.102412e-17 -0.9077118 0 0 0 0.08608263 0.05952674 0.9945081 0.1282382 0.151985 0.9800283 -0.08608263 -0.05952674 -0.9945081 -0.1282382 -0.151985 -0.9800283 0 0 0 0 0 0 0.3220172 -0.9164454 0.2375559 0.3573762 -0.8114356 0.462444 -0.3573762 0.8114356 -0.462444 -0.3220172 0.9164454 -0.2375559 0 0 0 0 0 0 0.4124781 -0.9101603 -0.03834139 -0.4124781 0.9101603 0.03834139 0 0 0 0.57083 -0.582501 0.5786585 -0.57083 0.582501 -0.5786585 0 0 0 0.335954 -0.8962638 -0.2895619 -0.335954 0.8962638 0.2895619 0 0 0 0.6028432 -0.3828434 0.7000078 -0.6028432 0.3828434 -0.7000078 0 0 0 0.2270179 -0.8192556 -0.5265767 -0.2270179 0.8192556 0.5265767 0 0 0 0.5628195 -0.1765519 0.8075046 -0.5628195 0.1765519 -0.8075046 0 0 0 0.1871696 -0.6382821 -0.7467017 -0.1871696 0.6382821 0.7467017 0 0 0 0.4664907 0.03440777 0.8838566 -0.4664907 -0.03440777 -0.8838566 0 0 0 0.1216957 -0.3826728 -0.9158339 -0.1216957 0.3826728 0.9158339 0 0 0 0.1983443 0.2112682 0.9570921 -0.1983443 -0.2112682 -0.9570921 0 0 0 -0.0535482 -0.05853286 -0.9968483 -0.1015603 -0.1531094 -0.9829766 0.0535482 0.05853286 0.9968483 0.1015603 0.1531094 0.9829766 0 0 0 0 0 0 0.5006488 -2.430083e-15 -0.8656505 0.3294011 -1.57321e-15 -0.9441901 0.5006488 -2.430083e-15 -0.8656505 -0.5006488 2.430083e-15 0.8656505 -0.5006488 2.430083e-15 0.8656505 -0.3294011 1.57321e-15 0.9441901 0 0 0 0 0 0 0 0 0 0.05321862 3.131128e-15 0.9985829 -0.05321862 -3.131128e-15 -0.9985829 0 0 0 -0.2935188 0.1018044 0.950517 -0.2197563 0.2652623 0.9387987 0.2935188 -0.1018044 -0.950517 0.2197563 -0.2652623 -0.9387987 0 0 0 0 0 0 0.1695556 -0.9507205 0.2595793 0.1901851 -0.8489409 0.4930811 -0.1901851 0.8489409 -0.4930811 -0.1695556 0.9507205 -0.2595793 0 0 0 0 0 0 0.2655125 -0.964083 -0.006859126 -0.2655125 0.964083 0.006859126 0 0 0 0.3712095 -0.6570809 0.6560855 -0.3712095 0.6570809 -0.6560855 0 0 0 0.2928218 -0.9147742 -0.2782868 -0.2928218 0.9147742 0.2782868 0 0 0 0.5596298 -0.4004098 0.7255939 -0.5596298 0.4004098 -0.7255939 0 0 0 0.1769488 -0.8373639 -0.5172144 -0.1769488 0.8373639 0.5172144 0 0 0 0.5537159 -0.1802113 0.8129714 -0.5537159 0.1802113 -0.8129714 0 0 0 0.04079392 -0.6938397 -0.7189731 -0.04079392 0.6938397 0.7189731 0 0 0 0.4657857 0.04383745 0.8838111 -0.4657857 -0.04383745 -0.8838111 0 0 0 -0.03579692 -0.4738388 -0.8798837 0.03579692 0.4738388 0.8798837 0 0 0 0.285221 0.2520635 0.9247232 -0.285221 -0.2520635 -0.9247232 0 0 0 -0.1682116 -0.2181372 -0.9613121 0.1682116 0.2181372 0.9613121 0 0 0 -0.09845595 0.3788251 0.9202163 0.09845595 -0.3788251 -0.9202163 0 0 0 -0.4078515 -0.009965588 -0.9129939 -0.4184974 -0.02703204 -0.9078156 0.4078515 0.009965588 0.9129939 0.4184974 0.02703204 0.9078156 0 0 0 0 0 0 0.1464616 -6.604975e-16 -0.9892164 -0.05321862 -3.346439e-16 -0.9985829 -0.1464616 6.604975e-16 0.9892164 0.05321862 3.346439e-16 0.9985829 0 0 0 0 0 0 -0.3294011 3.155659e-14 0.9441901 -0.1464616 6.115443e-15 0.9892164 0.1464616 -6.115443e-15 -0.9892164 0.3294011 -3.155659e-14 -0.9441901 0 0 0 0 0 0 -0.6018479 0.1276942 0.7883358 -0.518781 0.3389753 0.7848325 0.6018479 -0.1276942 -0.7883358 0.518781 -0.3389753 -0.7848325 0 0 0 0 0 0 0.1374824 -0.9904825 0.006562462 -0.1374824 0.9904825 -0.006562462 0 0 0 0.1983831 -0.6928273 0.6932781 -0.1983831 0.6928273 -0.6932781 0 0 0 0.1893005 -0.9479241 -0.2561352 -0.1893005 0.9479241 0.2561352 0 0 0 0.3634755 -0.4622616 0.8088262 -0.3634755 0.4622616 -0.8088262 0 0 0 0.1444902 -0.8489101 -0.5084036 -0.1444902 0.8489101 0.5084036 0 0 0 0.5166183 -0.1915505 0.8345142 -0.5166183 0.1915505 -0.8345142 0 0 0 -0.002582421 -0.7053722 -0.7088325 0.002582421 0.7053722 0.7088325 0 0 0 0.4681812 0.04431338 0.8825207 -0.4681812 -0.04431338 -0.8825207 0 0 0 -0.1507652 -0.5060074 -0.8492505 0.1507652 0.5060074 0.8492505 0 0 0 0.3283325 0.2773566 0.9029236 -0.3283325 -0.2773566 -0.9029236 0 0 0 -0.256094 -0.2678585 -0.9287991 0.256094 0.2678585 0.9287991 0 0 0 0.06267342 0.462926 0.8841785 -0.06267342 -0.462926 -0.8841785 0 0 0 -0.4288452 -0.039993 -0.9024923 0.4288452 0.039993 0.9024923 0 0 0 -0.3782566 0.4999679 0.7790726 0.3782566 -0.4999679 -0.7790726 0 0 0 -0.6717357 0.03274441 -0.7400669 -0.655122 0.08558208 -0.7506603 0.6717357 -0.03274441 0.7400669 0.655122 -0.08558208 0.7506603 0 0 0 0 0 0 -0.4195942 2.328416e-18 -0.9077118 0.4195942 -2.328416e-18 0.9077118 0 0 0 -0.6289341 3.102803e-14 0.7774586 -0.5006488 5.587765e-14 0.8656505 -0.5006488 5.587765e-14 0.8656505 0.5006488 -5.587765e-14 -0.8656505 0.5006488 -5.587765e-14 -0.8656505 0.6289341 -3.102803e-14 -0.7774586 0 0 0 0 0 0 0 0 0 -0.7258388 0.3711366 0.5791508 -0.7735718 0.2763075 0.5702989 -0.6916494 0.2580823 0.6745477 0.6916494 -0.2580823 -0.6745477 0.7735718 -0.2763075 -0.5702989 0.7258388 -0.3711366 -0.5791508 0 0 0 0 0 0 0 0 0 0.09572081 -0.9635537 -0.2498037 -0.09572081 0.9635537 0.2498037 0 0 0 0.1937906 -0.4921886 0.8486434 -0.1937906 0.4921886 -0.8486434 0 0 0 0.09691159 -0.8649368 -0.4924352 -0.09691159 0.8649368 0.4924352 0 0 0 0.3341901 -0.2368609 0.9122576 -0.3341901 0.2368609 -0.9122576 0 0 0 -0.02016103 -0.7111672 -0.7027338 0.02016103 0.7111672 0.7027338 0 0 0 0.440277 0.0381336 0.8970518 -0.440277 -0.0381336 -0.8970518 0 0 0 -0.1820176 -0.5125653 -0.8391343 0.1820176 0.5125653 0.8391343 0 0 0 0.3445173 0.2807386 0.8958201 -0.3445173 -0.2807386 -0.8958201 0 0 0 -0.3239809 -0.2809755 -0.9033765 0.3239809 0.2809755 0.9033765 0 0 0 0.1552481 0.5032682 0.8500701 -0.1552481 -0.5032682 -0.8500701 0 0 0 -0.4439889 -0.05120485 -0.894568 0.4439889 0.05120485 0.894568 0 0 0 -0.171969 0.633232 0.7546151 0.171969 -0.633232 -0.7546151 0 0 0 -0.6247431 0.1220715 -0.7712293 0.6247431 -0.1220715 0.7712293 0 0 0 -0.5939336 0.5618217 0.5758465 0.5939336 -0.5618217 -0.5758465 0 0 0 -0.806444 0.1743924 -0.5650091 -0.8375474 0.06576632 -0.5423921 0.8375474 -0.06576632 0.5423921 0.806444 -0.1743924 0.5650091 0 0 0 0 0 0 -0.6871815 0 -0.7264858 0.6871815 -0 0.7264858 0 0 0 -0.7419773 5.426441e-15 0.670425 -0.7419773 5.426441e-15 0.670425 0.7419773 -5.426441e-15 -0.670425 0.7419773 -5.426441e-15 -0.670425 0 0 0 0 0 0 -0.85074 0.3740306 0.369246 -0.8880276 0.2766216 0.3672704 0.8880276 -0.2766216 -0.3672704 0.85074 -0.3740306 -0.369246 0 0 0 0 0 0 0.04689458 -0.8695979 -0.4915287 -0.04689458 0.8695979 0.4915287 0 0 0 0.1766063 -0.2586973 0.9496767 -0.1766063 0.2586973 -0.9496767 0 0 0 -0.005217084 -0.7179319 -0.6960938 0.005217084 0.7179319 0.6960938 0 0 0 0.2835833 0.0074992 0.9589183 -0.2835833 -0.0074992 -0.9589183 0 0 0 -0.18303 -0.514402 -0.8377891 0.18303 0.514402 0.8377891 0 0 0 0.3299127 0.2778993 0.9021805 -0.3299127 -0.2778993 -0.9021805 0 0 0 -0.3406638 -0.2843692 -0.8961486 0.3406638 0.2843692 0.8961486 0 0 0 0.1861212 0.5097492 0.8399492 -0.1861212 -0.5097492 -0.8399492 0 0 0 -0.4625947 -0.0475901 -0.8852917 0.4625947 0.0475901 0.8852917 0 0 0 -0.0376322 0.6924343 0.7204988 0.0376322 -0.6924343 -0.7204988 0 0 0 -0.5838594 0.1509719 -0.797694 0.5838594 -0.1509719 0.797694 0 0 0 -0.3815403 0.7376794 0.5570063 0.3815403 -0.7376794 -0.5570063 0 0 0 -0.7534122 0.2556569 -0.6058132 0.7534122 -0.2556569 0.6058132 0 0 0 -0.7369065 0.5744456 0.3563441 0.7369065 -0.5744456 -0.3563441 0 0 0 -0.893614 0.241644 -0.3782357 -0.9321495 0.09031743 -0.3506282 0.9321495 -0.09031743 0.3506282 0.893614 -0.241644 0.3782357 0 0 0 0 0 0 -0.851425 0 -0.5244763 0.851425 -0 0.5244763 0 0 0 -0.917558 0.3587669 0.1713875 -0.9477352 0.2649798 0.1777179 0.9477352 -0.2649798 -0.1777179 0.917558 -0.3587669 -0.1713875 0 0 0 0 0 0 -0.005568169 -0.7137986 -0.7003289 0.005568169 0.7137986 0.7003289 0 0 0 0.1476275 -0.006057636 0.9890245 -0.1476275 0.006057636 -0.9890245 0 0 0 -0.1080907 -0.517292 -0.8489554 0.1080907 0.517292 0.8489554 0 0 0 0.2126977 0.2565725 0.942831 -0.2126977 -0.2565725 -0.942831 0 0 0 -0.3264479 -0.2827749 -0.9019258 0.3264479 0.2827749 0.9019258 0 0 0 0.1887733 0.5092872 0.8396375 -0.1887733 -0.5092872 -0.8396375 0 0 0 -0.465419 -0.04806464 -0.8837844 0.465419 0.04806464 0.8837844 0 0 0 0.005661162 0.7038581 0.7103181 -0.005661162 -0.7038581 -0.7103181 0 0 0 -0.5610723 0.1731159 -0.809462 0.5610723 -0.1731159 0.809462 0 0 0 -0.2260046 0.8187796 0.5277517 0.2260046 -0.8187796 -0.5277517 0 0 0 -0.6754343 0.3270443 -0.6609316 0.6754343 -0.3270443 0.6609316 0 0 0 -0.5426004 0.7732047 0.3282368 0.5426004 -0.7732047 -0.3282368 0 0 0 -0.8281703 0.3616409 -0.4281936 0.8281703 -0.3616409 0.4281936 0 0 0 -0.8204961 0.5532082 0.1440378 0.8204961 -0.5532082 -0.1440378 0 0 0 -0.9359167 0.2925784 -0.1961066 -0.9694229 0.141782 -0.2002927 0.9694229 -0.141782 0.2002927 0.9359167 -0.2925784 0.1961066 0 0 0 0 0 0 -0.9431327 0 -0.3324166 0.9431327 -0 0.3324166 0 0 0 -0.9694709 0.2452027 -0.001374683 -0.9434708 0.3311135 -0.0150534 0.9694709 -0.2452027 0.001374683 0.9434708 -0.3311135 0.0150534 0 0 0 0 0 0 -0.05948346 -0.4992839 -0.8643942 -0.05773834 -0.5071375 -0.8599289 0.05948346 0.4992839 0.8643942 0.05773834 0.5071375 0.8599289 0 0 0 0 0 0 0.1083782 0.2498434 0.9622019 -0.1083782 -0.2498434 -0.9622019 0 0 0 -0.2021103 -0.2801233 -0.9384468 0.2021103 0.2801233 0.9384468 0 0 0 0.1243643 0.493101 0.8610371 -0.1243643 -0.493101 -0.8610371 0 0 0 -0.4391153 -0.04196435 -0.8974501 0.4391153 0.04196435 0.8974501 0 0 0 0.02706438 0.7071281 0.7065673 -0.02706438 -0.7071281 -0.7065673 0 0 0 -0.5522685 0.1767582 -0.8147123 0.5522685 -0.1767582 0.8147123 0 0 0 -0.1757726 0.8368684 0.5184162 0.1757726 -0.8368684 -0.5184162 0 0 0 -0.6208549 0.370576 -0.6908058 0.6208549 -0.370576 0.6908058 0 0 0 -0.3874246 0.8718362 0.2996729 0.3874246 -0.8718362 -0.2996729 0 0 0 -0.7248642 0.4750844 -0.4988653 0.7248642 -0.4750844 0.4988653 0 0 0 -0.6513193 0.7524307 0.09813915 0.6513193 -0.7524307 -0.09813915 0 0 0 -0.8614412 0.4447618 -0.2451654 0.8614412 -0.4447618 0.2451654 0 0 0 -0.8592443 0.5085267 -0.05567573 0.8592443 -0.5085267 0.05567573 0 0 0 -0.9709468 0 -0.2392953 0.9709468 -0 0.2392953 0 0 0 -0.1070223 -0.2576313 -0.9602981 -0.1056733 -0.2653226 -0.9583512 0.1070223 0.2576313 0.9602981 0.1056733 0.2653226 0.9583512 0 0 0 0 0 0 0.06123357 0.4913424 0.8688113 -0.06123357 -0.4913424 -0.8688113 0 0 0 -0.2795216 -0.02661736 -0.9597704 0.2795216 0.02661736 0.9597704 0 0 0 0.024165 0.6978 0.7158849 -0.024165 -0.6978 -0.7158849 0 0 0 -0.5171393 0.1889234 -0.8347903 0.5171393 -0.1889234 0.8347903 0 0 0 -0.1382576 0.8468681 0.5135166 0.1382576 -0.8468681 -0.5135166 0 0 0 -0.6025853 0.3798208 -0.701874 0.6025853 -0.3798208 0.701874 0 0 0 -0.336556 0.8959507 0.2898317 0.336556 -0.8959507 -0.2898317 0 0 0 -0.6451555 0.5409175 -0.5396134 0.6451555 -0.5409175 0.5396134 0 0 0 -0.5099046 0.8578046 0.06456437 0.5099046 -0.8578046 -0.06456437 0 0 0 -0.7373061 0.5962119 -0.317665 0.7373061 -0.5962119 0.317665 0 0 0 -0.7139215 0.6901141 -0.1185693 0.7139215 -0.6901141 0.1185693 0 0 0 -0.1467679 -0.0003373171 -0.9891709 -0.1459143 -0.006643222 -0.9892749 0.1467679 0.0003373171 0.9891709 0.1459143 0.006643222 0.9892749 0 0 0 0 0 0 0.0094145 0.7003404 0.7137469 -0.0094145 -0.7003404 -0.7137469 0 0 0 -0.3356222 0.2240523 -0.9149635 0.3356222 -0.2240523 0.9149635 0 0 0 -0.07949409 0.852319 0.5169459 0.07949409 -0.852319 -0.5169459 0 0 0 -0.5610785 0.3988401 -0.7253396 0.5610785 -0.3988401 0.7253396 0 0 0 -0.2886668 0.9145326 0.2833754 0.2886668 -0.9145326 -0.2833754 0 0 0 -0.6188329 0.5565759 -0.5543185 0.6188329 -0.5565759 0.5543185 0 0 0 -0.4629862 0.8848064 0.05254825 0.4629862 -0.8848064 -0.05254825 0 0 0 -0.6357194 0.6821273 -0.3613353 0.6357194 -0.6821273 0.3613353 0 0 0 -0.5916654 0.7903978 -0.1587557 0.5916654 -0.7903978 0.1587557 0 0 0 -0.1762074 0.2545031 -0.9508834 -0.1758117 0.2503736 -0.9520521 0.1762074 -0.2545031 0.9508834 0.1758117 -0.2503736 0.9520521 0 0 0 0 0 0 -0.04506915 0.8650697 0.499623 -0.04324765 0.8604845 0.5076377 0.04324765 -0.8604845 -0.5076377 0.04506915 -0.8650697 -0.499623 0 0 0 0 0 0 -0.3683194 0.4559113 -0.8102381 0.3683194 -0.4559113 0.8102381 0 0 0 -0.1769222 0.9433396 0.2807293 0.1769222 -0.9433396 -0.2807293 0 0 0 -0.5725141 0.581815 -0.5776841 0.5725141 -0.581815 0.5776841 0 0 0 -0.4107117 0.9107755 0.0424726 0.4107117 -0.9107755 -0.0424726 0 0 0 -0.6020259 0.7038265 -0.3770849 0.6020259 -0.7038265 0.3770849 0 0 0 -0.5509646 0.8163428 -0.1732696 0.5509646 -0.8163428 0.1732696 0 0 0 -0.193701 0.490406 -0.8496951 -0.1936123 0.4886538 -0.8507243 0.193701 -0.490406 0.8496951 0.1936123 -0.4886538 0.8507243 0 0 0 0 0 0 -0.09423717 0.9615535 0.2579425 -0.0927602 0.9595026 0.2659893 0.0927602 -0.9595026 -0.2659893 0.09423717 -0.9615535 -0.2579425 0 0 0 0 0 0 -0.376976 0.6561629 -0.653712 0.376976 -0.6561629 0.653712 0 0 0 -0.2596433 0.9653137 0.02747356 0.2596433 -0.9653137 -0.02747356 0 0 0 -0.5520089 0.7330928 -0.3973174 0.5520089 -0.7330928 0.3973174 0 0 0 -0.4985982 0.8460884 -0.1885052 0.4985982 -0.8460884 0.1885052 0 0 0 -0.1983806 0.6930703 -0.6930359 -0.1983782 0.6933088 -0.692798 0.1983806 -0.6930703 0.6930359 0.1983782 -0.6933088 0.692798 0 0 0 0 0 0 -0.1364802 0.9906427 0.0003387903 -0.1354845 0.9907537 0.00715046 0.1354845 -0.9907537 -0.00715046 0.1364802 -0.9906427 -0.0003387903 0 0 0 0 0 0 -0.3614983 0.8140914 -0.4545043 0.3614983 -0.8140914 0.4545043 0 0 0 -0.3220762 0.9200482 -0.2231102 0.3220762 -0.9200482 0.2231102 0 0 0 -0.1900284 0.8503383 -0.490728 -0.1898732 0.8517046 -0.4884133 0.1898732 -0.8517046 0.4884133 0.1900284 -0.8503383 0.490728 0 0 0 0 0 0 -0.1690374 0.9521038 -0.2548034 -0.1685233 0.9534417 -0.2500974 0.1685233 -0.9534417 0.2500974 0.1690374 -0.9521038 0.2548034 0 0 0 0 0 0</float_array>
                    <technique_common>
                        <accessor count="789" source="#ID147" stride="3">
                            <param name="X" type="float" />
                            <param name="Y" type="float" />
                            <param name="Z" type="float" />
                        </accessor>
                    </technique_common>
                </source>
                <source id="ID144">
                    <Name_array id="ID148" count="0" />
                    <technique_common>
                        <accessor count="0" source="#ID148" stride="1">
                            <param name="skp_material" type="Name" />
                        </accessor>
                    </technique_common>
                </source>
                <vertices id="ID145">
                    <input semantic="POSITION" source="#ID142" />
                    <input semantic="NORMAL" source="#ID143" />
                </vertices>
                <triangles count="459" material="Material2">
                    <input offset="0" semantic="VERTEX" source="#ID145" />
                    <p>0 1 2 1 0 3 2 12 13 12 2 1 18 2 19 2 18 0 24 3 25 3 24 26 3 32 1 32 3 33 13 38 39 38 13 12 19 13 44 13 19 2 1 47 12 47 1 32 50 18 19 18 50 51 56 25 57 25 56 24 26 33 3 33 26 61 33 64 32 64 33 65 38 70 39 70 38 71 44 39 76 39 44 13 12 79 38 79 12 47 82 19 44 19 82 50 32 85 47 85 32 64 88 51 50 51 88 89 94 56 57 56 94 95 56 95 96 61 65 33 65 61 102 65 105 64 105 65 106 71 111 70 111 71 112 39 117 76 117 39 70 38 120 71 120 38 79 123 44 76 44 123 82 47 126 79 126 47 85 129 50 82 50 129 88 64 132 85 132 64 105 135 89 88 89 135 136 89 95 94 95 89 141 95 141 142 95 142 143 102 106 65 106 102 150 105 153 154 153 105 106 112 159 111 159 112 160 70 165 117 165 70 111 71 168 112 168 71 120 76 171 123 171 76 117 79 174 120 174 79 126 82 177 129 177 82 123 126 132 180 132 126 85 135 129 183 129 135 88 132 154 186 154 132 105 189 135 190 135 189 136 136 141 89 141 136 195 141 195 196 141 196 197 106 204 153 204 106 150 154 207 208 207 154 153 160 213 159 213 160 214 111 219 165 219 111 159 168 160 112 160 168 222 117 225 171 225 117 165 120 228 168 228 120 174 123 231 177 231 123 171 174 180 234 180 174 126 183 177 237 177 183 129 180 186 240 186 180 132 190 183 243 183 190 135 186 208 246 208 186 154 249 190 250 190 249 189 255 189 256 189 255 136 136 255 257 136 257 195 153 264 207 264 153 204 208 267 268 267 208 207 214 273 213 273 214 274 159 279 219 279 159 213 222 214 160 214 222 282 165 285 225 285 165 219 222 228 288 228 222 168 171 291 231 291 171 225 228 234 294 234 228 174 177 297 237 297 177 231 234 240 300 240 234 180 243 237 303 237 243 183 240 246 306 246 240 186 250 243 309 243 250 190 246 268 312 268 246 208 315 250 316 250 315 249 321 249 322 249 321 189 189 321 256 207 327 267 327 207 328 328 207 264 268 333 334 333 268 267 213 339 279 339 213 273 282 274 214 274 282 342 219 345 285 345 219 279 282 288 348 288 282 222 225 351 291 351 225 285 288 294 354 294 288 228 231 357 297 357 231 291 294 300 360 300 294 234 303 297 363 297 303 237 300 306 366 306 300 240 309 303 369 303 309 243 306 312 372 312 306 246 316 309 375 309 316 250 312 334 378 334 312 268 381 316 382 316 381 315 322 315 387 315 322 249 267 390 333 390 267 391 391 267 392 392 267 327 333 399 334 399 333 400 400 333 401 279 408 345 408 279 339 342 348 411 348 342 282 285 414 351 414 285 345 348 354 417 354 348 288 291 420 357 420 291 351 354 360 423 360 354 294 363 357 426 357 363 297 360 366 429 366 360 300 369 363 432 363 369 303 366 372 435 372 366 306 375 369 438 369 375 309 372 378 441 378 372 312 382 375 444 375 382 316 378 399 447 399 378 334 450 381 382 381 450 451 387 381 456 381 387 315 390 401 333 401 390 459 401 459 460 400 465 399 465 400 466 345 471 414 471 345 408 411 417 474 417 411 348 351 477 420 477 351 414 417 423 480 423 417 354 426 420 483 420 426 357 423 429 486 429 423 360 432 426 489 426 432 363 429 435 492 435 429 366 438 432 495 432 438 369 435 441 498 441 435 372 444 438 501 438 444 375 441 447 504 447 441 378 507 382 444 382 507 450 399 510 447 510 399 465 513 451 450 451 513 514 451 456 381 456 451 519 466 522 465 522 466 523 414 528 477 528 414 471 474 480 531 480 474 417 483 477 534 477 483 420 480 486 537 486 480 423 489 483 540 483 489 426 486 492 543 492 486 429 495 489 546 489 495 432 492 498 549 498 492 435 501 495 552 495 501 438 555 441 504 441 555 498 507 501 558 501 507 444 561 447 510 447 561 504 564 450 507 450 564 513 465 567 510 567 465 522 570 514 513 514 570 571 514 519 451 519 514 576 522 579 580 579 522 523 585 528 586 528 585 477 477 585 534 531 537 591 537 531 480 540 534 594 534 540 483 537 543 597 543 537 486 546 540 600 540 546 489 543 549 603 549 543 492 552 546 606 546 552 495 609 498 555 498 609 549 558 552 612 552 558 501 615 504 561 504 615 555 618 507 558 507 618 564 510 621 561 621 510 567 624 513 564 513 624 570 567 580 627 580 567 522 580 571 570 571 580 579 571 576 514 576 571 630 633 586 634 586 633 585 585 633 594 585 594 534 591 597 639 597 591 537 600 594 642 594 600 540 597 603 645 603 597 543 606 600 648 600 606 546 651 549 609 549 651 603 612 606 654 606 612 552 657 555 615 555 657 609 660 558 612 558 660 618 663 561 621 561 663 615 666 564 618 564 666 624 621 627 669 627 621 567 627 570 624 570 627 580 672 634 673 634 672 633 633 672 594 594 672 642 639 645 678 645 639 597 648 642 681 642 648 600 684 603 651 603 684 645 654 648 687 648 654 606 690 609 657 609 690 651 693 612 654 612 693 660 696 615 663 615 696 657 699 618 660 618 699 666 702 621 669 621 702 663 669 624 666 624 669 627 705 673 706 673 705 672 672 705 642 642 705 681 711 645 684 645 711 712 645 712 678 687 681 717 681 687 648 720 651 690 651 720 684 693 687 723 687 693 654 726 657 696 657 726 690 729 660 693 660 729 699 732 663 702 663 732 696 699 669 666 669 699 702 735 706 736 706 735 705 705 735 717 705 717 681 741 684 720 684 741 742 684 742 711 711 742 712 723 717 747 717 723 687 750 690 726 690 750 720 723 729 693 729 723 753 756 696 732 696 756 726 729 702 699 702 729 732 759 736 760 736 759 735 735 759 747 735 747 717 765 720 750 720 765 766 720 766 742 720 742 741 747 753 723 753 747 771 774 726 756 726 774 750 753 732 729 732 753 756 759 771 747 771 759 760 771 760 777 777 760 778 783 750 774 750 783 784 750 784 765 765 784 766 771 756 753 756 771 774 777 774 771 774 777 778 774 778 783 783 778 784</p>
                </triangles>
                <triangles count="459" material="Material3">
                    <input offset="0" semantic="VERTEX" source="#ID145" />
                    <p>4 5 6 7 6 5 6 7 14 15 14 7 5 20 7 21 7 20 27 28 4 29 4 28 34 4 35 6 35 4 14 15 40 41 40 15 7 21 15 45 15 21 35 6 48 14 48 6 52 53 20 21 20 53 28 58 29 59 29 58 62 27 34 4 34 27 66 34 67 35 67 34 72 40 73 41 73 40 15 45 41 77 41 45 48 14 80 40 80 14 53 83 21 45 21 83 67 35 86 48 86 35 90 91 52 53 52 91 97 98 58 98 99 58 59 58 99 103 62 66 34 66 62 107 66 108 67 108 66 113 72 114 73 114 72 73 41 118 77 118 41 80 40 121 72 121 40 83 124 45 77 45 124 86 48 127 80 127 48 91 130 53 83 53 130 108 67 133 86 133 67 137 138 90 91 90 138 144 145 98 145 146 98 146 90 98 99 98 90 151 103 107 66 107 103 107 108 155 156 155 108 161 113 162 114 162 113 114 73 166 118 166 73 121 72 169 113 169 72 118 77 172 124 172 77 127 80 175 121 175 80 124 83 178 130 178 83 86 127 133 181 133 127 91 138 130 184 130 138 108 133 156 187 156 133 137 191 138 192 138 191 198 199 146 199 200 146 200 137 146 90 146 137 151 107 205 155 205 107 155 156 209 210 209 156 215 161 216 162 216 161 162 114 220 166 220 114 223 169 161 113 161 169 166 118 226 172 226 118 175 121 229 169 229 121 172 124 232 178 232 124 127 175 181 235 181 175 130 184 178 238 178 184 133 181 187 241 187 181 138 192 184 244 184 192 156 187 210 247 210 187 191 251 192 252 192 251 200 258 137 258 259 137 137 259 191 260 191 259 205 155 265 209 265 155 209 210 269 270 269 210 275 215 276 216 276 215 216 162 280 220 280 162 283 223 215 161 215 223 220 166 286 226 286 166 169 223 229 289 229 223 226 172 292 232 292 172 175 229 235 295 235 229 232 178 298 238 298 178 181 235 241 301 241 235 184 244 238 304 238 244 187 241 247 307 247 241 192 252 244 310 244 252 210 247 270 313 270 247 251 317 252 318 252 317 260 323 191 191 323 251 324 251 323 265 209 329 329 209 330 269 330 209 269 270 335 336 335 270 276 216 340 280 340 216 343 283 275 215 275 283 280 220 346 286 346 220 223 283 289 349 289 283 286 226 352 292 352 226 229 289 295 355 295 289 292 232 358 298 358 232 235 295 301 361 301 295 238 304 298 364 298 304 241 301 307 367 307 301 244 310 304 370 304 310 247 307 313 373 313 307 252 318 310 376 310 318 270 313 336 379 336 313 317 383 318 384 318 383 251 324 317 388 317 324 330 269 393 393 269 394 394 269 395 335 395 269 402 335 403 403 335 404 336 404 335 340 280 409 346 409 280 283 343 349 412 349 343 346 286 415 352 415 286 289 349 355 418 355 349 352 292 421 358 421 292 295 355 361 424 361 355 298 364 358 427 358 364 301 361 367 430 367 361 304 370 364 433 364 370 307 367 373 436 373 367 310 376 370 439 370 376 313 373 379 442 379 373 318 384 376 445 376 384 336 379 404 448 404 379 452 453 383 384 383 453 317 388 383 457 383 388 461 462 402 462 395 402 335 402 395 467 403 468 404 468 403 409 346 472 415 472 346 349 412 418 475 418 412 415 352 478 421 478 352 355 418 424 481 424 418 358 427 421 484 421 427 361 424 430 487 430 424 364 433 427 490 427 433 367 430 436 493 436 430 370 439 433 496 433 439 373 436 442 499 442 436 376 445 439 502 439 445 379 442 448 505 448 442 453 508 384 445 384 508 468 404 511 448 511 404 515 516 452 453 452 516 520 452 457 383 457 452 524 467 525 468 525 467 472 415 529 478 529 415 418 475 481 532 481 475 421 484 478 535 478 484 424 481 487 538 487 481 427 490 484 541 484 490 430 487 493 544 493 487 433 496 490 547 490 496 436 493 499 550 499 493 439 502 496 553 496 502 499 556 442 505 442 556 445 508 502 559 502 508 505 562 448 511 448 562 516 565 453 508 453 565 525 468 568 511 568 468 572 573 515 516 515 573 577 515 520 452 520 515 524 525 581 582 581 525 535 587 478 478 587 529 588 529 587 481 532 538 592 538 532 484 541 535 595 535 541 487 538 544 598 544 538 490 547 541 601 541 547 493 544 550 604 550 544 496 553 547 607 547 553 550 610 499 556 499 610 502 559 553 613 553 559 556 616 505 562 505 616 565 619 508 559 508 619 568 511 622 562 622 511 573 625 516 565 516 625 525 568 582 628 582 568 581 582 572 573 572 582 631 572 577 515 577 572 535 595 587 595 635 587 587 635 588 636 588 635 538 592 598 640 598 592 541 601 595 643 595 601 544 598 604 646 604 598 547 607 601 649 601 607 604 652 550 610 550 652 553 613 607 655 607 613 610 658 556 616 556 658 619 661 559 613 559 661 616 664 562 622 562 664 625 667 565 619 565 667 568 622 628 670 628 622 582 628 573 625 573 628 643 674 595 595 674 635 635 674 636 675 636 674 598 640 646 679 646 640 601 649 643 682 643 649 646 685 604 652 604 685 607 655 649 688 649 655 652 691 610 658 610 691 661 694 613 655 613 694 658 697 616 664 616 697 667 700 619 661 619 700 664 703 622 670 622 703 628 670 625 667 625 670 682 707 643 643 707 674 674 707 675 708 675 707 679 713 646 713 714 646 685 646 714 649 688 682 718 682 688 685 721 652 691 652 721 655 694 688 724 688 694 691 727 658 697 658 727 700 730 661 694 661 730 697 733 664 703 664 733 703 700 670 667 670 700 682 718 707 718 737 707 707 737 708 738 708 737 713 743 714 714 743 685 743 744 685 721 685 744 688 724 718 748 718 724 721 751 691 727 691 751 754 724 730 694 730 724 727 757 697 733 697 757 733 730 703 700 703 730 718 748 737 748 761 737 737 761 738 762 738 761 744 743 721 743 767 721 767 768 721 751 721 768 772 748 754 724 754 748 751 775 727 757 727 775 757 754 733 730 733 754 779 762 780 780 762 772 762 761 772 748 772 761 767 785 768 768 785 751 785 786 751 775 751 786 775 772 757 754 757 772 785 779 786 786 779 775 779 780 775 772 775 780</p>
                </triangles>
                <lines count="473" material="Material4">
                    <input offset="0" semantic="VERTEX" source="#ID145" />
                    <p>8 9 9 10 11 10 8 11 16 17 17 9 16 8 9 22 22 23 10 23 10 30 31 30 11 31 36 8 37 11 36 37 42 43 43 17 42 16 17 46 46 22 49 16 49 36 22 54 54 55 23 55 23 60 30 60 63 31 37 63 68 36 69 37 68 69 74 75 75 43 74 42 43 78 78 46 81 42 81 49 46 84 84 54 87 49 87 68 54 92 92 93 55 93 55 100 101 100 60 101 104 63 69 104 109 68 110 69 109 110 115 116 116 75 115 74 75 119 119 78 122 74 122 81 78 125 125 84 128 81 128 87 84 131 131 92 134 87 134 109 92 139 139 140 93 140 93 147 148 147 149 148 100 149 152 104 110 152 157 109 158 110 157 158 163 164 164 116 163 115 116 167 167 119 170 115 170 122 119 173 173 125 176 122 176 128 125 179 179 131 182 128 182 134 131 185 185 139 188 134 188 157 139 193 193 194 140 194 140 201 202 201 203 202 147 203 206 152 158 206 211 157 212 158 211 212 217 218 218 164 217 163 164 221 221 167 224 163 224 170 167 227 227 173 230 170 230 176 173 233 233 179 236 176 236 182 179 239 239 185 242 182 242 188 185 245 245 193 248 188 248 211 193 253 253 254 194 254 194 261 262 261 263 262 201 263 266 206 212 266 271 211 272 212 272 271 277 278 278 218 277 217 218 281 281 221 284 217 284 224 221 287 287 227 290 224 290 230 227 293 293 233 296 230 296 236 233 299 299 239 302 236 302 242 239 305 305 245 308 242 308 248 245 311 311 253 314 248 271 314 253 319 319 320 254 320 254 325 326 325 261 326 331 266 332 331 332 272 337 271 338 272 337 338 278 341 341 281 344 277 344 284 281 347 347 287 350 284 350 290 287 353 353 293 356 290 356 296 293 359 359 299 362 296 362 302 299 365 365 305 368 302 368 308 305 371 371 311 374 308 314 374 311 377 377 319 380 314 380 337 319 385 385 386 320 386 320 389 325 389 396 332 397 396 398 397 338 398 405 337 406 338 407 406 405 407 341 410 410 347 413 344 413 350 347 416 416 353 419 350 419 356 353 422 422 359 425 356 425 362 359 428 428 365 431 362 431 368 365 434 434 371 437 368 374 437 371 440 440 377 443 374 443 380 377 446 446 385 449 380 449 405 385 454 454 455 386 455 386 458 389 458 463 398 464 463 406 464 469 405 470 407 469 470 410 473 473 416 476 413 476 419 416 479 479 422 482 419 482 425 422 485 485 428 488 425 488 431 428 491 491 434 494 431 437 494 434 497 497 440 500 437 500 443 440 503 503 446 506 443 506 449 446 509 509 454 512 449 512 469 454 517 517 518 455 518 455 521 458 521 526 469 527 470 526 527 473 530 530 479 533 476 533 482 479 536 536 485 539 482 539 488 485 542 542 491 545 488 494 545 491 548 548 497 551 494 551 500 497 554 554 503 557 500 557 506 503 560 560 509 563 506 563 512 509 566 566 517 569 512 569 526 517 574 574 575 518 575 518 578 521 578 583 526 584 527 583 584 530 589 589 590 590 536 593 533 593 539 536 596 596 542 599 539 545 599 542 602 602 548 605 545 605 551 548 608 608 554 611 551 611 557 554 614 614 560 617 557 617 563 560 620 620 566 623 563 623 569 566 626 626 574 629 569 629 583 574 583 575 584 632 575 578 632 589 637 637 638 638 596 641 593 599 641 596 644 644 602 647 599 647 605 602 650 650 608 653 605 653 611 608 656 656 614 659 611 659 617 614 662 662 620 665 617 665 623 620 668 668 626 671 623 671 629 626 629 637 676 676 677 677 644 680 641 680 647 644 683 683 650 686 647 686 653 650 689 689 656 692 653 692 659 656 695 695 662 698 659 698 665 662 701 701 668 704 665 704 671 668 671 676 709 709 710 710 683 715 680 716 686 715 716 683 719 719 689 722 686 722 692 689 725 725 695 728 692 728 698 695 731 731 701 734 698 734 704 701 704 709 739 739 740 740 719 745 746 745 715 746 722 719 749 749 725 752 722 752 728 725 755 755 731 758 728 758 734 731 734 739 763 763 764 764 749 769 770 769 745 770 752 749 773 773 755 776 752 776 758 755 758 763 781 781 782 782 773 787 788 787 769 788 776 773 776 781 787</p>
                </lines>
            </mesh>
        </geometry>
        <geometry id="ID149">
            <mesh>
                <source id="ID150">
                    <float_array id="ID154" count="2367">86.75711 46.23558 120.3458 86.9525 45.38175 120.1184 86.63043 46.06861 120.298 87.10211 45.49982 120.1534 87.10211 45.49982 120.1534 86.75711 46.23558 120.3458 86.9525 45.38175 120.1184 86.63043 46.06861 120.298 86.75711 46.23558 120.3458 86.63043 46.06861 120.298 87.10211 45.49982 120.1534 86.9525 45.38175 120.1184 86.30749 46.80014 120.5965 86.21069 46.59565 120.5321 86.30749 46.80014 120.5965 86.21069 46.59565 120.5321 86.30749 46.80014 120.5965 86.21069 46.59565 120.5321 86.88013 46.37592 120.4561 87.24441 45.59906 120.253 87.24441 45.59906 120.253 86.88013 46.37592 120.4561 86.88013 46.37592 120.4561 87.24441 45.59906 120.253 87.1599 44.5624 120.0028 87.32761 44.60897 120.0276 87.32761 44.60897 120.0276 87.1599 44.5624 120.0028 87.32761 44.60897 120.0276 87.1599 44.5624 120.0028 86.80577 45.2529 120.1506 86.50872 45.88639 120.3162 86.80577 45.2529 120.1506 86.50872 45.88639 120.3162 86.50872 45.88639 120.3162 86.80577 45.2529 120.1506 85.81775 47.1321 120.8696 85.74129 46.91382 120.7939 85.81775 47.1321 120.8696 85.74129 46.91382 120.7939 85.81775 47.1321 120.8696 85.74129 46.91382 120.7939 86.40539 46.97203 120.7208 86.40539 46.97203 120.7208 86.40539 46.97203 120.7208 86.1216 46.37248 120.5321 86.1216 46.37248 120.5321 86.1216 46.37248 120.5321 86.99112 46.48007 120.6215 87.3697 45.6727 120.4104 87.3697 45.6727 120.4104 86.99112 46.48007 120.6215 86.99112 46.48007 120.6215 87.3697 45.6727 120.4104 87.48512 44.64811 120.1187 87.48512 44.64811 120.1187 87.48512 44.64811 120.1187 87.1599 44.32962 120.0028 87.27833 44.32962 120.0203 87.32761 44.32962 120.0276 87.32761 44.32962 120.0276 87.27833 44.32962 120.0203 87.1599 44.32962 120.0028 87.32761 44.32962 120.0276 87.27833 44.32962 120.0203 87.1599 44.32962 120.0028 86.99342 44.51158 120.0459 86.99342 44.51158 120.0459 86.99342 44.51158 120.0459 86.67192 45.12206 120.2475 86.40029 45.70134 120.399 86.67192 45.12206 120.2475 86.40029 45.70134 120.399 86.40029 45.70134 120.399 86.67192 45.12206 120.2475 85.15051 47.52855 121.2416 85.07985 47.30682 121.1627 85.15051 47.52855 121.2416 85.07985 47.30682 121.1627 85.15051 47.52855 121.2416 85.07985 47.30682 121.1627 85.89856 47.31557 121.0034 85.89856 47.31557 121.0034 85.89856 47.31557 121.0034 85.67439 46.6756 120.7815 85.67439 46.6756 120.7815 85.67439 46.6756 120.7815 86.49774 47.09959 120.8966 86.49774 47.09959 120.8966 86.49774 47.09959 120.8966 86.04629 46.14584 120.5964 86.04629 46.14584 120.5964 86.04629 46.14584 120.5964 87.46944 45.71574 120.615 87.0825 46.54094 120.8308 87.0825 46.54094 120.8308 87.46944 45.71574 120.615 87.0825 46.54094 120.8308 87.46944 45.71574 120.615 87.6217 44.67716 120.2699 87.6217 44.67716 120.2699 87.6217 44.67716 120.2699 87.33475 44.32962 120.0318 87.41905 44.32962 120.0805 87.48512 44.32962 120.1187 87.48512 44.32962 120.1187 87.41905 44.32962 120.0805 87.33475 44.32962 120.0318 87.48512 44.32962 120.1187 87.41905 44.32962 120.0805 87.33475 44.32962 120.0318 86.99342 44.32962 120.0459 86.99342 44.32962 120.0459 86.99342 44.32962 120.0459 86.83951 44.45997 120.1541 86.83951 44.45997 120.1541 86.83951 44.45997 120.1541 86.31252 45.52607 120.5408 86.56008 44.99812 120.4027 86.31252 45.52607 120.5408 86.56008 44.99812 120.4027 86.31252 45.52607 120.5408 86.56008 44.99812 120.4027 37.94335 71.97239 147.5658 37.88012 71.74682 147.4827 37.94335 71.97239 147.5658 37.88012 71.74682 147.4827 37.94335 71.97239 147.5658 37.88012 71.74682 147.4827 85.22644 47.71492 121.3782 85.22644 47.71492 121.3782 85.22644 47.71492 121.3782 85.01928 47.06485 121.1468 85.01928 47.06485 121.1468 85.01928 47.06485 121.1468 85.97821 47.45173 121.1863 85.97821 47.45173 121.1863 85.97821 47.45173 121.1863 85.62162 46.43369 120.8332 85.62162 46.43369 120.8332 85.62162 46.43369 120.8332 86.57822 47.17413 121.112 86.57822 47.17413 121.112 86.57822 47.17413 121.112 85.98989 45.93118 120.7207 85.98989 45.93118 120.7207 85.98989 45.93118 120.7207 87.53683 45.72524 120.8528 87.14804 46.55437 121.0696 87.14804 46.55437 121.0696 87.53683 45.72524 120.8528 87.14804 46.55437 121.0696 87.53683 45.72524 120.8528 87.72803 44.69413 120.4708 87.72803 44.69413 120.4708 87.72803 44.69413 120.4708 87.49341 44.32962 120.1279 87.56362 44.32962 120.2056 87.6217 44.32962 120.2699 87.6217 44.32962 120.2699 87.56362 44.32962 120.2056 87.49341 44.32962 120.1279 87.6217 44.32962 120.2699 87.56362 44.32962 120.2056 87.49341 44.32962 120.1279 86.83951 44.32962 120.1541 86.83951 44.32962 120.1541 86.83951 44.32962 120.1541 86.70867 44.41109 120.3199 86.70867 44.41109 120.3199 86.70867 44.41109 120.3199 86.25138 45.37253 120.7319 86.47786 44.88955 120.6056 86.25138 45.37253 120.7319 86.47786 44.88955 120.6056 86.25138 45.37253 120.7319 86.47786 44.88955 120.6056 37.03166 72.36771 147.9915 36.99174 72.13203 147.8975 37.03166 72.36771 147.9915 36.99174 72.13203 147.8975 37.03166 72.36771 147.9915 36.99174 72.13203 147.8975 38.01193 72.16256 147.7065 38.01193 72.16256 147.7065 38.01193 72.16256 147.7065 37.82653 71.50122 147.4629 37.82653 71.50122 147.4629 37.82653 71.50122 147.4629 85.30248 47.85323 121.5631 85.30248 47.85323 121.5631 85.30248 47.85323 121.5631 84.97293 46.81912 121.1949 84.97293 46.81912 121.1949 84.97293 46.81912 121.1949 86.05129 47.5313 121.4058 86.05129 47.5313 121.4058 86.05129 47.5313 121.4058 85.58656 46.20456 120.9456 85.58656 46.20456 120.9456 85.58656 46.20456 120.9456 86.64137 47.19058 121.3521 86.64137 47.19058 121.3521 86.64137 47.19058 121.3521 85.95624 45.74313 120.8965 85.95624 45.74313 120.8965 85.95624 45.74313 120.8965 87.18329 46.51944 121.3217 87.56729 45.70054 121.1076 87.18329 46.51944 121.3217 87.56729 45.70054 121.1076 87.18329 46.51944 121.3217 87.56729 45.70054 121.1076 87.79688 44.69788 120.7078 87.79688 44.69788 120.7078 87.79688 44.69788 120.7078 87.62774 44.32962 120.2813 87.6978 44.32962 120.4137 87.72803 44.32962 120.4708 87.72803 44.69413 120.4708 87.72803 44.69413 120.4708 87.72803 44.32962 120.4708 87.6978 44.32962 120.4137 87.62774 44.32962 120.2813 87.72803 44.32962 120.4708 87.6978 44.32962 120.4137 87.62774 44.32962 120.2813 86.70867 44.32962 120.3199 86.70867 44.32962 120.3199 86.70867 44.32962 120.3199 86.60981 44.36827 120.532 86.60981 44.36827 120.532 86.60981 44.36827 120.532 86.22106 45.25118 120.9593 86.43087 44.80374 120.8423 86.22106 45.25118 120.9593 86.43087 44.80374 120.8423 86.22106 45.25118 120.9593 86.43087 44.80374 120.8423 36.04703 72.50341 148.1376 36.0718 72.25882 148.0341 36.02707 72.26498 148.0407 36.0718 72.5 148.134 36.0718 72.5 148.134 36.0718 72.25882 148.0341 36.04703 72.50341 148.1376 36.02707 72.26498 148.0407 36.04703 72.50341 148.1376 36.0718 72.5 148.134 36.0718 72.25882 148.0341 36.02707 72.26498 148.0407 37.07496 72.56885 148.144 37.07496 72.56885 148.144 37.07496 72.56885 148.144 36.95791 71.87788 147.8685 36.95791 71.87788 147.8685 36.95791 71.87788 147.8685 38.08119 72.30438 147.8952 38.08119 72.30438 147.8952 38.08119 72.30438 147.8952 37.78626 71.25235 147.5076 37.78626 71.25235 147.5076 37.78626 71.25235 147.5076 85.37344 47.93405 121.7838 85.37344 47.93405 121.7838 85.37344 47.93405 121.7838 84.94397 46.58637 121.3039 84.94397 46.58637 121.3039 84.94397 46.58637 121.3039 86.1128 47.54886 121.6469 86.1128 47.54886 121.6469 86.1128 47.54886 121.6469 85.57161 46.00384 121.1109 85.57161 46.00384 121.1109 85.57161 46.00384 121.1109 86.68287 47.14781 121.6007 86.68287 47.14781 121.6007 86.68287 47.14781 121.6007 85.94764 45.59451 121.1118 85.94764 45.59451 121.1118 85.94764 45.59451 121.1118 87.18585 46.43855 121.5699 87.55873 45.64334 121.362 87.18585 46.43855 121.5699 87.55873 45.64334 121.362 87.18585 46.43855 121.5699 87.55873 45.64334 121.362 87.82355 44.68814 120.9647 87.82355 44.68814 120.9647 87.82355 44.68814 120.9647 87.73046 44.32962 120.4792 87.79688 44.32962 120.7078 87.79688 44.69788 120.7078 87.79688 44.69788 120.7078 87.79688 44.32962 120.7078 87.73046 44.32962 120.4792 87.79688 44.32962 120.7078 87.73046 44.32962 120.4792 86.60981 44.32962 120.532 86.60981 44.32962 120.532 86.60981 44.32962 120.532 86.54966 44.33442 120.776 86.54966 44.33442 120.776 86.54966 44.33442 120.776 86.22361 45.17028 121.2075 86.42231 44.74654 121.0967 86.22361 45.17028 121.2075 86.42231 44.74654 121.0967 86.22361 45.17028 121.2075 86.42231 44.74654 121.0967 36.06868 72.70754 148.2934 36.06868 72.70754 148.2934 36.06868 72.70754 148.2934 36.0718 72 148 36.01016 72.0085 148.0091 36.0718 72 148 36.01016 72.0085 148.0091 36.0718 72 148 36.01016 72.0085 148.0091 37.11869 72.72174 148.3446 37.11869 72.72174 148.3446 37.11869 72.72174 148.3446 36.93248 71.62256 147.9063 36.93248 71.62256 147.9063 36.93248 71.62256 147.9063 38.14639 72.38819 148.119 38.14639 72.38819 148.119 38.14639 72.38819 148.119 37.76204 71.01715 147.614 37.76204 71.01715 147.614 37.76204 71.01715 147.614 85.43448 47.95189 122.0251 85.43448 47.95189 122.0251 85.43448 47.95189 122.0251 84.93435 46.38248 121.4663 84.93435 46.38248 121.4663 84.93435 46.38248 121.4663 86.15855 47.5032 121.8931 86.15855 47.5032 121.8931 86.15855 47.5032 121.8931 85.57779 45.84519 121.318 85.57779 45.84519 121.318 85.57779 45.84519 121.318 86.6999 47.04873 121.8409 86.6999 47.04873 121.8409 86.6999 47.04873 121.8409 85.96466 45.49543 121.3519 85.96466 45.49543 121.3519 85.96466 45.49543 121.3519 87.15552 46.3172 121.7973 87.51174 45.55753 121.5987 87.15552 46.3172 121.7973 87.51174 45.55753 121.5987 87.15552 46.3172 121.7973 87.51174 45.55753 121.5987 87.80622 44.66558 121.224 87.80622 44.66558 121.224 87.80622 44.66558 121.224 87.82355 44.32962 120.9647 87.82355 44.68814 120.9647 87.82355 44.68814 120.9647 87.82355 44.32962 120.9647 87.82355 44.32962 120.9647 86.54966 44.32962 120.776 86.54966 44.32962 120.776 86.54966 44.32962 120.776 86.53234 44.31186 121.0353 86.53234 44.31186 121.0353 86.53234 44.31186 121.0353 86.25886 45.13536 121.4596 86.45276 44.72185 121.3515 86.25886 45.13536 121.4596 86.45276 44.72185 121.3515 86.25886 45.13536 121.4596 86.45276 44.72185 121.3515 36.09054 72.86344 148.4972 36.09054 72.86344 148.4972 36.09054 72.86344 148.4972 36.0718 71.74118 148.0341 35.99744 71.75143 148.0451 36.0718 71.74118 148.0341 35.99744 71.75143 148.0451 36.0718 71.74118 148.0341 35.99744 71.75143 148.0451 37.15986 72.81597 148.5797 37.15986 72.81597 148.5797 37.15986 72.81597 148.5797 36.91719 71.38349 148.0085 36.91719 71.38349 148.0085 36.91719 71.38349 148.0085 38.20311 72.40826 148.3627 38.20311 72.40826 148.3627 38.20311 72.40826 148.3627 37.75552 70.81165 147.7746 37.75552 70.81165 147.7746 37.75552 70.81165 147.7746 85.48145 47.90551 122.2707 85.48145 47.90551 122.2707 85.48145 47.90551 122.2707 84.94474 46.22133 121.671 84.94474 46.22133 121.671 84.94474 46.22133 121.671 86.18543 47.39745 122.1278 86.18543 47.39745 122.1278 86.18543 47.39745 122.1278 85.60467 45.73944 121.5526 85.60467 45.73944 121.5526 85.60467 45.73944 121.5526 86.69129 46.90011 122.0562 86.69129 46.90011 122.0562 86.69129 46.90011 122.0562 86.00617 45.45266 121.6005 86.00617 45.45266 121.6005 86.00617 45.45266 121.6005 87.09439 46.16365 121.9884 87.42952 45.44896 121.8015 87.09439 46.16365 121.9884 87.42952 45.44896 121.8015 87.09439 46.16365 121.9884 87.42952 45.44896 121.8015 87.74608 44.63173 121.468 87.74608 44.63173 121.468 87.74608 44.63173 121.468 87.80622 44.32962 121.224 87.80622 44.32962 121.224 87.80622 44.32962 121.224 86.559 44.30212 121.2922 86.559 44.30212 121.2922 86.559 44.30212 121.2922 86.52015 44.73134 121.5893 86.32441 45.14879 121.6984 86.32441 45.14879 121.6984 86.52015 44.73134 121.5893 86.32441 45.14879 121.6984 86.52015 44.73134 121.5893 36.11113 72.9605 148.7353 36.11113 72.9605 148.7353 36.11113 72.9605 148.7353 36.0718 71.5 148.134 35.9898 71.5113 148.1461 36.0718 71.5 148.134 35.9898 71.5113 148.1461 36.0718 71.5 148.134 35.9898 71.5113 148.1461 37.19566 72.84511 148.8332 37.19566 72.84511 148.8332 37.19566 72.84511 148.8332 36.91307 71.17695 148.168 36.91307 71.17695 148.168 36.91307 71.17695 148.168 38.24747 72.36324 148.6098 38.24747 72.36324 148.6098 38.24747 72.36324 148.6098 37.76714 70.64986 147.9786 37.76714 70.64986 147.9786 37.76714 70.64986 147.9786 85.51114 47.79809 122.5038 85.51114 47.79809 122.5038 85.51114 47.79809 122.5038 84.97443 46.11391 121.9041 84.97443 46.11391 121.9041 84.97443 46.11391 121.9041 86.19161 47.2388 122.3348 86.19161 47.2388 122.3348 86.19161 47.2388 122.3348 85.65043 45.69379 121.7989 85.65043 45.69379 121.7989 85.65043 45.69379 121.7989 86.65764 46.71206 122.232 86.65764 46.71206 122.232 86.65764 46.71206 122.232 86.06931 45.4691 121.8407 86.06931 45.4691 121.8407 86.06931 45.4691 121.8407 87.00662 45.98839 122.1302 87.31767 45.32503 121.9567 87.00662 45.98839 122.1302 87.31767 45.32503 121.9567 87.00662 45.98839 122.1302 87.31767 45.32503 121.9567 87.64722 44.58891 121.6801 87.64722 44.58891 121.6801 87.64722 44.58891 121.6801 87.74608 44.32962 121.468 87.74608 44.32962 121.468 87.74608 44.32962 121.468 86.62785 44.30587 121.5292 86.62785 44.30587 121.5292 86.62785 44.30587 121.5292 86.61989 44.77438 121.7939 86.41579 45.20965 121.9077 86.41579 45.20965 121.9077 86.61989 44.77438 121.7939 86.41579 45.20965 121.9077 86.61989 44.77438 121.7939 36.12903 72.99211 148.9915 36.12903 72.99211 148.9915 36.12903 72.99211 148.9915 36.0718 71.29289 148.2929 35.98774 71.30448 148.3054 36.0718 71.29289 148.2929 35.98774 71.30448 148.3054 36.0718 71.29289 148.2929 35.98774 71.30448 148.3054 37.22367 72.80717 149.0879 37.22367 72.80717 149.0879 37.22367 72.80717 149.0879 36.92041 71.01702 148.374 36.92041 71.01702 148.374 36.92041 71.01702 148.374 38.27645 72.25618 148.8432 38.27645 72.25618 148.8432 38.27645 72.25618 148.8432 37.79612 70.54281 148.2121 37.79612 70.54281 148.2121 37.79612 70.54281 148.2121 85.52154 47.63694 122.7085 85.52154 47.63694 122.7085 85.52154 47.63694 122.7085 85.0214 46.06753 122.1496 85.0214 46.06753 122.1496 85.0214 46.06753 122.1496 86.17666 47.03808 122.5002 86.17666 47.03808 122.5002 86.17666 47.03808 122.5002 85.71194 45.71134 122.04 85.71194 45.71134 122.04 85.71194 45.71134 122.04 86.60124 46.4974 122.3562 86.60124 46.4974 122.3562 86.60124 46.4974 122.3562 86.1498 45.54365 122.056 86.1498 45.54365 122.056 86.1498 45.54365 122.056 87.18382 45.19418 122.0537 86.89818 45.80334 122.213 87.18382 45.19418 122.0537 86.89818 45.80334 122.213 86.89818 45.80334 122.213 87.18382 45.19418 122.0537 87.51637 44.54003 121.8459 87.51637 44.54003 121.8459 87.51637 44.54003 121.8459 87.64722 44.32962 121.6801 87.64722 44.32962 121.6801 87.64722 44.32962 121.6801 86.73419 44.32284 121.7301 86.73419 44.32284 121.7301 86.73419 44.32284 121.7301 86.52677 45.31381 122.0731 86.74518 44.84803 121.9513 86.74518 44.84803 121.9513 86.52677 45.31381 122.0731 86.52677 45.31381 122.0731 86.74518 44.84803 121.9513 36.14304 72.95611 149.2482 36.14304 72.95611 149.2482 36.14304 72.95611 149.2482 36.0718 71.13397 148.5 35.99141 71.14505 148.5119 35.99141 71.14505 148.5119 36.0718 71.13397 148.5 36.0718 71.13397 148.5 35.99141 71.14505 148.5119 37.24197 72.70475 149.3263 37.24197 72.70475 149.3263 37.24197 72.70475 149.3263 36.93871 70.9146 148.6125 36.93871 70.9146 148.6125 36.93871 70.9146 148.6125 38.28808 72.09439 149.0473 38.28808 72.09439 149.0473 38.28808 72.09439 149.0473 37.84048 70.49778 148.4591 37.84048 70.49778 148.4591 37.84048 70.49778 148.4591 85.51192 47.43304 122.8708 85.51192 47.43304 122.8708 85.51192 47.43304 122.8708 85.08244 46.08536 122.391 85.08244 46.08536 122.391 85.08244 46.08536 122.391 86.14161 46.80895 122.6125 86.14161 46.80895 122.6125 86.14161 46.80895 122.6125 85.78501 45.79091 122.2594 85.78501 45.79091 122.2594 85.78501 45.79091 122.2594 86.52593 46.27076 122.4206 86.52593 46.27076 122.4206 86.52593 46.27076 122.4206 86.24214 45.67121 122.2318 86.24214 45.67121 122.2318 86.24214 45.67121 122.2318 87.03709 45.06533 122.0858 86.77648 45.62112 122.2311 87.03709 45.06533 122.0858 86.77648 45.62112 122.2311 86.77648 45.62112 122.2311 87.03709 45.06533 122.0858 87.36247 44.48842 121.9541 87.36247 44.48842 121.9541 87.36247 44.48842 121.9541 87.51637 44.32962 121.8459 87.51637 44.32962 121.8459 87.51637 44.32962 121.8459 86.76607 44.32962 121.7654 86.87077 44.35189 121.8813 86.87077 44.35189 121.8813 86.76607 44.32962 121.7654 86.76607 44.32962 121.7654 86.87077 44.35189 121.8813 86.6498 45.45415 122.1834 86.88748 44.94727 122.0509 86.88748 44.94727 122.0509 86.6498 45.45415 122.1834 86.6498 45.45415 122.1834 86.88748 44.94727 122.0509 36.15218 72.85495 149.4881 36.15218 72.85495 149.4881 36.15218 72.85495 149.4881 36.0718 71.03407 148.7412 36.00056 71.04389 148.7518 36.00056 71.04389 148.7518 36.0718 71.03407 148.7412 36.0718 71.03407 148.7412 36.00056 71.04389 148.7518 37.24931 72.54482 149.5323 37.24931 72.54482 149.5323 37.24931 72.54482 149.5323 36.96672 70.87666 148.8672 36.96672 70.87666 148.8672 36.96672 70.87666 148.8672 38.28155 71.8889 149.2079 38.28155 71.8889 149.2079 38.28155 71.8889 149.2079 37.8972 70.51785 148.7029 37.8972 70.51785 148.7029 37.8972 70.51785 148.7029 85.48295 47.2003 122.9798 85.48295 47.2003 122.9798 85.48295 47.2003 122.9798 85.1534 46.16619 122.6116 85.1534 46.16619 122.6116 85.1534 46.16619 122.6116 86.08883 46.56704 122.6643 86.08883 46.56704 122.6643 86.08883 46.56704 122.6643 85.86466 45.92707 122.4423 85.86466 45.92707 122.4423 85.86466 45.92707 122.4423 86.43684 46.04759 122.4205 86.43684 46.04759 122.4205 86.43684 46.04759 122.4205 86.34004 45.8431 122.3562 86.34004 45.8431 122.3562 86.34004 45.8431 122.3562 87.19599 44.4376 121.9972 87.19599 44.4376 121.9972 87.19599 44.4376 121.9972 87.36247 44.32962 121.9541 87.36247 44.32962 121.9541 87.36247 44.32962 121.9541 86.86248 44.32962 121.8721 86.87077 44.32962 121.8813 86.79227 44.32962 121.7944 86.79227 44.32962 121.7944 86.86248 44.32962 121.8721 86.87077 44.32962 121.8813 86.87077 44.32962 121.8813 86.79227 44.32962 121.7944 86.86248 44.32962 121.8721 87.02828 44.39103 121.9724 87.02828 44.39103 121.9724 87.02828 44.39103 121.9724 36.15585 72.69552 149.6946 36.15585 72.69552 149.6946 36.15585 72.69552 149.6946 36.0718 71 149 36.01456 71.00789 149.0085 36.01456 71.00789 149.0085 36.0718 71 149 36.0718 71 149 36.01456 71.00789 149.0085 37.24519 72.33828 149.6919 37.24519 72.33828 149.6919 37.24519 72.33828 149.6919 37.00252 70.9058 149.1207 37.00252 70.9058 149.1207 37.00252 70.9058 149.1207 38.25733 71.65369 149.3143 38.25733 71.65369 149.3143 38.25733 71.65369 149.3143 37.9624 70.60166 148.9267 37.9624 70.60166 148.9267 37.9624 70.60166 148.9267 85.4366 46.95457 123.028 85.4366 46.95457 123.028 85.4366 46.95457 123.028 85.22944 46.3045 122.7965 85.22944 46.3045 122.7965 85.22944 46.3045 122.7965 86.02193 46.32882 122.6519 86.02193 46.32882 122.6519 86.02193 46.32882 122.6519 85.94548 46.11054 122.5762 85.94548 46.11054 122.5762 85.94548 46.11054 122.5762 87.19599 44.32962 121.9972 87.19599 44.32962 121.9972 87.19599 44.32962 121.9972 86.93683 44.32962 121.9195 87.02113 44.32962 121.9682 87.02828 44.32962 121.9724 87.02828 44.32962 121.9724 87.02113 44.32962 121.9682 86.93683 44.32962 121.9195 86.93683 44.32962 121.9195 87.02113 44.32962 121.9682 87.02828 44.32962 121.9724 36.1538 72.4887 149.8539 36.1538 72.4887 149.8539 36.1538 72.4887 149.8539 36.03246 71.0395 149.2647 36.0718 71.03407 149.2588 36.0718 71.03407 149.2588 36.03246 71.0395 149.2647 36.0718 71.03407 149.2588 36.03246 71.0395 149.2647 37.2299 72.09921 149.794 37.2299 72.09921 149.794 37.2299 72.09921 149.794 37.04369 71.00003 149.3557 37.04369 71.00003 149.3557 37.04369 71.00003 149.3557 38.21706 71.40482 149.359 38.21706 71.40482 149.359 38.21706 71.40482 149.359 38.03166 70.74348 149.1154 38.03166 70.74348 149.1154 38.03166 70.74348 149.1154 85.37604 46.71259 123.0121 85.37604 46.71259 123.0121 85.37604 46.71259 123.0121 85.30538 46.49087 122.9331 85.30538 46.49087 122.9331 85.30538 46.49087 122.9331 87.07756 44.32962 121.9797 87.07756 44.32962 121.9797 87.07756 44.32962 121.9797 36.14615 72.24857 149.9549 36.14615 72.24857 149.9549 36.14615 72.24857 149.9549 36.05305 71.13656 149.5028 36.0718 71.13397 149.5 36.0718 71.13397 149.5 36.05305 71.13656 149.5028 36.0718 71.13397 149.5 36.05305 71.13656 149.5028 37.20447 71.84389 149.8319 37.20447 71.84389 149.8319 37.20447 71.84389 149.8319 37.08742 71.15292 149.5564 37.08742 71.15292 149.5564 37.08742 71.15292 149.5564 38.16348 71.15923 149.3392 38.16348 71.15923 149.3392 38.16348 71.15923 149.3392 38.10024 70.93366 149.2561 38.10024 70.93366 149.2561 38.10024 70.93366 149.2561 36.13344 71.9915 149.9909 36.13344 71.9915 149.9909 36.13344 71.9915 149.9909 36.07491 71.29246 149.7066 36.07491 71.29246 149.7066 36.07491 71.29246 149.7066 37.17064 71.58974 149.8028 37.17064 71.58974 149.8028 37.17064 71.58974 149.8028 37.13072 71.35406 149.7089 37.13072 71.35406 149.7089 37.13072 71.35406 149.7089 36.11652 71.73502 149.9593 36.11652 71.73502 149.9593 36.11652 71.73502 149.9593 36.09656 71.49659 149.8624 36.09656 71.49659 149.8624 36.09656 71.49659 149.8624</float_array>
                    <technique_common>
                        <accessor count="789" source="#ID154" stride="3">
                            <param name="X" type="float" />
                            <param name="Y" type="float" />
                            <param name="Z" type="float" />
                        </accessor>
                    </technique_common>
                </source>
                <source id="ID151">
                    <float_array id="ID155" count="2367">0.1216957 0.3826728 -0.9158339 -0.1015603 0.1531094 -0.9829766 -0.1682116 0.2181372 -0.9613121 0.2378478 0.2659807 -0.9341749 -0.2378478 -0.2659807 0.9341749 -0.1216957 -0.3826728 0.9158339 0.1015603 -0.1531094 0.9829766 0.1682116 -0.2181372 0.9613121 0 0 0 0 0 0 0 0 0 0 0 0 -0.03579692 0.4738388 -0.8798837 -0.256094 0.2678585 -0.9287991 0.03579692 -0.4738388 0.8798837 0.256094 -0.2678585 0.9287991 0 0 0 0 0 0 0.3872405 0.5024269 -0.7730537 0.5245773 0.3410566 -0.7800635 -0.5245773 -0.3410566 0.7800635 -0.3872405 -0.5024269 0.7730537 0 0 0 0 0 0 -0.0535482 0.05853286 -0.9968483 0.3153153 0.1018251 -0.9435083 -0.3153153 -0.1018251 0.9435083 0.0535482 -0.05853286 0.9968483 0 0 0 0 0 0 -0.4184974 0.02703204 -0.9078156 -0.4288452 0.039993 -0.9024923 0.4184974 -0.02703204 0.9078156 0.4288452 -0.039993 0.9024923 0 0 0 0 0 0 -0.1507652 0.5060074 -0.8492505 -0.3239809 0.2809755 -0.9033765 0.1507652 -0.5060074 0.8492505 0.3239809 -0.2809755 0.9033765 0 0 0 0 0 0 0.1871696 0.6382821 -0.7467017 -0.1871696 -0.6382821 0.7467017 0 0 0 -0.4439889 0.05120485 -0.894568 0.4439889 -0.05120485 0.894568 0 0 0 0.5925755 0.5655751 -0.5735671 0.7249055 0.3748989 -0.5778951 -0.7249055 -0.3748989 0.5778951 -0.5925755 -0.5655751 0.5735671 0 0 0 0 0 0 0.6100075 0.1293901 -0.7817602 -0.6100075 -0.1293901 0.7817602 0 0 0 -0.05321862 -3.224378e-15 -0.9985829 0.1464616 -6.306164e-15 -0.9892164 0.3294011 -3.787704e-15 -0.9441901 -0.3294011 3.787704e-15 0.9441901 -0.1464616 6.306164e-15 0.9892164 0.05321862 3.224378e-15 0.9985829 0 0 0 0 0 0 0 0 0 -0.4078515 0.009965588 -0.9129939 0.4078515 -0.009965588 0.9129939 0 0 0 -0.655122 -0.08558208 -0.7506603 -0.6247431 -0.1220715 -0.7712293 0.655122 0.08558208 0.7506603 0.6247431 0.1220715 0.7712293 0 0 0 0 0 0 -0.1820176 0.5125653 -0.8391343 -0.3406638 0.2843692 -0.8961486 0.1820176 -0.5125653 0.8391343 0.3406638 -0.2843692 0.8961486 0 0 0 0 0 0 0.04079392 0.6938397 -0.7189731 -0.04079392 -0.6938397 0.7189731 0 0 0 -0.4625947 0.0475901 -0.8852917 0.4625947 -0.0475901 0.8852917 0 0 0 0.3834481 0.7404145 -0.5520452 -0.3834481 -0.7404145 0.5520452 0 0 0 -0.5838594 -0.1509719 -0.797694 0.5838594 0.1509719 0.797694 0 0 0 0.8479249 0.3786903 -0.3709677 0.7316715 0.5801002 -0.3579673 -0.7316715 -0.5801002 0.3579673 -0.8479249 -0.3786903 0.3709677 0 0 0 0 0 0 0.8029634 0.1407094 -0.579181 -0.8029634 -0.1407094 0.579181 0 0 0 0.5006488 -1.134803e-15 -0.8656505 0.5006488 -1.134803e-15 -0.8656505 0.6289341 1.389484e-15 -0.7774586 -0.6289341 -1.389484e-15 0.7774586 -0.5006488 1.134803e-15 0.8656505 -0.5006488 1.134803e-15 0.8656505 0 0 0 0 0 0 0 0 0 -0.4195942 -2.303457e-17 -0.9077118 0.4195942 2.303457e-17 0.9077118 0 0 0 -0.6717357 -0.03274441 -0.7400669 0.6717357 0.03274441 0.7400669 0 0 0 -0.7534122 -0.2556569 -0.6058132 -0.806444 -0.1743924 -0.5650091 0.7534122 0.2556569 0.6058132 0.806444 0.1743924 0.5650091 0 0 0 0 0 0 -0.18303 0.514402 -0.8377891 -0.3264479 0.2827749 -0.9019258 0.18303 -0.514402 0.8377891 0.3264479 -0.2827749 0.9019258 0 0 0 0 0 0 -0.002582421 0.7053722 -0.7088325 0.002582421 -0.7053722 0.7088325 0 0 0 -0.465419 0.04806464 -0.8837844 0.465419 -0.04806464 0.8837844 0 0 0 0.2270179 0.8192556 -0.5265767 -0.2270179 -0.8192556 0.5265767 0 0 0 -0.5610723 -0.1731159 -0.809462 0.5610723 0.1731159 0.809462 0 0 0 0.5363254 0.777436 -0.3285549 -0.5363254 -0.777436 0.3285549 0 0 0 -0.6754343 -0.3270443 -0.6609316 0.6754343 0.3270443 0.6609316 0 0 0 0.9149372 0.3636649 -0.1750365 0.8150921 0.5600621 -0.1481732 -0.8150921 -0.5600621 0.1481732 -0.9149372 -0.3636649 0.1750365 0 0 0 0 0 0 0.8838718 0.2769335 -0.3769329 -0.8838718 -0.2769335 0.3769329 0 0 0 0.7419773 3.880097e-15 -0.670425 0.7419773 3.880097e-15 -0.670425 0.8191976 8.179261e-16 -0.5735114 -0.8191976 -8.179261e-16 0.5735114 -0.7419773 -3.880097e-15 0.670425 -0.7419773 -3.880097e-15 0.670425 0 0 0 0 0 0 0 0 0 -0.6871815 1.765911e-18 -0.7264858 0.6871815 -1.765911e-18 0.7264858 0 0 0 -0.8375474 -0.06576632 -0.5423921 0.8375474 0.06576632 0.5423921 0 0 0 -0.8281703 -0.3616409 -0.4281936 -0.893614 -0.241644 -0.3782357 0.8281703 0.3616409 0.4281936 0.893614 0.241644 0.3782357 0 0 0 0 0 0 -0.1080907 0.517292 -0.8489554 -0.2021103 0.2801233 -0.9384468 0.1080907 -0.517292 0.8489554 0.2021103 -0.2801233 0.9384468 0 0 0 0 0 0 -0.02016103 0.7111672 -0.7027338 0.02016103 -0.7111672 0.7027338 0 0 0 -0.4391153 0.04196435 -0.8974501 0.4391153 -0.04196435 0.8974501 0 0 0 0.1769488 0.8373639 -0.5172144 -0.1769488 -0.8373639 0.5172144 0 0 0 -0.5522685 -0.1767582 -0.8147123 0.5522685 0.1767582 0.8147123 0 0 0 0.3866226 0.8722592 -0.2994776 -0.3866226 -0.8722592 0.2994776 0 0 0 -0.6208549 -0.370576 -0.6908058 0.6208549 0.370576 0.6908058 0 0 0 0.6424996 0.7593847 -0.1026115 -0.6424996 -0.7593847 0.1026115 0 0 0 -0.7248642 -0.4750844 -0.4988653 0.7248642 0.4750844 0.4988653 0 0 0 0.8552121 0.5158741 0.0498624 0.9418254 0.3359551 0.009952017 -0.8552121 -0.5158741 -0.0498624 -0.9418254 -0.3359551 -0.009952017 0 0 0 0 0 0 0.945836 0.265737 -0.1864889 -0.945836 -0.265737 0.1864889 0 0 0 0.8838389 -2.256804e-15 -0.4677914 0.8838389 -2.256804e-15 -0.4677914 0.9268853 -1.761313e-15 -0.3753446 0.9279997 -1.74654e-15 -0.372581 -0.9279997 1.74654e-15 0.372581 -0.9268853 1.761313e-15 0.3753446 -0.8838389 2.256804e-15 0.4677914 -0.8838389 2.256804e-15 0.4677914 0 0 0 0 0 0 0 0 0 -0.851425 -2.628027e-17 -0.5244763 0.851425 2.628027e-17 0.5244763 0 0 0 -0.9321495 -0.09031743 -0.3506282 0.9321495 0.09031743 0.3506282 0 0 0 -0.8614412 -0.4447618 -0.2451654 -0.9359167 -0.2925784 -0.1961066 0.8614412 0.4447618 0.2451654 0.9359167 0.2925784 0.1961066 0 0 0 0 0 0 -0.05773834 0.5071375 -0.8599289 -0.1070223 0.2576312 -0.9602981 -0.1056733 0.2653226 -0.9583512 -0.05948346 0.4992839 -0.8643942 0.05948346 -0.4992839 0.8643942 0.1070223 -0.2576312 0.9602981 0.05773834 -0.5071375 0.8599289 0.1056733 -0.2653226 0.9583512 0 0 0 0 0 0 0 0 0 0 0 0 -0.005217084 0.7179319 -0.6960938 0.005217084 -0.7179319 0.6960938 0 0 0 -0.2795216 0.02661736 -0.9597704 0.2795216 -0.02661736 0.9597704 0 0 0 0.1444902 0.8489101 -0.5084036 -0.1444902 -0.8489101 0.5084036 0 0 0 -0.5171393 -0.1889234 -0.8347903 0.5171393 0.1889234 0.8347903 0 0 0 0.335954 0.8962638 -0.2895619 -0.335954 -0.8962638 0.2895619 0 0 0 -0.6025853 -0.3798208 -0.701874 0.6025853 0.3798208 0.701874 0 0 0 0.5082107 0.8587542 -0.06529214 -0.5082107 -0.8587542 0.06529214 0 0 0 -0.6451555 -0.5409175 -0.5396134 0.6451555 0.5409175 0.5396134 0 0 0 0.7060521 0.699327 0.1114995 -0.7060521 -0.699327 -0.1114995 0 0 0 -0.7373061 -0.5962119 -0.317665 0.7373061 0.5962119 0.317665 0 0 0 0.8596151 0.4522435 0.2377767 0.9357971 0.2972681 0.1895139 -0.8596151 -0.4522435 -0.2377767 -0.9357971 -0.2972681 -0.1895139 0 0 0 0 0 0 0.9691848 0.246248 -0.006544095 -0.9691848 -0.246248 0.006544095 0 0 0 0.9602927 -1.247506e-15 -0.2789945 0.981415 -6.255742e-16 -0.1918976 0.981289 -6.301451e-16 -0.1925407 -0.981289 6.301451e-16 0.1925407 -0.981415 6.255742e-16 0.1918976 -0.9602927 1.247506e-15 0.2789945 0 0 0 0 0 0 -0.9431327 -4.384946e-17 -0.3324166 0.9431327 4.384946e-17 0.3324166 0 0 0 -0.9694229 -0.141782 -0.2002927 0.9694229 0.141782 0.2002927 0 0 0 -0.8592443 -0.5085267 -0.05567573 -0.9434708 -0.3311135 -0.0150534 0.8592443 0.5085267 0.05567573 0.9434708 0.3311135 0.0150534 0 0 0 0 0 0 -0.005568169 0.7137986 -0.7003289 0.005568169 -0.7137986 0.7003289 0 0 0 -0.1467679 0.0003373171 -0.9891709 -0.1459143 0.006643222 -0.9892749 0.1467679 -0.0003373171 0.9891709 0.1459143 -0.006643222 0.9892749 0 0 0 0 0 0 0.09691159 0.8649368 -0.4924352 -0.09691159 -0.8649368 0.4924352 0 0 0 -0.3356222 -0.2240523 -0.9149635 0.3356222 0.2240523 0.9149635 0 0 0 0.2928218 0.9147742 -0.2782868 -0.2928218 -0.9147742 0.2782868 0 0 0 -0.5610785 -0.3988401 -0.7253396 0.5610785 0.3988401 0.7253396 0 0 0 0.4613959 0.8855971 -0.05321301 -0.4613959 -0.8855971 0.05321301 0 0 0 -0.6188329 -0.5565759 -0.5543185 0.6188329 0.5565759 0.5543185 0 0 0 0.5898947 0.7919853 0.1574276 -0.5898947 -0.7919853 -0.1574276 0 0 0 -0.6357194 -0.6821273 -0.3613353 0.6357194 0.6821273 0.3613353 0 0 0 0.732271 0.606989 0.3087774 -0.732271 -0.606989 -0.3087774 0 0 0 -0.7139215 -0.6901141 -0.1185693 0.7139215 0.6901141 0.1185693 0 0 0 0.829609 0.3691876 0.4188668 0.8959305 0.2461264 0.3697706 -0.829609 -0.3691876 -0.4188668 -0.8959305 -0.2461264 -0.3697706 0 0 0 0 0 0 0.9808649 0.1112422 0.1597785 -0.9808649 -0.1112422 -0.1597785 0 0 0 0.9998315 1.427447e-20 -0.01835705 0.9997627 6.945448e-20 -0.02178414 -0.9997627 -6.945448e-20 0.02178414 -0.9998315 -1.427447e-20 0.01835705 0 0 0 -0.9709468 0 -0.2392953 0.9709468 -0 0.2392953 0 0 0 -0.9694709 -0.2452027 -0.001374683 0.9694709 0.2452027 0.001374683 0 0 0 -0.8204961 -0.5532082 0.1440378 -0.917558 -0.3587669 0.1713875 0.8204961 0.5532082 -0.1440378 0.917558 0.3587669 -0.1713875 0 0 0 0 0 0 0.04689458 0.8695979 -0.4915287 -0.04689458 -0.8695979 0.4915287 0 0 0 -0.1762074 -0.2545031 -0.9508834 -0.1758117 -0.2503736 -0.9520521 0.1762074 0.2545031 0.9508834 0.1758117 0.2503736 0.9520521 0 0 0 0 0 0 0.1893005 0.9479241 -0.2561352 -0.1893005 -0.9479241 0.2561352 0 0 0 -0.3683194 -0.4559113 -0.8102381 0.3683194 0.4559113 0.8102381 0 0 0 0.4124781 0.9101603 -0.03834139 -0.4124781 -0.9101603 0.03834139 0 0 0 -0.5725141 -0.581815 -0.5776841 0.5725141 0.581815 0.5776841 0 0 0 0.5491919 0.8178079 0.1719842 -0.5491919 -0.8178079 -0.1719842 0 0 0 -0.6020259 -0.7038265 -0.3770849 0.6020259 0.7038265 0.3770849 0 0 0 0.6343853 0.6842527 0.3596575 -0.6343853 -0.6842527 -0.3596575 0 0 0 -0.5916654 -0.7903978 -0.1587557 0.5916654 0.7903978 0.1587557 0 0 0 0.7240642 0.4871367 0.4882917 -0.7240642 -0.4871367 -0.4882917 0 0 0 -0.6513193 -0.7524307 0.09813915 0.6513193 0.7524307 -0.09813915 0 0 0 0.7600115 0.2634066 0.5941376 0.8129865 0.1785417 0.5542345 -0.7600115 -0.2634066 -0.5941376 -0.8129865 -0.1785417 -0.5542345 0 0 0 0 0 0 0.9364116 0.09274983 0.3384239 -0.9364116 -0.09274983 -0.3384239 0 0 0 0.9881372 2.851732e-18 0.1535737 -0.9881372 -2.851732e-18 -0.1535737 0 0 0 -0.9477352 -0.2649798 0.1777179 0.9477352 0.2649798 -0.1777179 0 0 0 -0.85074 -0.3740306 0.369246 -0.7369065 -0.5744456 0.3563441 0.7369065 0.5744456 -0.3563441 0.85074 0.3740306 -0.369246 0 0 0 0 0 0 0.09572081 0.9635537 -0.2498037 -0.09572081 -0.9635537 0.2498037 0 0 0 -0.193701 -0.490406 -0.8496951 -0.1936123 -0.4886538 -0.8507243 0.193701 0.490406 0.8496951 0.1936123 0.4886538 0.8507243 0 0 0 0 0 0 0.2655125 0.964083 -0.006859126 -0.2655125 -0.964083 0.006859126 0 0 0 -0.376976 -0.6561629 -0.653712 0.376976 0.6561629 0.653712 0 0 0 0.4984759 0.8455039 0.1914289 -0.4984759 -0.8455039 -0.1914289 0 0 0 -0.5520089 -0.7330928 -0.3973174 0.5520089 0.7330928 0.3973174 0 0 0 0.6006177 0.7058956 0.3754594 -0.6006177 -0.7058956 -0.3754594 0 0 0 -0.5509646 -0.8163428 -0.1732696 0.5509646 0.8163428 0.1732696 0 0 0 0.6445805 0.5434888 0.5377136 -0.6445805 -0.5434888 -0.5377136 0 0 0 -0.5099046 -0.8578046 0.06456437 0.5099046 0.8578046 -0.06456437 0 0 0 0.680557 0.3405589 0.6487386 -0.680557 -0.3405589 -0.6487386 0 0 0 -0.5426004 -0.7732047 0.3282368 0.5426004 0.7732047 -0.3282368 0 0 0 0.639389 0.1302405 0.7577725 0.6688239 0.0891222 0.7380595 -0.639389 -0.1302405 -0.7577725 -0.6688239 -0.0891222 -0.7380595 0 0 0 0 0 0 0.8470227 0.06784383 0.5272095 -0.8470227 -0.06784383 -0.5272095 0 0 0 0.9431327 1.285133e-18 0.3324166 -0.9431327 -1.285133e-18 -0.3324166 0 0 0 -0.8880276 -0.2766216 0.3672704 0.8880276 0.2766216 -0.3672704 0 0 0 -0.7258388 -0.3711366 0.5791508 -0.5939336 -0.5618217 0.5758465 0.5939336 0.5618217 -0.5758465 0.7258388 0.3711366 -0.5791508 0 0 0 0 0 0 0.1374824 0.9904825 0.006562462 -0.1374824 -0.9904825 -0.006562462 0 0 0 -0.1983806 -0.6930703 -0.6930359 -0.1983782 -0.6933088 -0.692798 0.1983806 0.6930703 0.6930359 0.1983782 0.6933088 0.692798 0 0 0 0 0 0 0.3220172 0.9164454 0.2375559 -0.3220172 -0.9164454 -0.2375559 0 0 0 -0.3614983 -0.8140914 -0.4545043 0.3614983 0.8140914 0.4545043 0 0 0 0.5507489 0.7330354 0.3991676 -0.5507489 -0.7330354 -0.3991676 0 0 0 -0.4985982 -0.8460884 -0.1885052 0.4985982 0.8460884 0.1885052 0 0 0 0.6181298 0.559145 0.5525146 -0.6181298 -0.559145 -0.5525146 0 0 0 -0.4629862 -0.8848064 0.05254825 0.4629862 0.8848064 -0.05254825 0 0 0 0.6213084 0.3735757 0.6887794 -0.6213084 -0.3735757 -0.6887794 0 0 0 -0.3874246 -0.8718362 0.2996729 0.3874246 0.8718362 -0.2996729 0 0 0 0.5970146 0.1663132 0.7848016 -0.5970146 -0.1663132 -0.7848016 0 0 0 -0.3815403 -0.7376794 0.5570063 0.3815403 0.7376794 -0.5570063 0 0 0 0.4414078 -0.02454984 0.8969707 0.4535109 -0.03166315 0.8906881 -0.4414078 0.02454984 -0.8969707 -0.4535109 0.03166315 -0.8906881 0 0 0 0 0 0 0.6899517 0.03397561 0.7230576 -0.6899517 -0.03397561 -0.7230576 0 0 0 0.851425 8.971443e-18 0.5244763 -0.851425 -8.971443e-18 -0.5244763 0 0 0 -0.7735718 -0.2763075 0.5702989 0.7735718 0.2763075 -0.5702989 0 0 0 -0.3782566 -0.4999679 0.7790726 -0.518781 -0.3389753 0.7848325 0.518781 0.3389753 -0.7848325 0.3782566 0.4999679 -0.7790726 0 0 0 0 0 0 0.1695556 0.9507205 0.2595793 -0.1695556 -0.9507205 -0.2595793 0 0 0 -0.1900284 -0.8503383 -0.490728 -0.1898732 -0.8517046 -0.4884133 0.1898732 0.8517046 0.4884133 0.1900284 0.8503383 0.490728 0 0 0 0 0 0 0.3573762 0.8114356 0.462444 -0.3573762 -0.8114356 -0.462444 0 0 0 -0.3220762 -0.9200482 -0.2231102 0.3220762 0.9200482 0.2231102 0 0 0 0.57083 0.582501 0.5786585 -0.57083 -0.582501 -0.5786585 0 0 0 -0.4107117 -0.9107755 0.0424726 0.4107117 0.9107755 -0.0424726 0 0 0 0.6028432 0.3828434 0.7000078 -0.6028432 -0.3828434 -0.7000078 0 0 0 -0.336556 -0.8959507 0.2898317 0.336556 0.8959507 -0.2898317 0 0 0 0.5628195 0.1765519 0.8075046 -0.5628195 -0.1765519 -0.8075046 0 0 0 -0.2260046 -0.8187796 0.5277517 0.2260046 0.8187796 -0.5277517 0 0 0 0.4664907 -0.03440777 0.8838566 -0.4664907 0.03440777 -0.8838566 0 0 0 -0.171969 -0.633232 0.7546151 0.171969 0.633232 -0.7546151 0 0 0 0.1282382 -0.151985 0.9800283 0.1983443 -0.2112682 0.9570921 -0.1282382 0.151985 -0.9800283 -0.1983443 0.2112682 -0.9570921 0 0 0 0 0 0 0.4368872 -0.01012829 0.8994593 -0.4368872 0.01012829 -0.8994593 0 0 0 0.6871815 1.702142e-17 0.7264858 -0.6871815 -1.702142e-17 -0.7264858 0 0 0 -0.6916494 -0.2580823 0.6745477 -0.6018479 -0.1276942 0.7883358 0.6018479 0.1276942 -0.7883358 0.6916494 0.2580823 -0.6745477 0 0 0 0 0 0 -0.09845595 -0.3788251 0.9202163 -0.2197563 -0.2652623 0.9387987 0.2197563 0.2652623 -0.9387987 0.09845595 0.3788251 -0.9202163 0 0 0 0 0 0 0.1901851 0.8489409 0.4930811 -0.1901851 -0.8489409 -0.4930811 0 0 0 -0.1690374 -0.9521038 -0.2548034 -0.1685233 -0.9534417 -0.2500974 0.1685233 0.9534417 0.2500974 0.1690374 0.9521038 0.2548034 0 0 0 0 0 0 0.3712095 0.6570809 0.6560855 -0.3712095 -0.6570809 -0.6560855 0 0 0 -0.2596433 -0.9653137 0.02747356 0.2596433 0.9653137 -0.02747356 0 0 0 0.5596298 0.4004098 0.7255939 -0.5596298 -0.4004098 -0.7255939 0 0 0 -0.2886668 -0.9145326 0.2833754 0.2886668 0.9145326 -0.2833754 0 0 0 0.5537159 0.1802113 0.8129714 -0.5537159 -0.1802113 -0.8129714 0 0 0 -0.1757726 -0.8368684 0.5184162 0.1757726 0.8368684 -0.5184162 0 0 0 0.4657857 -0.04383745 0.8838111 -0.4657857 0.04383745 -0.8838111 0 0 0 -0.0376322 -0.6924343 0.7204988 0.0376322 0.6924343 -0.7204988 0 0 0 0.285221 -0.2520635 0.9247232 -0.285221 0.2520635 -0.9247232 0 0 0 0.06267342 -0.462926 0.8841785 -0.06267342 0.462926 -0.8841785 0 0 0 0.08608263 -0.05952674 0.9945081 -0.08608263 0.05952674 -0.9945081 0 0 0 0.4195942 5.785744e-18 0.9077118 -0.4195942 -5.785744e-18 -0.9077118 0 0 0 -0.7419773 1.425948e-13 0.670425 -0.6289341 6.468053e-14 0.7774586 -0.7419773 1.425948e-13 0.670425 0.7419773 -1.425948e-13 -0.670425 0.7419773 -1.425948e-13 -0.670425 0.6289341 -6.468053e-14 -0.7774586 0 0 0 0 0 0 0 0 0 -0.2935188 -0.1018044 0.950517 0.2935188 0.1018044 -0.950517 0 0 0 0.1983831 0.6928273 0.6932781 -0.1983831 -0.6928273 -0.6932781 0 0 0 -0.1364802 -0.9906427 0.0003387907 -0.1354845 -0.9907537 0.00715046 0.1354845 0.9907537 -0.00715046 0.1364802 0.9906427 -0.0003387907 0 0 0 0 0 0 0.3634755 0.4622616 0.8088262 -0.3634755 -0.4622616 -0.8088262 0 0 0 -0.1769222 -0.9433396 0.2807293 0.1769222 0.9433396 -0.2807293 0 0 0 0.5166183 0.1915505 0.8345142 -0.5166183 -0.1915505 -0.8345142 0 0 0 -0.1382576 -0.8468681 0.5135166 0.1382576 0.8468681 -0.5135166 0 0 0 0.4681812 -0.04431338 0.8825207 -0.4681812 0.04431338 -0.8825207 0 0 0 0.005661162 -0.7038581 0.7103181 -0.005661162 0.7038581 -0.7103181 0 0 0 0.3283325 -0.2773566 0.9029236 -0.3283325 0.2773566 -0.9029236 0 0 0 0.1552481 -0.5032682 0.8500701 -0.1552481 0.5032682 -0.8500701 0 0 0 0.05321862 1.074249e-14 0.9985829 -0.05321862 -1.074249e-14 -0.9985829 0 0 0 -0.5006488 -1.480127e-14 0.8656505 -0.5006488 -1.480127e-14 0.8656505 -0.3294011 3.18372e-15 0.9441901 0.3294011 -3.18372e-15 -0.9441901 0.5006488 1.480127e-14 -0.8656505 0.5006488 1.480127e-14 -0.8656505 0 0 0 0 0 0 0 0 0 0.1937906 0.4921886 0.8486434 -0.1937906 -0.4921886 -0.8486434 0 0 0 -0.0927602 -0.9595026 0.2659893 -0.09423717 -0.9615535 0.2579425 0.09423717 0.9615535 -0.2579425 0.0927602 0.9595026 -0.2659893 0 0 0 0 0 0 0.3341901 0.2368609 0.9122576 -0.3341901 -0.2368609 -0.9122576 0 0 0 -0.07949409 -0.852319 0.5169459 0.07949409 0.852319 -0.5169459 0 0 0 0.440277 -0.0381336 0.8970518 -0.440277 0.0381336 -0.8970518 0 0 0 0.02706438 -0.7071281 0.7065673 -0.02706438 0.7071281 -0.7065673 0 0 0 0.3445173 -0.2807386 0.8958201 -0.3445173 0.2807386 -0.8958201 0 0 0 0.1861212 -0.5097492 0.8399492 -0.1861212 0.5097492 -0.8399492 0 0 0 -0.1464616 2.10557e-14 0.9892164 0.1464616 -2.10557e-14 -0.9892164 0 0 0 0.1766063 0.2586973 0.9496767 -0.1766063 -0.2586973 -0.9496767 0 0 0 -0.04324765 -0.8604845 0.5076377 -0.04506915 -0.8650697 0.499623 0.04506915 0.8650697 -0.499623 0.04324765 0.8604845 -0.5076377 0 0 0 0 0 0 0.2835833 -0.0074992 0.9589183 -0.2835833 0.0074992 -0.9589183 0 0 0 0.024165 -0.6978 0.7158849 -0.024165 0.6978 -0.7158849 0 0 0 0.3299127 -0.2778993 0.9021805 -0.3299127 0.2778993 -0.9021805 0 0 0 0.1887733 -0.5092872 0.8396375 -0.1887733 0.5092872 -0.8396375 0 0 0 0.1476275 0.006057636 0.9890245 -0.1476275 -0.006057636 -0.9890245 0 0 0 0.0094145 -0.7003404 0.7137469 -0.0094145 0.7003404 -0.7137469 0 0 0 0.2126977 -0.2565725 0.942831 -0.2126977 0.2565725 -0.942831 0 0 0 0.1243643 -0.493101 0.8610371 -0.1243643 0.493101 -0.8610371 0 0 0 0.1083782 -0.2498434 0.9622019 -0.1083782 0.2498434 -0.9622019 0 0 0 0.06123357 -0.4913424 0.8688113 -0.06123357 0.4913424 -0.8688113 0 0 0</float_array>
                    <technique_common>
                        <accessor count="789" source="#ID155" stride="3">
                            <param name="X" type="float" />
                            <param name="Y" type="float" />
                            <param name="Z" type="float" />
                        </accessor>
                    </technique_common>
                </source>
                <source id="ID152">
                    <Name_array id="ID156" count="0" />
                    <technique_common>
                        <accessor count="0" source="#ID156" stride="1">
                            <param name="skp_material" type="Name" />
                        </accessor>
                    </technique_common>
                </source>
                <vertices id="ID153">
                    <input semantic="POSITION" source="#ID150" />
                    <input semantic="NORMAL" source="#ID151" />
                </vertices>
                <triangles count="459" material="Material2">
                    <input offset="0" semantic="VERTEX" source="#ID153" />
                    <p>0 1 2 1 0 3 12 2 13 2 12 0 18 3 0 3 18 19 3 24 1 24 3 25 2 30 31 30 2 1 36 13 37 13 36 12 42 0 12 0 42 18 13 31 45 31 13 2 48 19 18 19 48 49 19 25 3 25 19 54 25 57 24 57 25 58 58 25 59 1 66 30 66 1 24 31 69 70 69 31 30 75 37 76 37 75 36 81 12 36 12 81 42 37 45 84 45 37 13 87 18 42 18 87 48 45 70 90 70 45 31 48 93 49 93 48 94 19 99 54 99 19 49 54 59 25 59 54 102 102 54 103 103 54 104 24 111 66 111 24 57 30 114 69 114 30 66 117 69 118 69 117 70 123 76 124 76 123 75 129 36 75 36 129 81 76 84 132 84 76 37 81 87 42 87 81 135 84 90 138 90 84 45 87 94 48 94 87 141 90 117 144 117 90 70 94 147 93 147 94 148 49 153 99 153 49 93 54 156 104 156 54 157 157 54 158 158 54 99 66 165 114 165 66 111 118 114 168 114 118 69 171 118 172 118 171 117 177 124 178 124 177 123 183 75 123 75 183 129 124 132 186 132 124 76 129 135 81 135 129 189 132 138 192 138 132 84 135 141 87 141 135 195 138 144 198 144 138 90 141 148 94 148 141 201 204 117 171 117 204 144 147 207 208 207 147 148 93 213 153 213 93 147 99 216 158 216 99 217 217 99 218 218 99 219 168 165 227 165 168 114 172 168 230 168 172 118 233 172 234 172 233 171 239 240 241 240 239 242 240 242 178 178 242 177 251 123 177 123 251 183 178 186 254 186 178 124 183 189 129 189 183 257 186 192 260 192 186 132 189 195 135 195 189 263 192 198 266 198 192 138 195 201 141 201 195 269 272 144 204 144 272 198 148 275 207 275 148 201 278 171 233 171 278 204 208 281 282 281 208 207 213 208 287 208 213 147 219 290 218 290 219 291 291 219 292 230 227 298 227 230 168 234 230 301 230 234 172 304 234 305 234 304 233 310 242 239 242 310 251 242 251 177 241 313 314 313 241 240 313 240 254 254 240 178 251 257 183 257 251 319 254 260 322 260 254 186 257 263 189 263 257 325 260 266 328 266 260 192 263 269 195 269 263 331 334 198 272 198 334 266 269 275 201 275 269 337 340 204 278 204 340 272 207 343 281 343 207 275 346 233 304 233 346 278 282 349 350 349 282 281 287 282 355 282 287 208 292 358 291 358 292 359 301 298 363 298 301 230 305 301 366 301 305 234 369 305 370 305 369 304 310 319 251 319 310 375 314 378 379 378 314 313 378 313 254 378 254 322 319 325 257 325 319 384 322 328 387 328 322 260 325 331 263 331 325 390 328 334 393 334 328 266 331 337 269 337 331 396 399 272 340 272 399 334 337 343 275 343 337 402 346 340 278 340 346 405 281 408 349 408 281 343 411 304 369 304 411 346 350 414 415 414 350 349 355 350 420 350 355 282 359 423 358 423 359 355 370 366 426 366 370 305 429 369 370 369 429 430 375 384 319 384 375 435 379 438 439 438 379 378 438 378 322 438 322 387 384 390 325 390 384 444 387 393 447 393 387 328 390 396 331 396 390 450 399 393 334 393 399 453 396 402 337 402 396 456 405 399 340 399 405 459 343 462 408 462 343 402 411 405 346 405 411 465 349 468 414 468 349 408 430 411 369 411 430 471 415 474 475 474 415 414 420 415 480 415 420 350 355 483 423 483 355 420 486 370 426 370 486 429 489 430 429 430 489 490 435 444 384 444 435 495 439 498 499 498 439 438 498 438 447 447 438 387 444 450 390 450 444 504 453 447 393 447 453 507 450 456 396 456 450 510 459 453 399 453 459 513 402 516 462 516 402 456 465 459 405 459 465 519 408 522 468 522 408 462 471 465 411 465 471 525 474 468 528 468 474 414 490 471 430 471 490 531 534 474 535 474 534 475 480 475 540 475 480 415 420 543 483 543 420 480 546 429 486 429 546 489 489 549 490 549 489 550 495 504 444 504 495 555 507 498 447 498 507 499 499 507 558 499 558 559 504 510 450 510 504 564 513 507 453 507 513 567 510 516 456 516 510 570 519 513 459 513 519 573 462 576 522 576 462 516 525 519 465 519 525 579 528 522 582 522 528 468 531 525 471 525 531 585 535 528 588 528 535 474 490 591 531 591 490 549 594 535 595 535 594 534 600 475 534 475 600 540 480 603 543 603 480 540 606 489 546 489 606 607 489 607 550 550 612 549 612 550 613 555 564 504 564 555 618 567 558 507 558 567 559 559 567 621 559 621 622 564 570 510 570 564 627 573 567 513 567 573 630 576 570 633 570 576 516 579 573 519 573 579 636 582 576 639 576 582 522 585 579 525 579 585 642 588 582 645 582 588 528 591 585 531 585 591 648 595 588 651 588 595 535 549 654 591 654 549 612 613 595 612 595 613 594 657 534 594 534 657 600 603 600 660 600 603 540 607 663 664 663 607 665 665 607 606 607 613 550 613 607 672 618 627 564 627 618 675 630 621 567 621 630 622 622 630 678 622 678 679 633 627 684 627 633 570 636 630 573 630 636 687 639 633 690 633 639 576 642 636 579 636 642 693 645 639 696 639 645 582 648 642 585 642 648 699 651 645 702 645 651 588 591 705 648 705 591 654 612 651 654 651 612 595 672 594 613 594 672 657 660 657 708 657 660 600 711 607 664 607 711 672 672 711 712 672 712 713 684 675 720 675 684 627 687 678 630 678 687 679 679 687 723 723 687 724 690 684 729 684 690 633 693 687 636 687 693 732 696 690 735 690 696 639 699 693 642 693 699 738 702 696 741 696 702 645 648 744 699 744 648 705 654 702 705 702 654 651 747 672 713 672 747 657 657 747 708 729 720 750 720 729 684 732 724 687 724 732 723 723 732 753 753 732 754 735 729 759 729 735 690 738 732 693 732 738 762 741 735 765 735 741 696 699 768 738 768 699 744 705 741 744 741 705 702 759 750 771 750 759 729 762 754 732 754 762 753 753 762 774 765 759 777 759 765 735 738 780 762 780 738 768 744 765 768 765 744 741 777 771 783 771 777 759 762 786 774 786 762 780 768 777 780 777 768 765 780 783 786 783 780 777</p>
                </triangles>
                <triangles count="459" material="Material3">
                    <input offset="0" semantic="VERTEX" source="#ID153" />
                    <p>4 5 6 7 6 5 5 14 7 15 7 14 20 21 4 5 4 21 26 4 27 6 27 4 6 7 32 33 32 7 14 38 15 39 15 38 21 43 5 14 5 43 7 15 33 46 33 15 50 51 20 21 20 51 55 20 26 4 26 20 60 26 61 61 26 62 27 62 26 27 6 67 32 67 6 32 33 71 72 71 33 38 77 39 78 39 77 43 82 14 38 14 82 15 39 46 85 46 39 51 88 21 43 21 88 33 46 72 91 72 46 95 51 96 50 96 51 50 20 100 55 100 20 105 55 106 106 55 107 107 55 60 26 60 55 62 27 112 67 112 27 67 32 115 71 115 32 72 119 71 120 71 119 77 125 78 126 78 125 82 130 38 77 38 130 39 78 85 133 85 78 136 82 88 43 88 82 46 85 91 139 91 85 142 88 95 51 95 88 72 91 119 145 119 91 149 95 150 96 150 95 96 50 154 100 154 50 100 55 159 159 55 160 160 55 161 105 161 55 112 67 166 115 166 67 71 120 115 169 115 120 119 173 120 174 120 173 125 179 126 180 126 179 130 184 77 125 77 184 78 126 133 187 133 126 190 130 136 82 136 130 85 133 139 193 139 133 196 136 142 88 142 136 91 139 145 199 145 139 202 142 149 95 149 142 145 205 119 173 119 205 149 150 209 210 209 150 150 96 214 154 214 96 220 100 221 221 100 222 222 100 223 159 223 100 115 169 166 228 166 169 120 174 169 231 169 174 173 235 174 236 174 235 179 243 180 180 243 244 243 245 244 246 244 245 184 252 125 179 125 252 126 180 187 255 187 180 258 184 190 130 190 184 133 187 193 261 193 187 264 190 196 136 196 190 139 193 199 267 199 193 270 196 202 142 202 196 199 273 145 205 145 273 202 149 276 209 276 149 205 279 173 235 173 279 209 210 283 284 283 210 150 214 210 288 210 214 293 220 294 294 220 295 221 295 220 169 231 228 299 228 231 174 236 231 302 231 236 235 306 236 307 236 306 179 252 243 252 311 243 245 243 311 180 244 255 255 244 315 244 246 315 316 315 246 320 252 258 184 258 252 187 255 261 323 261 255 326 258 264 190 264 258 193 261 267 329 267 261 332 264 270 196 270 264 267 335 199 273 199 335 338 270 276 202 276 270 273 341 205 279 205 341 276 209 344 283 344 209 279 347 235 306 235 347 283 284 351 352 351 284 210 288 284 356 284 288 360 293 361 294 361 293 231 302 299 364 299 302 236 307 302 367 302 307 306 371 307 372 307 371 376 311 320 252 320 311 323 255 380 255 315 380 315 316 380 381 380 316 385 320 326 258 326 320 261 323 329 388 329 323 391 326 332 264 332 326 267 329 335 394 335 329 397 332 338 270 338 332 335 400 273 341 273 400 403 338 344 276 344 338 406 347 341 279 341 347 344 283 409 351 409 283 347 412 306 371 306 412 351 352 416 417 416 352 284 356 352 421 352 356 356 360 424 361 424 360 307 372 367 427 367 372 431 432 371 372 371 432 436 376 385 320 385 376 388 323 440 323 380 440 380 381 440 441 440 381 445 385 391 326 391 385 329 388 394 448 394 388 451 391 397 332 397 391 454 400 394 335 394 400 457 397 403 338 403 397 460 406 400 341 400 406 403 344 463 409 463 344 466 412 406 347 406 412 409 351 469 416 469 351 472 431 412 371 412 431 416 417 476 477 476 417 352 421 417 481 417 421 421 356 484 424 484 356 432 487 372 427 372 487 491 492 431 432 431 492 496 436 445 385 445 436 388 440 448 448 440 500 440 441 500 501 500 441 505 445 451 391 451 445 508 454 448 394 448 454 511 451 457 397 457 451 514 460 454 400 454 460 457 403 517 463 517 403 520 466 460 406 460 466 463 409 523 469 523 409 526 472 466 412 466 472 416 476 469 529 469 476 532 491 472 431 472 491 477 536 476 537 476 536 417 481 477 541 477 481 481 421 544 484 544 421 492 547 432 487 432 547 551 492 552 491 552 492 556 496 505 445 505 496 560 561 501 561 508 501 501 508 500 448 500 508 565 505 511 451 511 505 568 514 508 454 508 514 571 511 517 457 517 511 574 520 514 460 514 520 517 463 577 523 577 463 580 526 520 466 520 526 469 529 523 583 523 529 586 532 526 472 526 532 476 537 529 589 529 537 552 491 592 532 592 491 536 596 537 597 537 596 541 601 477 536 477 601 541 481 604 544 604 481 551 608 492 608 609 492 547 492 609 614 551 615 552 615 551 619 556 565 505 565 556 623 624 560 624 568 560 560 568 561 508 561 568 628 565 571 511 571 565 631 574 568 514 568 574 517 577 571 634 571 577 637 580 574 520 574 580 523 583 577 640 577 583 643 586 580 526 580 586 529 589 583 646 583 589 649 592 586 532 586 592 537 597 589 652 589 597 615 552 655 592 655 552 596 614 597 615 597 614 601 658 536 596 536 658 541 604 601 661 601 604 609 608 666 666 608 667 668 667 608 673 608 614 551 614 608 676 619 628 565 628 619 680 681 623 681 631 623 623 631 624 568 624 631 571 634 628 685 628 634 688 637 631 574 631 637 577 640 634 691 634 640 694 643 637 580 637 643 583 646 640 697 640 646 700 649 643 586 643 649 589 652 646 703 646 652 655 592 706 649 706 592 597 615 652 655 652 615 658 673 596 614 596 673 601 661 658 709 658 661 714 715 673 715 716 673 673 716 608 668 608 716 628 685 676 721 676 685 725 688 726 726 688 680 680 688 681 631 681 688 634 691 685 730 685 691 733 694 688 637 688 694 640 697 691 736 691 697 739 700 694 643 694 700 646 703 697 742 697 703 706 649 745 700 745 649 652 655 703 706 703 655 709 748 658 658 748 673 714 673 748 685 730 721 751 721 730 755 733 756 756 733 726 726 733 725 688 725 733 691 736 730 760 730 736 763 739 733 694 733 739 697 742 736 766 736 742 745 700 769 739 769 700 703 706 742 745 742 706 730 760 751 772 751 760 775 763 756 756 763 755 733 755 763 736 766 760 778 760 766 769 739 781 763 781 739 742 745 766 769 766 745 760 778 772 784 772 778 781 763 787 775 787 763 766 769 778 781 778 769 778 781 784 787 784 781</p>
                </triangles>
                <lines count="473" material="Material4">
                    <input offset="0" semantic="VERTEX" source="#ID153" />
                    <p>8 9 8 10 10 11 9 11 16 17 16 8 17 9 22 8 22 23 23 10 10 28 28 29 11 29 9 34 11 35 34 35 40 41 40 16 41 17 44 16 44 22 17 47 47 34 52 22 52 53 53 23 23 56 56 28 28 63 63 64 64 65 29 65 29 68 35 68 34 73 35 74 73 74 79 80 79 40 80 41 83 40 83 44 41 86 86 47 89 44 89 52 47 92 92 73 97 52 97 98 98 53 53 101 101 56 56 108 108 109 109 110 110 63 65 113 68 113 68 116 74 116 73 121 74 122 121 122 127 128 127 79 128 80 131 79 131 83 80 134 134 86 137 83 137 89 86 140 140 92 143 89 143 97 92 146 146 121 151 97 151 152 152 98 98 155 155 101 101 162 162 163 163 164 164 108 113 167 116 167 116 170 122 170 121 175 122 176 175 176 181 182 181 127 182 128 185 127 185 131 128 188 188 134 191 131 191 137 134 194 194 140 197 137 197 143 140 200 200 146 203 143 203 151 146 206 206 175 211 151 211 212 212 152 152 215 215 155 155 224 224 225 225 226 226 162 167 229 170 229 170 232 176 232 175 237 176 238 237 238 247 248 248 181 249 182 250 249 247 250 253 181 253 185 182 256 256 188 259 185 259 191 188 262 262 194 265 191 265 197 194 268 268 200 271 197 271 203 200 274 274 206 277 203 277 211 206 280 280 237 285 211 285 286 286 212 212 289 289 215 215 296 296 297 297 224 229 300 232 300 232 303 238 303 237 308 238 309 308 309 312 253 312 247 317 256 318 317 250 318 321 253 321 259 256 324 324 262 327 259 327 265 262 330 330 268 333 265 333 271 268 336 336 274 339 271 339 277 274 342 342 280 345 277 345 285 280 348 348 308 353 285 353 354 354 286 286 357 357 289 289 362 362 296 300 365 365 303 303 368 309 368 308 373 309 374 373 374 377 312 377 321 382 324 383 382 318 383 386 321 386 327 324 389 389 330 392 327 392 333 330 395 395 336 398 333 398 339 336 401 401 342 404 339 404 345 342 407 407 348 410 345 410 353 348 413 413 373 418 353 418 419 419 354 354 422 422 357 357 425 425 362 368 428 374 428 373 433 374 434 433 434 437 377 437 386 442 389 443 442 383 443 446 386 446 392 389 449 449 395 452 392 452 398 395 455 455 401 458 398 458 404 401 461 461 407 464 404 464 410 407 467 467 413 470 410 470 418 413 473 473 433 478 418 478 479 479 419 419 482 482 422 422 485 485 425 428 488 434 488 433 493 434 494 493 494 497 437 497 446 502 449 503 502 443 503 506 446 506 452 449 509 509 455 512 452 512 458 455 515 515 461 518 458 518 464 461 521 521 467 524 464 524 470 467 527 527 473 530 470 530 478 473 533 533 493 538 478 538 539 539 479 479 542 542 482 482 545 545 485 488 548 494 548 493 553 494 554 553 554 557 497 557 506 562 509 563 562 503 563 566 506 566 512 509 569 569 515 572 512 572 518 515 575 575 521 578 518 578 524 521 581 581 527 584 524 584 530 527 587 587 533 590 530 590 538 533 593 593 553 598 538 598 599 599 539 539 602 602 542 542 605 605 545 548 610 610 611 554 611 553 616 554 617 617 616 620 557 620 566 625 569 626 625 563 626 629 566 629 572 569 632 632 575 635 572 635 578 575 638 638 581 641 578 641 584 581 644 644 587 647 584 647 590 587 650 650 593 653 590 653 598 593 656 616 656 616 598 617 599 599 659 659 602 602 662 662 605 611 669 610 670 670 671 671 669 611 674 674 617 677 620 677 629 682 632 683 682 626 683 686 629 686 635 632 689 689 638 692 635 692 641 638 695 695 644 698 641 698 647 644 701 701 650 704 647 704 653 650 707 656 707 656 653 674 659 659 710 710 662 669 717 717 718 718 719 719 674 722 677 722 686 727 689 728 727 683 728 731 686 731 692 689 734 734 695 737 692 737 698 695 740 740 701 743 698 743 704 701 746 707 746 707 704 719 749 749 710 752 722 752 731 757 734 758 757 728 758 761 731 761 737 734 764 764 740 767 737 767 743 740 770 746 770 746 743 773 752 773 761 758 776 776 764 779 761 779 767 764 782 770 782 770 767 785 773 785 779 776 788 782 788 782 779 788 785</p>
                </lines>
            </mesh>
        </geometry>
        <geometry id="ID157">
            <mesh>
                <source id="ID160">
                    <float_array id="ID164" count="336">34.88903 22.24576 188.7503 31.20047 22.24576 158.75 34.88903 22.24576 158.75 31.20047 22.24576 188.7503 31.20047 22.24576 188.7503 34.88903 22.24576 188.7503 31.20047 22.24576 158.75 34.88903 22.24576 158.75 34.88903 22.24576 158.75 31.20047 22.24576 158.75 34.88903 22.24576 188.7503 31.20047 22.24576 188.7503 31.20047 51.75424 158.75 31.79774 37.33413 158.75 31.75375 37 158.75 34.88903 51.75424 158.75 31.92671 37.6455 158.75 32.13187 37.91287 158.75 32.39925 38.11804 158.75 32.71061 38.24701 158.75 33.04475 38.291 158.75 33.37888 38.24701 158.75 33.69024 38.11804 158.75 33.95762 37.91287 158.75 34.16278 37.6455 158.75 34.29175 37.33413 158.75 34.33574 37 158.75 34.88903 22.24576 158.75 31.20047 22.24576 158.75 31.79774 36.66587 158.75 31.92671 36.3545 158.75 32.13187 36.08713 158.75 32.39925 35.88196 158.75 32.71061 35.75299 158.75 33.04475 35.709 158.75 33.37888 35.75299 158.75 33.69024 35.88196 158.75 33.95762 36.08713 158.75 34.16278 36.3545 158.75 34.29175 36.66587 158.75 34.33574 37 158.75 34.29175 36.66587 158.75 34.88903 22.24576 158.75 34.16278 36.3545 158.75 33.95762 36.08713 158.75 33.69024 35.88196 158.75 33.37888 35.75299 158.75 33.04475 35.709 158.75 32.71061 35.75299 158.75 32.39925 35.88196 158.75 32.13187 36.08713 158.75 31.92671 36.3545 158.75 31.79774 36.66587 158.75 31.20047 51.75424 158.75 31.20047 22.24576 158.75 31.75375 37 158.75 34.88903 51.75424 158.75 34.29175 37.33413 158.75 34.16278 37.6455 158.75 33.95762 37.91287 158.75 33.69024 38.11804 158.75 33.37888 38.24701 158.75 33.04475 38.291 158.75 32.71061 38.24701 158.75 32.39925 38.11804 158.75 32.13187 37.91287 158.75 31.92671 37.6455 158.75 31.79774 37.33413 158.75 31.20047 51.75424 158.75 34.88903 51.75424 158.75 31.79774 37.33413 158.75 31.75375 37 158.75 31.79774 36.66587 158.75 31.92671 36.3545 158.75 32.13187 36.08713 158.75 32.39925 35.88196 158.75 32.71061 35.75299 158.75 33.04475 35.709 158.75 33.37888 35.75299 158.75 33.69024 35.88196 158.75 33.95762 36.08713 158.75 34.16278 36.3545 158.75 34.29175 36.66587 158.75 34.33574 37 158.75 34.29175 37.33413 158.75 34.16278 37.6455 158.75 33.95762 37.91287 158.75 33.69024 38.11804 158.75 33.37888 38.24701 158.75 33.04475 38.291 158.75 32.71061 38.24701 158.75 32.39925 38.11804 158.75 32.13187 37.91287 158.75 31.92671 37.6455 158.75 34.88903 22.24576 188.7503 31.20047 51.75424 188.7503 31.20047 22.24576 188.7503 34.88903 51.75424 188.7503 34.88903 51.75424 188.7503 34.88903 22.24576 188.7503 31.20047 51.75424 188.7503 31.20047 22.24576 188.7503 34.88903 51.75424 188.7503 31.20047 51.75424 188.7503 31.20047 51.75424 158.75 34.88903 51.75424 188.7503 34.88903 51.75424 158.75 31.20047 51.75424 188.7503 31.20047 51.75424 188.7503 31.20047 51.75424 158.75 34.88903 51.75424 188.7503 34.88903 51.75424 158.75</float_array>
                    <technique_common>
                        <accessor count="112" source="#ID164" stride="3">
                            <param name="X" type="float" />
                            <param name="Y" type="float" />
                            <param name="Z" type="float" />
                        </accessor>
                    </technique_common>
                </source>
                <source id="ID161">
                    <float_array id="ID165" count="336">-7.288949e-14 -1 -4.956699e-15 -7.288949e-14 -1 -4.956699e-15 -7.288949e-14 -1 -4.956699e-15 -7.288949e-14 -1 -4.956699e-15 7.288949e-14 1 4.956699e-15 7.288949e-14 1 4.956699e-15 7.288949e-14 1 4.956699e-15 7.288949e-14 1 4.956699e-15 0 0 0 0 0 0 0 0 0 0 0 0 -1.007862e-14 3.779483e-15 -1 -1.007862e-14 3.779483e-15 -1 -1.007862e-14 3.779483e-15 -1 -1.007862e-14 3.779483e-15 -1 -1.007862e-14 3.779483e-15 -1 -1.007862e-14 3.779483e-15 -1 -1.007862e-14 3.779483e-15 -1 -1.007862e-14 3.779483e-15 -1 -1.007862e-14 3.779483e-15 -1 -1.007862e-14 3.779483e-15 -1 -1.007862e-14 3.779483e-15 -1 -1.007862e-14 3.779483e-15 -1 -1.007862e-14 3.779483e-15 -1 -1.007862e-14 3.779483e-15 -1 -1.007862e-14 3.779483e-15 -1 -1.007862e-14 3.779483e-15 -1 -1.007862e-14 3.779483e-15 -1 -1.007862e-14 3.779483e-15 -1 -1.007862e-14 3.779483e-15 -1 -1.007862e-14 3.779483e-15 -1 -1.007862e-14 3.779483e-15 -1 -1.007862e-14 3.779483e-15 -1 -1.007862e-14 3.779483e-15 -1 -1.007862e-14 3.779483e-15 -1 -1.007862e-14 3.779483e-15 -1 -1.007862e-14 3.779483e-15 -1 -1.007862e-14 3.779483e-15 -1 -1.007862e-14 3.779483e-15 -1 1.007862e-14 -3.779483e-15 1 1.007862e-14 -3.779483e-15 1 1.007862e-14 -3.779483e-15 1 1.007862e-14 -3.779483e-15 1 1.007862e-14 -3.779483e-15 1 1.007862e-14 -3.779483e-15 1 1.007862e-14 -3.779483e-15 1 1.007862e-14 -3.779483e-15 1 1.007862e-14 -3.779483e-15 1 1.007862e-14 -3.779483e-15 1 1.007862e-14 -3.779483e-15 1 1.007862e-14 -3.779483e-15 1 1.007862e-14 -3.779483e-15 1 1.007862e-14 -3.779483e-15 1 1.007862e-14 -3.779483e-15 1 1.007862e-14 -3.779483e-15 1 1.007862e-14 -3.779483e-15 1 1.007862e-14 -3.779483e-15 1 1.007862e-14 -3.779483e-15 1 1.007862e-14 -3.779483e-15 1 1.007862e-14 -3.779483e-15 1 1.007862e-14 -3.779483e-15 1 1.007862e-14 -3.779483e-15 1 1.007862e-14 -3.779483e-15 1 1.007862e-14 -3.779483e-15 1 1.007862e-14 -3.779483e-15 1 1.007862e-14 -3.779483e-15 1 1.007862e-14 -3.779483e-15 1 0 0 0 0 0 0 0 0 0 0 0 0 0 0 0 0 0 0 0 0 0 0 0 0 0 0 0 0 0 0 0 0 0 0 0 0 0 0 0 0 0 0 0 0 0 0 0 0 0 0 0 0 0 0 0 0 0 0 0 0 0 0 0 0 0 0 0 0 0 0 0 0 0 0 0 0 0 0 -2.376965e-28 -3.779483e-15 1 -2.376965e-28 -3.779483e-15 1 -2.376965e-28 -3.779483e-15 1 -2.376965e-28 -3.779483e-15 1 2.376965e-28 3.779483e-15 -1 2.376965e-28 3.779483e-15 -1 2.376965e-28 3.779483e-15 -1 2.376965e-28 3.779483e-15 -1 0 0 0 0 0 0 4.265363e-14 1 2.478349e-15 4.265363e-14 1 2.478349e-15 4.265363e-14 1 2.478349e-15 4.265363e-14 1 2.478349e-15 -4.265363e-14 -1 -2.478349e-15 -4.265363e-14 -1 -2.478349e-15 -4.265363e-14 -1 -2.478349e-15 -4.265363e-14 -1 -2.478349e-15</float_array>
                    <technique_common>
                        <accessor count="112" source="#ID165" stride="3">
                            <param name="X" type="float" />
                            <param name="Y" type="float" />
                            <param name="Z" type="float" />
                        </accessor>
                    </technique_common>
                </source>
                <source id="ID162">
                    <Name_array id="ID166" count="0" />
                    <technique_common>
                        <accessor count="0" source="#ID166" stride="1">
                            <param name="skp_material" type="Name" />
                        </accessor>
                    </technique_common>
                </source>
                <vertices id="ID163">
                    <input semantic="POSITION" source="#ID160" />
                    <input semantic="NORMAL" source="#ID161" />
                </vertices>
                <triangles count="34" material="Material3">
                    <input offset="0" semantic="VERTEX" source="#ID163" />
                    <p>0 1 2 1 0 3 12 13 14 13 12 15 13 15 16 16 15 17 17 15 18 18 15 19 19 15 20 20 15 21 21 15 22 22 15 23 23 15 24 24 15 25 25 15 26 26 15 27 28 29 27 29 28 14 14 28 12 27 29 30 27 30 31 27 31 32 27 32 33 27 33 34 27 34 35 27 35 36 27 36 37 27 37 38 27 38 39 27 39 26 94 95 96 95 94 97 104 105 106 105 104 107</p>
                </triangles>
                <triangles count="34" material="Material2">
                    <input offset="0" semantic="VERTEX" source="#ID163" />
                    <p>4 5 6 7 6 5 40 41 42 41 43 42 43 44 42 44 45 42 45 46 42 46 47 42 47 48 42 48 49 42 49 50 42 50 51 42 51 52 42 53 54 55 55 54 52 42 52 54 42 56 40 40 56 57 57 56 58 58 56 59 59 56 60 60 56 61 61 56 62 62 56 63 63 56 64 64 56 65 65 56 66 66 56 67 56 53 67 55 67 53 98 99 100 101 100 99 108 109 110 111 110 109</p>
                </triangles>
                <lines count="36" material="Material4">
                    <input offset="0" semantic="VERTEX" source="#ID163" />
                    <p>8 9 8 10 11 10 9 11 68 9 68 69 8 69 70 71 71 72 72 73 73 74 74 75 75 76 76 77 77 78 78 79 79 80 80 81 81 82 82 83 83 84 84 85 85 86 86 87 87 88 88 89 89 90 90 91 91 92 92 93 93 70 102 10 103 102 11 103 68 103 69 102</p>
                </lines>
            </mesh>
        </geometry>
        <geometry id="ID167">
            <mesh>
                <source id="ID173">
                    <float_array id="ID178" count="36">31.20047 51.75424 188.7503 31.20047 22.24576 158.75 31.20047 22.24576 188.7503 31.20047 51.75424 158.75 31.20047 51.75424 158.75 31.20047 51.75424 188.7503 31.20047 22.24576 158.75 31.20047 22.24576 188.7503 31.20047 22.24576 188.7503 31.20047 51.75424 188.7503 31.20047 51.75424 158.75 31.20047 22.24576 158.75</float_array>
                    <technique_common>
                        <accessor count="12" source="#ID178" stride="3">
                            <param name="X" type="float" />
                            <param name="Y" type="float" />
                            <param name="Z" type="float" />
                        </accessor>
                    </technique_common>
                </source>
                <source id="ID174">
                    <float_array id="ID179" count="36">-1 5.273225e-14 3.097937e-15 -1 5.273225e-14 3.097937e-15 -1 5.273225e-14 3.097937e-15 -1 5.273225e-14 3.097937e-15 1 -5.273225e-14 -3.097937e-15 1 -5.273225e-14 -3.097937e-15 1 -5.273225e-14 -3.097937e-15 1 -5.273225e-14 -3.097937e-15 0 0 0 0 0 0 0 0 0 0 0 0</float_array>
                    <technique_common>
                        <accessor count="12" source="#ID179" stride="3">
                            <param name="X" type="float" />
                            <param name="Y" type="float" />
                            <param name="Z" type="float" />
                        </accessor>
                    </technique_common>
                </source>
                <source id="ID175">
                    <Name_array id="ID181" count="0" />
                    <technique_common>
                        <accessor count="0" source="#ID181" stride="1">
                            <param name="skp_material" type="Name" />
                        </accessor>
                    </technique_common>
                </source>
                <source id="ID177">
                    <float_array id="ID180" count="8">0.06710383 1 0.9589071 -8.881784e-16 0.9589071 1 0.06710383 0</float_array>
                    <technique_common>
                        <accessor count="4" source="#ID180" stride="2">
                            <param name="S" type="float" />
                            <param name="T" type="float" />
                        </accessor>
                    </technique_common>
                </source>
                <vertices id="ID176">
                    <input semantic="POSITION" source="#ID173" />
                    <input semantic="NORMAL" source="#ID174" />
                </vertices>
                <triangles count="4" material="Material2">
                    <input offset="0" semantic="VERTEX" source="#ID176" />
                    <input offset="1" semantic="TEXCOORD" source="#ID177" />
                    <p>0 0 1 1 2 2 1 1 0 0 3 3 4 3 5 0 6 1 7 2 6 1 5 0</p>
                </triangles>
                <lines count="4" material="Material3">
                    <input offset="0" semantic="VERTEX" source="#ID176" />
                    <p>8 9 10 9 10 11 11 8</p>
                </lines>
            </mesh>
        </geometry>
        <geometry id="ID182">
            <mesh>
                <source id="ID183">
                    <float_array id="ID188" count="36">34.88903 22.24576 158.75 34.88903 51.75424 188.7503 34.88903 22.24576 188.7503 34.88903 51.75424 158.75 34.88903 51.75424 158.75 34.88903 22.24576 158.75 34.88903 51.75424 188.7503 34.88903 22.24576 188.7503 34.88903 22.24576 158.75 34.88903 51.75424 158.75 34.88903 51.75424 188.7503 34.88903 22.24576 188.7503</float_array>
                    <technique_common>
                        <accessor count="12" source="#ID188" stride="3">
                            <param name="X" type="float" />
                            <param name="Y" type="float" />
                            <param name="Z" type="float" />
                        </accessor>
                    </technique_common>
                </source>
                <source id="ID184">
                    <float_array id="ID189" count="36">1 -5.336216e-14 -3.097937e-15 1 -5.336216e-14 -3.097937e-15 1 -5.336216e-14 -3.097937e-15 1 -5.336216e-14 -3.097937e-15 -1 5.336216e-14 3.097937e-15 -1 5.336216e-14 3.097937e-15 -1 5.336216e-14 3.097937e-15 -1 5.336216e-14 3.097937e-15 0 0 0 0 0 0 0 0 0 0 0 0</float_array>
                    <technique_common>
                        <accessor count="12" source="#ID189" stride="3">
                            <param name="X" type="float" />
                            <param name="Y" type="float" />
                            <param name="Z" type="float" />
                        </accessor>
                    </technique_common>
                </source>
                <source id="ID185">
                    <Name_array id="ID191" count="0" />
                    <technique_common>
                        <accessor count="0" source="#ID191" stride="1">
                            <param name="skp_material" type="Name" />
                        </accessor>
                    </technique_common>
                </source>
                <source id="ID187">
                    <float_array id="ID190" count="8">0.06562822 8.881784e-16 0.9574315 1 0.06562822 1 0.9574315 3.552714e-15</float_array>
                    <technique_common>
                        <accessor count="4" source="#ID190" stride="2">
                            <param name="S" type="float" />
                            <param name="T" type="float" />
                        </accessor>
                    </technique_common>
                </source>
                <vertices id="ID186">
                    <input semantic="POSITION" source="#ID183" />
                    <input semantic="NORMAL" source="#ID184" />
                </vertices>
                <triangles count="4" material="Material2">
                    <input offset="0" semantic="VERTEX" source="#ID186" />
                    <input offset="1" semantic="TEXCOORD" source="#ID187" />
                    <p>0 0 1 1 2 2 1 1 0 0 3 3 4 3 5 0 6 1 7 2 6 1 5 0</p>
                </triangles>
                <lines count="4" material="Material3">
                    <input offset="0" semantic="VERTEX" source="#ID186" />
                    <p>8 9 9 10 10 11 8 11</p>
                </lines>
            </mesh>
        </geometry>
        <geometry id="ID192">
            <mesh>
                <source id="ID193">
                    <float_array id="ID198" count="36">141.1156 35.59 120.75 118.5556 35.59 143.686 118.5556 35.59 120.75 141.1156 35.59 143.686 141.1156 35.59 143.686 141.1156 35.59 120.75 118.5556 35.59 143.686 118.5556 35.59 120.75 118.5556 35.59 120.75 141.1156 35.59 120.75 141.1156 35.59 143.686 118.5556 35.59 143.686</float_array>
                    <technique_common>
                        <accessor count="12" source="#ID198" stride="3">
                            <param name="X" type="float" />
                            <param name="Y" type="float" />
                            <param name="Z" type="float" />
                        </accessor>
                    </technique_common>
                </source>
                <source id="ID194">
                    <float_array id="ID199" count="36">-6.299138e-16 -1 -3.097937e-15 -6.299138e-16 -1 -3.097937e-15 -6.299138e-16 -1 -3.097937e-15 -6.299138e-16 -1 -3.097937e-15 6.299138e-16 1 3.097937e-15 6.299138e-16 1 3.097937e-15 6.299138e-16 1 3.097937e-15 6.299138e-16 1 3.097937e-15 0 0 0 0 0 0 0 0 0 0 0 0</float_array>
                    <technique_common>
                        <accessor count="12" source="#ID199" stride="3">
                            <param name="X" type="float" />
                            <param name="Y" type="float" />
                            <param name="Z" type="float" />
                        </accessor>
                    </technique_common>
                </source>
                <source id="ID195">
                    <Name_array id="ID201" count="0" />
                    <technique_common>
                        <accessor count="0" source="#ID201" stride="1">
                            <param name="skp_material" type="Name" />
                        </accessor>
                    </technique_common>
                </source>
                <source id="ID197">
                    <float_array id="ID200" count="8">0.9574315 1.776357e-15 0.06562822 1 0.06562822 -8.881784e-16 0.9574315 1</float_array>
                    <technique_common>
                        <accessor count="4" source="#ID200" stride="2">
                            <param name="S" type="float" />
                            <param name="T" type="float" />
                        </accessor>
                    </technique_common>
                </source>
                <vertices id="ID196">
                    <input semantic="POSITION" source="#ID193" />
                    <input semantic="NORMAL" source="#ID194" />
                </vertices>
                <triangles count="4" material="Material2">
                    <input offset="0" semantic="VERTEX" source="#ID196" />
                    <input offset="1" semantic="TEXCOORD" source="#ID197" />
                    <p>0 0 1 1 2 2 1 1 0 0 3 3 4 3 5 0 6 1 7 2 6 1 5 0</p>
                </triangles>
                <lines count="4" material="Material3">
                    <input offset="0" semantic="VERTEX" source="#ID196" />
                    <p>8 9 9 10 10 11 8 11</p>
                </lines>
            </mesh>
        </geometry>
        <geometry id="ID202">
            <mesh>
                <source id="ID203">
                    <float_array id="ID208" count="36">118.5556 38.41 143.686 141.1156 38.41 120.75 118.5556 38.41 120.75 141.1156 38.41 143.686 141.1156 38.41 143.686 118.5556 38.41 143.686 141.1156 38.41 120.75 118.5556 38.41 120.75 118.5556 38.41 143.686 141.1156 38.41 143.686 141.1156 38.41 120.75 118.5556 38.41 120.75</float_array>
                    <technique_common>
                        <accessor count="12" source="#ID208" stride="3">
                            <param name="X" type="float" />
                            <param name="Y" type="float" />
                            <param name="Z" type="float" />
                        </accessor>
                    </technique_common>
                </source>
                <source id="ID204">
                    <float_array id="ID209" count="36">-1.372577e-29 1 3.097937e-15 -1.372577e-29 1 3.097937e-15 -1.372577e-29 1 3.097937e-15 -1.372577e-29 1 3.097937e-15 1.372577e-29 -1 -3.097937e-15 1.372577e-29 -1 -3.097937e-15 1.372577e-29 -1 -3.097937e-15 1.372577e-29 -1 -3.097937e-15 0 0 0 0 0 0 0 0 0 0 0 0</float_array>
                    <technique_common>
                        <accessor count="12" source="#ID209" stride="3">
                            <param name="X" type="float" />
                            <param name="Y" type="float" />
                            <param name="Z" type="float" />
                        </accessor>
                    </technique_common>
                </source>
                <source id="ID205">
                    <Name_array id="ID211" count="0" />
                    <technique_common>
                        <accessor count="0" source="#ID211" stride="1">
                            <param name="skp_material" type="Name" />
                        </accessor>
                    </technique_common>
                </source>
                <source id="ID207">
                    <float_array id="ID210" count="8">0.9589071 1 0.06710383 8.881784e-16 0.9589071 8.881784e-16 0.06710383 1</float_array>
                    <technique_common>
                        <accessor count="4" source="#ID210" stride="2">
                            <param name="S" type="float" />
                            <param name="T" type="float" />
                        </accessor>
                    </technique_common>
                </source>
                <vertices id="ID206">
                    <input semantic="POSITION" source="#ID203" />
                    <input semantic="NORMAL" source="#ID204" />
                </vertices>
                <triangles count="4" material="Material2">
                    <input offset="0" semantic="VERTEX" source="#ID206" />
                    <input offset="1" semantic="TEXCOORD" source="#ID207" />
                    <p>0 0 1 1 2 2 1 1 0 0 3 3 4 3 5 0 6 1 7 2 6 1 5 0</p>
                </triangles>
                <lines count="4" material="Material3">
                    <input offset="0" semantic="VERTEX" source="#ID206" />
                    <p>8 9 10 9 10 11 11 8</p>
                </lines>
            </mesh>
        </geometry>
        <geometry id="ID212">
            <mesh>
                <source id="ID213">
                    <float_array id="ID217" count="336">118.5556 38.41 143.686 118.5556 35.59 120.75 118.5556 35.59 143.686 118.5556 38.41 120.75 118.5556 38.41 120.75 118.5556 38.41 143.686 118.5556 35.59 120.75 118.5556 35.59 143.686 118.5556 35.59 120.75 118.5556 38.41 120.75 118.5556 35.59 143.686 118.5556 38.41 143.686 118.5556 38.41 120.75 128.8822 37.25545 120.75 128.8486 37 120.75 128.9808 37.4935 120.75 129.1377 37.69791 120.75 129.3421 37.85477 120.75 129.5802 37.95337 120.75 129.8356 37.987 120.75 141.1156 38.41 120.75 130.0911 37.95337 120.75 130.3291 37.85477 120.75 130.5335 37.69791 120.75 130.6904 37.4935 120.75 130.789 37.25545 120.75 130.8226 37 120.75 118.5556 35.59 120.75 129.8356 36.013 120.75 141.1156 35.59 120.75 129.5802 36.04663 120.75 129.3421 36.14523 120.75 129.1377 36.30209 120.75 128.9808 36.5065 120.75 128.8822 36.74455 120.75 130.0911 36.04663 120.75 130.3291 36.14523 120.75 130.5335 36.30209 120.75 130.6904 36.5065 120.75 130.789 36.74455 120.75 141.1156 38.41 120.75 130.8226 37 120.75 141.1156 35.59 120.75 130.789 36.74455 120.75 130.6904 36.5065 120.75 130.5335 36.30209 120.75 130.3291 36.14523 120.75 130.0911 36.04663 120.75 129.8356 36.013 120.75 128.8486 37 120.75 118.5556 38.41 120.75 128.8822 36.74455 120.75 128.9808 36.5065 120.75 129.1377 36.30209 120.75 129.3421 36.14523 120.75 129.5802 36.04663 120.75 118.5556 35.59 120.75 130.789 37.25545 120.75 130.6904 37.4935 120.75 130.5335 37.69791 120.75 130.3291 37.85477 120.75 130.0911 37.95337 120.75 129.8356 37.987 120.75 129.5802 37.95337 120.75 129.3421 37.85477 120.75 129.1377 37.69791 120.75 128.9808 37.4935 120.75 128.8822 37.25545 120.75 141.1156 38.41 120.75 141.1156 35.59 120.75 130.0911 37.95337 120.75 129.8356 37.987 120.75 129.5802 37.95337 120.75 129.3421 37.85477 120.75 129.1377 37.69791 120.75 128.9808 37.4935 120.75 128.8822 37.25545 120.75 128.8486 37 120.75 128.8822 36.74455 120.75 128.9808 36.5065 120.75 129.1377 36.30209 120.75 129.3421 36.14523 120.75 129.5802 36.04663 120.75 129.8356 36.013 120.75 130.0911 36.04663 120.75 130.3291 36.14523 120.75 130.5335 36.30209 120.75 130.6904 36.5065 120.75 130.789 36.74455 120.75 130.8226 37 120.75 130.789 37.25545 120.75 130.6904 37.4935 120.75 130.5335 37.69791 120.75 130.3291 37.85477 120.75 141.1156 35.59 143.686 118.5556 38.41 143.686 118.5556 35.59 143.686 141.1156 38.41 143.686 141.1156 38.41 143.686 141.1156 35.59 143.686 118.5556 38.41 143.686 118.5556 35.59 143.686 141.1156 35.59 143.686 141.1156 38.41 143.686 141.1156 35.59 120.75 141.1156 38.41 143.686 141.1156 35.59 143.686 141.1156 38.41 120.75 141.1156 38.41 120.75 141.1156 35.59 120.75 141.1156 38.41 143.686 141.1156 35.59 143.686</float_array>
                    <technique_common>
                        <accessor count="112" source="#ID217" stride="3">
                            <param name="X" type="float" />
                            <param name="Y" type="float" />
                            <param name="Z" type="float" />
                        </accessor>
                    </technique_common>
                </source>
                <source id="ID214">
                    <float_array id="ID218" count="336">-1 2.015724e-14 -4.956699e-15 -1 2.015724e-14 -4.956699e-15 -1 2.015724e-14 -4.956699e-15 -1 2.015724e-14 -4.956699e-15 1 -2.015724e-14 4.956699e-15 1 -2.015724e-14 4.956699e-15 1 -2.015724e-14 4.956699e-15 1 -2.015724e-14 4.956699e-15 0 0 0 0 0 0 0 0 0 0 0 0 3.779483e-15 1.007862e-14 -1 3.779483e-15 1.007862e-14 -1 3.779483e-15 1.007862e-14 -1 3.779483e-15 1.007862e-14 -1 3.779483e-15 1.007862e-14 -1 3.779483e-15 1.007862e-14 -1 3.779483e-15 1.007862e-14 -1 3.779483e-15 1.007862e-14 -1 3.779483e-15 1.007862e-14 -1 3.779483e-15 1.007862e-14 -1 3.779483e-15 1.007862e-14 -1 3.779483e-15 1.007862e-14 -1 3.779483e-15 1.007862e-14 -1 3.779483e-15 1.007862e-14 -1 3.779483e-15 1.007862e-14 -1 3.779483e-15 1.007862e-14 -1 3.779483e-15 1.007862e-14 -1 3.779483e-15 1.007862e-14 -1 3.779483e-15 1.007862e-14 -1 3.779483e-15 1.007862e-14 -1 3.779483e-15 1.007862e-14 -1 3.779483e-15 1.007862e-14 -1 3.779483e-15 1.007862e-14 -1 3.779483e-15 1.007862e-14 -1 3.779483e-15 1.007862e-14 -1 3.779483e-15 1.007862e-14 -1 3.779483e-15 1.007862e-14 -1 3.779483e-15 1.007862e-14 -1 -3.779483e-15 -1.007862e-14 1 -3.779483e-15 -1.007862e-14 1 -3.779483e-15 -1.007862e-14 1 -3.779483e-15 -1.007862e-14 1 -3.779483e-15 -1.007862e-14 1 -3.779483e-15 -1.007862e-14 1 -3.779483e-15 -1.007862e-14 1 -3.779483e-15 -1.007862e-14 1 -3.779483e-15 -1.007862e-14 1 -3.779483e-15 -1.007862e-14 1 -3.779483e-15 -1.007862e-14 1 -3.779483e-15 -1.007862e-14 1 -3.779483e-15 -1.007862e-14 1 -3.779483e-15 -1.007862e-14 1 -3.779483e-15 -1.007862e-14 1 -3.779483e-15 -1.007862e-14 1 -3.779483e-15 -1.007862e-14 1 -3.779483e-15 -1.007862e-14 1 -3.779483e-15 -1.007862e-14 1 -3.779483e-15 -1.007862e-14 1 -3.779483e-15 -1.007862e-14 1 -3.779483e-15 -1.007862e-14 1 -3.779483e-15 -1.007862e-14 1 -3.779483e-15 -1.007862e-14 1 -3.779483e-15 -1.007862e-14 1 -3.779483e-15 -1.007862e-14 1 -3.779483e-15 -1.007862e-14 1 -3.779483e-15 -1.007862e-14 1 0 0 0 0 0 0 0 0 0 0 0 0 0 0 0 0 0 0 0 0 0 0 0 0 0 0 0 0 0 0 0 0 0 0 0 0 0 0 0 0 0 0 0 0 0 0 0 0 0 0 0 0 0 0 0 0 0 0 0 0 0 0 0 0 0 0 0 0 0 0 0 0 0 0 0 0 0 0 -3.779483e-15 3.83959e-29 1 -3.779483e-15 3.83959e-29 1 -3.779483e-15 3.83959e-29 1 -3.779483e-15 3.83959e-29 1 3.779483e-15 -3.83959e-29 -1 3.779483e-15 -3.83959e-29 -1 3.779483e-15 -3.83959e-29 -1 3.779483e-15 -3.83959e-29 -1 0 0 0 0 0 0 1 1.007862e-14 2.478349e-15 1 1.007862e-14 2.478349e-15 1 1.007862e-14 2.478349e-15 1 1.007862e-14 2.478349e-15 -1 -1.007862e-14 -2.478349e-15 -1 -1.007862e-14 -2.478349e-15 -1 -1.007862e-14 -2.478349e-15 -1 -1.007862e-14 -2.478349e-15</float_array>
                    <technique_common>
                        <accessor count="112" source="#ID218" stride="3">
                            <param name="X" type="float" />
                            <param name="Y" type="float" />
                            <param name="Z" type="float" />
                        </accessor>
                    </technique_common>
                </source>
                <source id="ID215">
                    <Name_array id="ID219" count="0" />
                    <technique_common>
                        <accessor count="0" source="#ID219" stride="1">
                            <param name="skp_material" type="Name" />
                        </accessor>
                    </technique_common>
                </source>
                <vertices id="ID216">
                    <input semantic="POSITION" source="#ID213" />
                    <input semantic="NORMAL" source="#ID214" />
                </vertices>
                <triangles count="34" material="Material3">
                    <input offset="0" semantic="VERTEX" source="#ID216" />
                    <p>0 1 2 1 0 3 12 13 14 13 12 15 15 12 16 16 12 17 17 12 18 18 12 19 19 12 20 19 20 21 21 20 22 22 20 23 23 20 24 24 20 25 25 20 26 27 28 29 28 27 30 30 27 12 30 12 31 31 12 32 32 12 33 33 12 34 34 12 14 29 28 35 29 35 36 29 36 37 29 37 38 29 38 39 29 39 26 29 26 20 94 95 96 95 94 97 104 105 106 105 104 107</p>
                </triangles>
                <triangles count="34" material="Material2">
                    <input offset="0" semantic="VERTEX" source="#ID216" />
                    <p>4 5 6 7 6 5 40 41 42 41 43 42 43 44 42 44 45 42 45 46 42 46 47 42 47 48 42 49 50 51 51 50 52 52 50 53 53 50 54 54 50 55 50 56 55 55 56 48 42 48 56 41 40 57 57 40 58 58 40 59 59 40 60 60 40 61 61 40 62 40 50 62 62 50 63 63 50 64 64 50 65 65 50 66 66 50 67 49 67 50 98 99 100 101 100 99 108 109 110 111 110 109</p>
                </triangles>
                <lines count="36" material="Material4">
                    <input offset="0" semantic="VERTEX" source="#ID216" />
                    <p>8 9 8 10 11 10 9 11 68 9 68 69 8 69 70 71 71 72 72 73 73 74 74 75 75 76 76 77 77 78 78 79 79 80 80 81 81 82 82 83 83 84 84 85 85 86 86 87 87 88 88 89 89 90 90 91 91 92 92 93 93 70 102 10 103 102 11 103 68 103 69 102</p>
                </lines>
            </mesh>
        </geometry>
        <geometry id="ID220">
            <mesh>
                <source id="ID221">
                    <float_array id="ID225" count="432">130.6904 36.5065 120 130.789 36.74455 120.75 130.6904 36.5065 120.75 130.789 36.74455 120 130.789 36.74455 120 130.6904 36.5065 120 130.789 36.74455 120.75 130.6904 36.5065 120.75 130.6904 36.5065 120.75 130.789 36.74455 120.75 130.6904 36.5065 120 130.789 36.74455 120 130.5335 36.30209 120 130.5335 36.30209 120.75 130.5335 36.30209 120 130.5335 36.30209 120.75 130.5335 36.30209 120.75 130.5335 36.30209 120 130.8226 37 120.75 130.8226 37 120 130.8226 37 120 130.8226 37 120.75 130.8226 37 120.75 130.8226 37 120 130.3291 36.14523 120 130.3291 36.14523 120.75 130.3291 36.14523 120.75 130.3291 36.14523 120 130.3291 36.14523 120.75 130.3291 36.14523 120 130.789 37.25545 120.75 130.789 37.25545 120 130.789 37.25545 120 130.789 37.25545 120.75 130.789 37.25545 120.75 130.789 37.25545 120 130.0911 36.04663 120.75 130.0911 36.04663 120 130.0911 36.04663 120.75 130.0911 36.04663 120 130.0911 36.04663 120.75 130.0911 36.04663 120 130.6904 37.4935 120.75 130.6904 37.4935 120 130.6904 37.4935 120 130.6904 37.4935 120.75 130.6904 37.4935 120.75 130.6904 37.4935 120 129.8356 36.013 120 129.8356 36.013 120.75 129.8356 36.013 120.75 129.8356 36.013 120 129.8356 36.013 120.75 129.8356 36.013 120 130.5335 37.69791 120.75 130.5335 37.69791 120 130.5335 37.69791 120 130.5335 37.69791 120.75 130.5335 37.69791 120.75 130.5335 37.69791 120 129.5802 36.04663 120 129.5802 36.04663 120.75 129.5802 36.04663 120.75 129.5802 36.04663 120 129.5802 36.04663 120.75 129.5802 36.04663 120 130.3291 37.85477 120.75 130.3291 37.85477 120 130.3291 37.85477 120.75 130.3291 37.85477 120 130.3291 37.85477 120.75 130.3291 37.85477 120 129.3421 36.14523 120 129.3421 36.14523 120.75 129.3421 36.14523 120.75 129.3421 36.14523 120 129.3421 36.14523 120.75 129.3421 36.14523 120 130.0911 37.95337 120.75 130.0911 37.95337 120 130.0911 37.95337 120.75 130.0911 37.95337 120 130.0911 37.95337 120.75 130.0911 37.95337 120 129.1377 36.30209 120 129.1377 36.30209 120.75 129.1377 36.30209 120.75 129.1377 36.30209 120 129.1377 36.30209 120.75 129.1377 36.30209 120 129.8356 37.987 120.75 129.8356 37.987 120 129.8356 37.987 120.75 129.8356 37.987 120 129.8356 37.987 120.75 129.8356 37.987 120 128.9808 36.5065 120.75 128.9808 36.5065 120 128.9808 36.5065 120 128.9808 36.5065 120.75 128.9808 36.5065 120.75 128.9808 36.5065 120 129.5802 37.95337 120.75 129.5802 37.95337 120 129.5802 37.95337 120.75 129.5802 37.95337 120 129.5802 37.95337 120.75 129.5802 37.95337 120 128.8822 36.74455 120.75 128.8822 36.74455 120 128.8822 36.74455 120 128.8822 36.74455 120.75 128.8822 36.74455 120.75 128.8822 36.74455 120 129.3421 37.85477 120.75 129.3421 37.85477 120 129.3421 37.85477 120.75 129.3421 37.85477 120 129.3421 37.85477 120.75 129.3421 37.85477 120 128.8486 37 120.75 128.8486 37 120 128.8486 37 120 128.8486 37 120.75 128.8486 37 120.75 128.8486 37 120 129.1377 37.69791 120.75 129.1377 37.69791 120 129.1377 37.69791 120.75 129.1377 37.69791 120 129.1377 37.69791 120.75 129.1377 37.69791 120 128.8822 37.25545 120.75 128.8822 37.25545 120 128.8822 37.25545 120 128.8822 37.25545 120.75 128.8822 37.25545 120.75 128.8822 37.25545 120 128.9808 37.4935 120 128.9808 37.4935 120.75 128.9808 37.4935 120 128.9808 37.4935 120.75 128.9808 37.4935 120.75 128.9808 37.4935 120</float_array>
                    <technique_common>
                        <accessor count="144" source="#ID225" stride="3">
                            <param name="X" type="float" />
                            <param name="Y" type="float" />
                            <param name="Z" type="float" />
                        </accessor>
                    </technique_common>
                </source>
                <source id="ID222">
                    <float_array id="ID226" count="432">0.8660254 -0.5 4.156353e-15 0.9659258 -0.258819 1.218581e-14 0.8660254 -0.5 4.156353e-15 0.9659258 -0.258819 1.218581e-14 -0.9659258 0.258819 -1.218581e-14 -0.8660254 0.5 -4.156353e-15 -0.9659258 0.258819 -1.218581e-14 -0.8660254 0.5 -4.156353e-15 0 0 0 0 0 0 0 0 0 0 0 0 0.7071068 -0.7071068 -4.156353e-15 0.7071068 -0.7071068 -4.156353e-15 -0.7071068 0.7071068 4.156353e-15 -0.7071068 0.7071068 4.156353e-15 0 0 0 0 0 0 1 2.723235e-14 1.938482e-14 1 3.037797e-14 1.938482e-14 -1 -3.037797e-14 -1.938482e-14 -1 -2.723235e-14 -1.938482e-14 0 0 0 0 0 0 0.5 -0.8660254 -1.218581e-14 0.5 -0.8660254 -1.218581e-14 -0.5 0.8660254 1.218581e-14 -0.5 0.8660254 1.218581e-14 0 0 0 0 0 0 0.9659258 0.258819 2.52628e-14 0.9659258 0.258819 2.52628e-14 -0.9659258 -0.258819 -2.52628e-14 -0.9659258 -0.258819 -2.52628e-14 0 0 0 0 0 0 0.258819 -0.9659258 -1.938482e-14 0.258819 -0.9659258 -1.938482e-14 -0.258819 0.9659258 1.938482e-14 -0.258819 0.9659258 1.938482e-14 0 0 0 0 0 0 0.8660254 0.5 2.941915e-14 0.8660254 0.5 2.941915e-14 -0.8660254 -0.5 -2.941915e-14 -0.8660254 -0.5 -2.941915e-14 0 0 0 0 0 0 6.300155e-15 -1 -2.52628e-14 -6.300155e-15 -1 -2.52628e-14 6.300155e-15 1 2.52628e-14 -6.300155e-15 1 2.52628e-14 0 0 0 0 0 0 0.7071068 0.7071068 3.157064e-14 0.7071068 0.7071068 3.157064e-14 -0.7071068 -0.7071068 -3.157064e-14 -0.7071068 -0.7071068 -3.157064e-14 0 0 0 0 0 0 -0.258819 -0.9659258 -2.941915e-14 -0.258819 -0.9659258 -2.941915e-14 0.258819 0.9659258 2.941915e-14 0.258819 0.9659258 2.941915e-14 0 0 0 0 0 0 0.5 0.8660254 3.157064e-14 0.5 0.8660254 3.157064e-14 -0.5 -0.8660254 -3.157064e-14 -0.5 -0.8660254 -3.157064e-14 0 0 0 0 0 0 -0.5 -0.8660254 -3.157064e-14 -0.5 -0.8660254 -3.157064e-14 0.5 0.8660254 3.157064e-14 0.5 0.8660254 3.157064e-14 0 0 0 0 0 0 0.258819 0.9659258 2.941915e-14 0.258819 0.9659258 2.941915e-14 -0.258819 -0.9659258 -2.941915e-14 -0.258819 -0.9659258 -2.941915e-14 0 0 0 0 0 0 -0.7071068 -0.7071068 -3.157064e-14 -0.7071068 -0.7071068 -3.157064e-14 0.7071068 0.7071068 3.157064e-14 0.7071068 0.7071068 3.157064e-14 0 0 0 0 0 0 -6.81789e-14 1 2.52628e-14 -5.557859e-14 1 2.52628e-14 6.81789e-14 -1 -2.52628e-14 5.557859e-14 -1 -2.52628e-14 0 0 0 0 0 0 -0.8660254 -0.5 -2.941915e-14 -0.8660254 -0.5 -2.941915e-14 0.8660254 0.5 2.941915e-14 0.8660254 0.5 2.941915e-14 0 0 0 0 0 0 -0.258819 0.9659258 1.938482e-14 -0.258819 0.9659258 1.938482e-14 0.258819 -0.9659258 -1.938482e-14 0.258819 -0.9659258 -1.938482e-14 0 0 0 0 0 0 -0.9659258 -0.258819 -2.52628e-14 -0.9659258 -0.258819 -2.52628e-14 0.9659258 0.258819 2.52628e-14 0.9659258 0.258819 2.52628e-14 0 0 0 0 0 0 -0.5 0.8660254 1.218581e-14 -0.5 0.8660254 1.218581e-14 0.5 -0.8660254 -1.218581e-14 0.5 -0.8660254 -1.218581e-14 0 0 0 0 0 0 -1 2.9273e-14 -1.938482e-14 -1 1.392806e-14 -1.938482e-14 1 -1.392806e-14 1.938482e-14 1 -2.9273e-14 1.938482e-14 0 0 0 0 0 0 -0.7071068 0.7071068 4.156353e-15 -0.7071068 0.7071068 4.156353e-15 0.7071068 -0.7071068 -4.156353e-15 0.7071068 -0.7071068 -4.156353e-15 0 0 0 0 0 0 -0.9659258 0.258819 -1.218581e-14 -0.9659258 0.258819 -1.218581e-14 0.9659258 -0.258819 1.218581e-14 0.9659258 -0.258819 1.218581e-14 0 0 0 0 0 0 -0.8660254 0.5 -4.156353e-15 -0.8660254 0.5 -4.156353e-15 0.8660254 -0.5 4.156353e-15 0.8660254 -0.5 4.156353e-15 0 0 0 0 0 0</float_array>
                    <technique_common>
                        <accessor count="144" source="#ID226" stride="3">
                            <param name="X" type="float" />
                            <param name="Y" type="float" />
                            <param name="Z" type="float" />
                        </accessor>
                    </technique_common>
                </source>
                <source id="ID223">
                    <Name_array id="ID227" count="0" />
                    <technique_common>
                        <accessor count="0" source="#ID227" stride="1">
                            <param name="skp_material" type="Name" />
                        </accessor>
                    </technique_common>
                </source>
                <vertices id="ID224">
                    <input semantic="POSITION" source="#ID221" />
                    <input semantic="NORMAL" source="#ID222" />
                </vertices>
                <triangles count="48" material="Material2">
                    <input offset="0" semantic="VERTEX" source="#ID224" />
                    <p>0 1 2 1 0 3 12 2 13 2 12 0 3 18 1 18 3 19 13 24 12 24 13 25 19 30 18 30 19 31 24 36 37 36 24 25 31 42 30 42 31 43 36 48 37 48 36 49 43 54 42 54 43 55 49 60 48 60 49 61 66 55 67 55 66 54 61 72 60 72 61 73 78 67 79 67 78 66 73 84 72 84 73 85 90 79 91 79 90 78 96 84 85 84 96 97 102 91 103 91 102 90 108 97 96 97 108 109 114 103 115 103 114 102 120 109 108 109 120 121 126 115 127 115 126 114 132 121 120 121 132 133 126 138 139 138 126 127 139 133 132 133 139 138</p>
                </triangles>
                <triangles count="48" material="Material3">
                    <input offset="0" semantic="VERTEX" source="#ID224" />
                    <p>4 5 6 7 6 5 5 14 7 15 7 14 20 4 21 6 21 4 26 15 27 14 27 15 32 20 33 21 33 20 26 27 38 39 38 27 44 32 45 33 45 32 50 38 51 39 51 38 56 44 57 45 57 44 62 50 63 51 63 50 57 68 56 69 56 68 74 62 75 63 75 62 68 80 69 81 69 80 86 74 87 75 87 74 80 92 81 93 81 92 98 99 87 86 87 99 92 104 93 105 93 104 110 111 98 99 98 111 104 116 105 117 105 116 122 123 110 111 110 123 116 128 117 129 117 128 134 135 122 123 122 135 129 128 140 141 140 128 140 141 134 135 134 141</p>
                </triangles>
                <lines count="72" material="Material4">
                    <input offset="0" semantic="VERTEX" source="#ID224" />
                    <p>8 9 8 10 10 11 9 11 16 8 16 17 17 10 9 22 11 23 22 23 28 16 28 29 29 17 22 34 23 35 34 35 40 28 40 41 41 29 34 46 35 47 46 47 52 40 52 53 53 41 46 58 47 59 58 59 64 52 64 65 65 53 58 70 59 71 70 71 76 64 76 77 77 65 70 82 71 83 82 83 88 76 88 89 89 77 82 94 83 95 94 95 100 88 100 101 101 89 94 106 95 107 106 107 112 100 112 113 113 101 106 118 107 119 118 119 124 112 124 125 125 113 118 130 119 131 130 131 136 124 136 137 137 125 130 142 131 143 142 143 142 136 143 137</p>
                </lines>
            </mesh>
        </geometry>
        <geometry id="ID228">
            <mesh>
                <source id="ID229">
                    <float_array id="ID233" count="432">32.13187 37.91287 158.75 32.39925 38.11804 120.5 32.13187 37.91287 120.5 32.39925 38.11804 158.75 32.39925 38.11804 158.75 32.13187 37.91287 158.75 32.39925 38.11804 120.5 32.13187 37.91287 120.5 32.39925 38.11804 158.75 32.13187 37.91287 158.75 32.39925 38.11804 120.5 32.13187 37.91287 120.5 32.71061 38.24701 120.5 32.71061 38.24701 158.75 32.71061 38.24701 158.75 32.71061 38.24701 120.5 32.71061 38.24701 158.75 32.71061 38.24701 120.5 31.92671 37.6455 120.5 31.92671 37.6455 158.75 31.92671 37.6455 120.5 31.92671 37.6455 158.75 31.92671 37.6455 158.75 31.92671 37.6455 120.5 33.04475 38.291 120.5 33.04475 38.291 158.75 33.04475 38.291 158.75 33.04475 38.291 120.5 33.04475 38.291 158.75 33.04475 38.291 120.5 31.79774 37.33413 120.5 31.79774 37.33413 158.75 31.79774 37.33413 120.5 31.79774 37.33413 158.75 31.79774 37.33413 158.75 31.79774 37.33413 120.5 33.37888 38.24701 120.5 33.37888 38.24701 158.75 33.37888 38.24701 158.75 33.37888 38.24701 120.5 33.37888 38.24701 158.75 33.37888 38.24701 120.5 31.75375 37 120.5 31.75375 37 158.75 31.75375 37 120.5 31.75375 37 158.75 31.75375 37 158.75 31.75375 37 120.5 33.69024 38.11804 120.5 33.69024 38.11804 158.75 33.69024 38.11804 158.75 33.69024 38.11804 120.5 33.69024 38.11804 158.75 33.69024 38.11804 120.5 31.79774 36.66587 120.5 31.79774 36.66587 158.75 31.79774 36.66587 120.5 31.79774 36.66587 158.75 31.79774 36.66587 158.75 31.79774 36.66587 120.5 33.95762 37.91287 120.5 33.95762 37.91287 158.75 33.95762 37.91287 158.75 33.95762 37.91287 120.5 33.95762 37.91287 158.75 33.95762 37.91287 120.5 31.92671 36.3545 120.5 31.92671 36.3545 158.75 31.92671 36.3545 120.5 31.92671 36.3545 158.75 31.92671 36.3545 158.75 31.92671 36.3545 120.5 34.16278 37.6455 120.5 34.16278 37.6455 158.75 34.16278 37.6455 120.5 34.16278 37.6455 158.75 34.16278 37.6455 158.75 34.16278 37.6455 120.5 32.13187 36.08713 120.5 32.13187 36.08713 158.75 32.13187 36.08713 120.5 32.13187 36.08713 158.75 32.13187 36.08713 158.75 32.13187 36.08713 120.5 34.29175 37.33413 120.5 34.29175 37.33413 158.75 34.29175 37.33413 120.5 34.29175 37.33413 158.75 34.29175 37.33413 158.75 34.29175 37.33413 120.5 32.39925 35.88196 158.75 32.39925 35.88196 120.5 32.39925 35.88196 158.75 32.39925 35.88196 120.5 32.39925 35.88196 158.75 32.39925 35.88196 120.5 34.33574 37 120.5 34.33574 37 158.75 34.33574 37 120.5 34.33574 37 158.75 34.33574 37 158.75 34.33574 37 120.5 32.71061 35.75299 158.75 32.71061 35.75299 120.5 32.71061 35.75299 158.75 32.71061 35.75299 120.5 32.71061 35.75299 158.75 32.71061 35.75299 120.5 34.29175 36.66587 120.5 34.29175 36.66587 158.75 34.29175 36.66587 120.5 34.29175 36.66587 158.75 34.29175 36.66587 158.75 34.29175 36.66587 120.5 33.04475 35.709 158.75 33.04475 35.709 120.5 33.04475 35.709 158.75 33.04475 35.709 120.5 33.04475 35.709 158.75 33.04475 35.709 120.5 34.16278 36.3545 120.5 34.16278 36.3545 158.75 34.16278 36.3545 120.5 34.16278 36.3545 158.75 34.16278 36.3545 158.75 34.16278 36.3545 120.5 33.37888 35.75299 158.75 33.37888 35.75299 120.5 33.37888 35.75299 158.75 33.37888 35.75299 120.5 33.37888 35.75299 158.75 33.37888 35.75299 120.5 33.95762 36.08713 120.5 33.95762 36.08713 158.75 33.95762 36.08713 120.5 33.95762 36.08713 158.75 33.95762 36.08713 158.75 33.95762 36.08713 120.5 33.69024 35.88196 158.75 33.69024 35.88196 120.5 33.69024 35.88196 158.75 33.69024 35.88196 120.5 33.69024 35.88196 158.75 33.69024 35.88196 120.5</float_array>
                    <technique_common>
                        <accessor count="144" source="#ID233" stride="3">
                            <param name="X" type="float" />
                            <param name="Y" type="float" />
                            <param name="Z" type="float" />
                        </accessor>
                    </technique_common>
                </source>
                <source id="ID230">
                    <float_array id="ID234" count="432">-0.7071068 0.7071068 3.620486e-14 -0.5 0.8660254 3.373756e-14 -0.7071068 0.7071068 3.620486e-14 -0.5 0.8660254 3.373756e-14 0.5 -0.8660254 -3.373756e-14 0.7071068 -0.7071068 -3.620486e-14 0.5 -0.8660254 -3.373756e-14 0.7071068 -0.7071068 -3.620486e-14 0 0 0 0 0 0 0 0 0 0 0 0 -0.258819 0.9659258 2.89711e-14 -0.258819 0.9659258 2.89711e-14 0.258819 -0.9659258 -2.89711e-14 0.258819 -0.9659258 -2.89711e-14 0 0 0 0 0 0 -0.8660254 0.5 3.620486e-14 -0.8660254 0.5 3.620486e-14 0.8660254 -0.5 -3.620486e-14 0.8660254 -0.5 -3.620486e-14 0 0 0 0 0 0 2.092329e-14 1 2.22303e-14 2.579766e-14 1 2.22303e-14 -2.579766e-14 -1 -2.22303e-14 -2.092329e-14 -1 -2.22303e-14 0 0 0 0 0 0 -0.9659258 0.258819 3.373756e-14 -0.9659258 0.258819 3.373756e-14 0.9659258 -0.258819 -3.373756e-14 0.9659258 -0.258819 -3.373756e-14 0 0 0 0 0 0 0.258819 0.9659258 1.397455e-14 0.258819 0.9659258 1.397455e-14 -0.258819 -0.9659258 -1.397455e-14 -0.258819 -0.9659258 -1.397455e-14 0 0 0 0 0 0 -1 -1.024778e-14 2.89711e-14 -1 -1.396371e-14 2.89711e-14 1 1.024778e-14 -2.89711e-14 1 1.396371e-14 -2.89711e-14 0 0 0 0 0 0 0.5 0.8660254 4.76646e-15 0.5 0.8660254 4.76646e-15 -0.5 -0.8660254 -4.76646e-15 -0.5 -0.8660254 -4.76646e-15 0 0 0 0 0 0 -0.9659258 -0.258819 2.22303e-14 -0.9659258 -0.258819 2.22303e-14 0.9659258 0.258819 -2.22303e-14 0.9659258 0.258819 -2.22303e-14 0 0 0 0 0 0 0.7071068 0.7071068 -4.76646e-15 0.7071068 0.7071068 -4.76646e-15 -0.7071068 -0.7071068 4.76646e-15 -0.7071068 -0.7071068 4.76646e-15 0 0 0 0 0 0 -0.8660254 -0.5 1.397455e-14 -0.8660254 -0.5 1.397455e-14 0.8660254 0.5 -1.397455e-14 0.8660254 0.5 -1.397455e-14 0 0 0 0 0 0 0.8660254 0.5 -1.397455e-14 0.8660254 0.5 -1.397455e-14 -0.8660254 -0.5 1.397455e-14 -0.8660254 -0.5 1.397455e-14 0 0 0 0 0 0 -0.7071068 -0.7071068 4.76646e-15 -0.7071068 -0.7071068 4.76646e-15 0.7071068 0.7071068 -4.76646e-15 0.7071068 0.7071068 -4.76646e-15 0 0 0 0 0 0 0.9659258 0.258819 -2.22303e-14 0.9659258 0.258819 -2.22303e-14 -0.9659258 -0.258819 2.22303e-14 -0.9659258 -0.258819 2.22303e-14 0 0 0 0 0 0 -0.5 -0.8660254 -4.76646e-15 -0.5 -0.8660254 -4.76646e-15 0.5 0.8660254 4.76646e-15 0.5 0.8660254 4.76646e-15 0 0 0 0 0 0 1 -5.316368e-14 -2.89711e-14 1 -5.68707e-14 -2.89711e-14 -1 5.316368e-14 2.89711e-14 -1 5.68707e-14 2.89711e-14 0 0 0 0 0 0 -0.258819 -0.9659258 -1.397455e-14 -0.258819 -0.9659258 -1.397455e-14 0.258819 0.9659258 1.397455e-14 0.258819 0.9659258 1.397455e-14 0 0 0 0 0 0 0.9659258 -0.258819 -3.373756e-14 0.9659258 -0.258819 -3.373756e-14 -0.9659258 0.258819 3.373756e-14 -0.9659258 0.258819 3.373756e-14 0 0 0 0 0 0 -8.24545e-14 -1 -2.22303e-14 -6.612044e-14 -1 -2.22303e-14 8.24545e-14 1 2.22303e-14 6.612044e-14 1 2.22303e-14 0 0 0 0 0 0 0.8660254 -0.5 -3.620486e-14 0.8660254 -0.5 -3.620486e-14 -0.8660254 0.5 3.620486e-14 -0.8660254 0.5 3.620486e-14 0 0 0 0 0 0 0.258819 -0.9659258 -2.89711e-14 0.258819 -0.9659258 -2.89711e-14 -0.258819 0.9659258 2.89711e-14 -0.258819 0.9659258 2.89711e-14 0 0 0 0 0 0 0.7071068 -0.7071068 -3.620486e-14 0.7071068 -0.7071068 -3.620486e-14 -0.7071068 0.7071068 3.620486e-14 -0.7071068 0.7071068 3.620486e-14 0 0 0 0 0 0 0.5 -0.8660254 -3.373756e-14 0.5 -0.8660254 -3.373756e-14 -0.5 0.8660254 3.373756e-14 -0.5 0.8660254 3.373756e-14 0 0 0 0 0 0</float_array>
                    <technique_common>
                        <accessor count="144" source="#ID234" stride="3">
                            <param name="X" type="float" />
                            <param name="Y" type="float" />
                            <param name="Z" type="float" />
                        </accessor>
                    </technique_common>
                </source>
                <source id="ID231">
                    <Name_array id="ID235" count="0" />
                    <technique_common>
                        <accessor count="0" source="#ID235" stride="1">
                            <param name="skp_material" type="Name" />
                        </accessor>
                    </technique_common>
                </source>
                <vertices id="ID232">
                    <input semantic="POSITION" source="#ID229" />
                    <input semantic="NORMAL" source="#ID230" />
                </vertices>
                <triangles count="48" material="Material2">
                    <input offset="0" semantic="VERTEX" source="#ID232" />
                    <p>0 1 2 1 0 3 3 12 1 12 3 13 0 18 19 18 0 2 13 24 12 24 13 25 19 30 31 30 19 18 25 36 24 36 25 37 31 42 43 42 31 30 37 48 36 48 37 49 43 54 55 54 43 42 49 60 48 60 49 61 55 66 67 66 55 54 72 61 73 61 72 60 67 78 79 78 67 66 84 73 85 73 84 72 90 78 91 78 90 79 96 85 97 85 96 84 102 91 103 91 102 90 108 97 109 97 108 96 114 103 115 103 114 102 120 109 121 109 120 108 126 115 127 115 126 114 132 121 133 121 132 120 138 127 139 127 138 126 133 139 132 139 133 138</p>
                </triangles>
                <triangles count="48" material="Material3">
                    <input offset="0" semantic="VERTEX" source="#ID232" />
                    <p>4 5 6 7 6 5 14 4 15 6 15 4 7 5 20 21 20 5 26 14 27 15 27 14 20 21 32 33 32 21 38 26 39 27 39 26 32 33 44 45 44 33 50 38 51 39 51 38 44 45 56 57 56 45 62 50 63 51 63 50 56 57 68 69 68 57 63 74 62 75 62 74 68 69 80 81 80 69 74 86 75 87 75 86 81 92 80 93 80 92 86 98 87 99 87 98 92 104 93 105 93 104 98 110 99 111 99 110 104 116 105 117 105 116 110 122 111 123 111 122 116 128 117 129 117 128 122 134 123 135 123 134 128 140 129 141 129 140 140 135 141 134 141 135</p>
                </triangles>
                <lines count="72" material="Material4">
                    <input offset="0" semantic="VERTEX" source="#ID232" />
                    <p>8 9 8 10 10 11 9 11 16 8 16 17 17 10 9 22 11 23 22 23 28 16 28 29 29 17 22 34 23 35 34 35 40 28 40 41 41 29 34 46 35 47 46 47 52 40 52 53 53 41 46 58 47 59 58 59 64 52 64 65 65 53 58 70 59 71 70 71 76 64 76 77 77 65 70 82 71 83 82 83 88 76 88 89 89 77 82 94 83 95 94 95 100 88 100 101 101 89 94 106 95 107 106 107 112 100 112 113 113 101 106 118 107 119 118 119 124 112 124 125 125 113 118 130 119 131 130 131 136 124 136 137 137 125 130 142 131 143 142 143 142 136 143 137</p>
                </lines>
            </mesh>
        </geometry>
        <geometry id="ID236">
            <mesh>
                <source id="ID237">
                    <float_array id="ID239" count="18">86.32377 46.32162 121.4763 85.88161 46.62132 121.7229 86.70345 45.84486 121.2646 86.9948 45.22354 121.1021 87.17794 44.5 121 85.22794 47.00971 122.0874</float_array>
                    <technique_common>
                        <accessor count="6" source="#ID239" stride="3">
                            <param name="X" type="float" />
                            <param name="Y" type="float" />
                            <param name="Z" type="float" />
                        </accessor>
                    </technique_common>
                </source>
                <vertices id="ID238">
                    <input semantic="POSITION" source="#ID237" />
                </vertices>
                <lines count="5" material="Material2">
                    <input offset="0" semantic="VERTEX" source="#ID238" />
                    <p>1 0 0 2 2 3 3 4 1 5</p>
                </lines>
            </mesh>
        </geometry>
        <geometry id="ID240">
            <mesh>
                <source id="ID241">
                    <float_array id="ID243" count="9">37.08119 2.139115 148.8502 38.0218 2.546979 148.4109 36.0718 2 149</float_array>
                    <technique_common>
                        <accessor count="3" source="#ID243" stride="3">
                            <param name="X" type="float" />
                            <param name="Y" type="float" />
                            <param name="Z" type="float" />
                        </accessor>
                    </technique_common>
                </source>
                <vertices id="ID242">
                    <input semantic="POSITION" source="#ID241" />
                </vertices>
                <lines count="2" material="Material2">
                    <input offset="0" semantic="VERTEX" source="#ID242" />
                    <p>1 0 0 2</p>
                </lines>
            </mesh>
        </geometry>
        <geometry id="ID244">
            <mesh>
                <source id="ID245">
                    <float_array id="ID247" count="9">37.08119 71.86089 148.8502 38.0218 71.45302 148.4109 36.0718 72 149</float_array>
                    <technique_common>
                        <accessor count="3" source="#ID247" stride="3">
                            <param name="X" type="float" />
                            <param name="Y" type="float" />
                            <param name="Z" type="float" />
                        </accessor>
                    </technique_common>
                </source>
                <vertices id="ID246">
                    <input semantic="POSITION" source="#ID245" />
                </vertices>
                <lines count="2" material="Material2">
                    <input offset="0" semantic="VERTEX" source="#ID246" />
                    <p>1 0 0 2</p>
                </lines>
            </mesh>
        </geometry>
        <geometry id="ID248">
            <mesh>
                <source id="ID249">
                    <float_array id="ID251" count="18">86.32377 27.67838 121.4763 85.88161 27.37868 121.7229 86.70345 28.15514 121.2646 86.9948 28.77646 121.1021 87.17794 29.5 121 85.22794 26.99029 122.0874</float_array>
                    <technique_common>
                        <accessor count="6" source="#ID251" stride="3">
                            <param name="X" type="float" />
                            <param name="Y" type="float" />
                            <param name="Z" type="float" />
                        </accessor>
                    </technique_common>
                </source>
                <vertices id="ID250">
                    <input semantic="POSITION" source="#ID249" />
                </vertices>
                <lines count="5" material="Material2">
                    <input offset="0" semantic="VERTEX" source="#ID250" />
                    <p>1 0 0 2 2 3 3 4 1 5</p>
                </lines>
            </mesh>
        </geometry>
        <geometry id="ID252">
            <mesh>
                <source id="ID253">
                    <float_array id="ID255" count="282">2.913982 43.36396 119.25 4.777943 44.79423 119.25 1.483714 41.5 119.25 4.297388 38.33454 112 5.651958 39.09346 109.2803 6.634173 39.64377 107.3082 7.478458 40.1168 105.613 8.316925 40.58657 103.9295 9.277943 40.59897 105.613 10.24563 40.61146 107.3082 9.277943 41.18693 109.2803 7.943407 41.98056 112 9.277943 46 119.25 10.61248 41.98056 112 11.37141 40.62598 109.2803 11.92171 39.64377 107.3082 12.39474 38.79948 105.613 12.86451 37.96102 103.9295 12.87691 37 105.613 12.8894 37.96769 107.3082 12.90393 39.09346 109.2803 12.92396 40.64602 112 17.07217 41.5 119.25 14.2585 38.33454 112 18.27794 37 119.25 14.2585 35.66546 112 12.90393 34.90654 109.2803 11.92171 34.35623 107.3082 12.39474 35.20052 105.613 12.8894 36.03231 107.3082 13.46487 37 109.2803 11.90349 34.37445 103.9295 11.07743 33.8832 105.613 10.24563 33.38854 107.3082 9.277943 32.81307 109.2803 8.310256 33.38854 107.3082 7.478458 33.8832 105.613 6.652392 34.37445 103.9295 7.215443 33.42765 102 8.316925 33.41343 103.9295 9.277943 32.875 102 10.23896 33.41343 103.9295 11.34044 33.42765 102 9.277943 33.40103 105.613 6.161143 35.20052 105.613 6.634173 34.35623 107.3082 7.18448 33.37402 109.2803 7.943407 32.01944 112 9.277943 28 119.25 10.61248 32.01944 112 13.77794 29.20577 119.25 12.92396 33.35398 112 11.37141 33.37402 109.2803 17.07217 32.5 119.25 11.60731 28.30667 119.25 6.948571 28.30667 119.25 4.777943 29.20577 119.25 2.913982 30.63604 119.25 1.483714 32.5 119.25 5.631924 33.35398 112 4.826471 29.12172 119.2756 5.651958 34.90654 109.2803 5.666486 36.03231 107.3082 5.091016 37 109.2803 5.666486 37.96769 107.3082 6.161143 38.79948 105.613 5.691374 37.96102 103.9295 5.152943 37 102 5.691374 36.03898 103.9295 5.705588 34.9375 102 5.678973 37 105.613 5.705588 39.0625 102 6.652392 39.62555 103.9295 7.215443 40.57235 102 4.297388 35.66546 112 0.2779429 37 119.25 0.5846104 34.67063 119.25 0.5846104 39.32937 119.25 12.8503 34.9375 102 12.86451 36.03898 103.9295 13.40294 37 102 13.77794 44.79423 119.25 12.8503 39.0625 102 11.90349 39.62555 103.9295 11.34044 40.57235 102 10.23896 40.58657 103.9295 11.07743 40.1168 105.613 9.277943 41.125 102 11.60731 45.69333 119.25 6.948571 45.69333 119.25 7.18448 40.62598 109.2803 8.310256 40.61146 107.3082 5.631924 40.64602 112 0.2779429 37 119.2756</float_array>
                    <technique_common>
                        <accessor count="94" source="#ID255" stride="3">
                            <param name="X" type="float" />
                            <param name="Y" type="float" />
                            <param name="Z" type="float" />
                        </accessor>
                    </technique_common>
                </source>
                <vertices id="ID254">
                    <input semantic="POSITION" source="#ID253" />
                </vertices>
                <lines count="158" material="Material2">
                    <input offset="0" semantic="VERTEX" source="#ID254" />
                    <p>1 0 0 2 2 3 4 3 5 4 6 5 7 6 8 7 9 8 9 10 10 11 11 12 12 13 14 13 15 14 16 15 17 16 18 17 18 19 19 20 20 21 21 22 22 23 23 24 24 25 26 25 27 26 27 28 29 28 30 29 28 31 32 31 33 32 34 33 35 34 36 35 37 36 37 38 38 39 39 40 40 41 41 42 43 41 39 43 44 37 44 45 45 46 46 47 48 47 49 48 50 49 51 50 52 51 53 51 49 52 48 54 55 48 56 55 57 56 58 57 59 58 60 59 61 59 62 61 63 62 63 64 64 65 65 66 66 67 67 68 68 69 70 68 66 70 71 66 72 71 72 73 65 72 64 70 74 63 75 74 75 76 77 75 70 62 74 61 76 58 58 74 47 60 59 46 61 45 68 44 62 44 69 37 36 39 45 36 35 43 46 35 34 49 47 34 33 52 43 33 41 32 31 78 78 79 79 80 31 42 28 79 32 27 52 27 26 29 51 26 25 30 25 53 23 30 81 21 23 20 30 19 29 18 79 18 17 82 82 83 83 84 84 85 86 85 85 87 83 86 80 17 19 16 16 83 15 86 20 15 21 14 13 81 88 12 12 89 11 90 91 90 90 92 10 91 13 10 86 9 14 9 8 91 85 8 7 73 87 7 91 6 6 72 5 65 90 5 4 64 92 4 93 3 3 63 2 92 2 77 92 1 1 11 89 1</p>
                </lines>
            </mesh>
        </geometry>
        <geometry id="ID256">
            <mesh>
                <source id="ID257">
                    <float_array id="ID259" count="6">0.4720571 37 120 0.2779429 37 120</float_array>
                    <technique_common>
                        <accessor count="2" source="#ID259" stride="3">
                            <param name="X" type="float" />
                            <param name="Y" type="float" />
                            <param name="Z" type="float" />
                        </accessor>
                    </technique_common>
                </source>
                <vertices id="ID258">
                    <input semantic="POSITION" source="#ID257" />
                </vertices>
                <lines count="1" material="Material2">
                    <input offset="0" semantic="VERTEX" source="#ID258" />
                    <p>1 0</p>
                </lines>
            </mesh>
        </geometry>
        <geometry id="ID260">
            <mesh>
                <source id="ID261">
                    <float_array id="ID263" count="6">87.17794 37 120 87.17794 37 121</float_array>
                    <technique_common>
                        <accessor count="2" source="#ID263" stride="3">
                            <param name="X" type="float" />
                            <param name="Y" type="float" />
                            <param name="Z" type="float" />
                        </accessor>
                    </technique_common>
                </source>
                <vertices id="ID262">
                    <input semantic="POSITION" source="#ID261" />
                </vertices>
                <lines count="1" material="Material2">
                    <input offset="0" semantic="VERTEX" source="#ID262" />
                    <p>1 0</p>
                </lines>
            </mesh>
        </geometry>
    </library_geometries>
    <library_materials>
        <material id="ID5" name="material">
            <instance_effect url="#ID4" />
        </material>
        <material id="ID11" name="material_0">
            <instance_effect url="#ID10" />
        </material>
        <material id="ID12" name="edge_color000255">
            <instance_effect url="#ID13" />
        </material>
        <material id="ID22" name="edge_color255630255">
            <instance_effect url="#ID23" />
        </material>
        <material id="ID48" name="_0077_DarkGreen">
            <instance_effect url="#ID49" />
        </material>
        <material id="ID50" name="edge_color05125255">
            <instance_effect url="#ID51" />
        </material>
        <material id="ID68" name="__LightGray_">
            <instance_effect url="#ID69" />
        </material>
        <material id="ID74" name="Translucent_Glass_Gray">
            <instance_effect url="#ID75" />
        </material>
        <material id="ID124" name="Color_B01">
            <instance_effect url="#ID125" />
        </material>
        <material id="ID158" name="_0134_DimGray">
            <instance_effect url="#ID159" />
        </material>
        <material id="ID168" name="BB2140">
            <instance_effect url="#ID169" />
        </material>
    </library_materials>
    <library_effects>
        <effect id="ID4">
            <profile_COMMON>
                <technique sid="COMMON">
                    <lambert>
                        <diffuse>
                            <color>1 1 1 1</color>
                        </diffuse>
                    </lambert>
                </technique>
            </profile_COMMON>
        </effect>
        <effect id="ID10">
            <profile_COMMON>
                <technique sid="COMMON">
                    <lambert>
                        <diffuse>
                            <color>0.6431373 0.6980392 0.7333333 1</color>
                        </diffuse>
                    </lambert>
                </technique>
            </profile_COMMON>
        </effect>
        <effect id="ID13">
            <profile_COMMON>
                <technique sid="COMMON">
                    <constant>
                        <transparent opaque="A_ONE">
                            <color>0 0 0 1</color>
                        </transparent>
                        <transparency>
                            <float>1</float>
                        </transparency>
                    </constant>
                </technique>
            </profile_COMMON>
        </effect>
        <effect id="ID23">
            <profile_COMMON>
                <technique sid="COMMON">
                    <constant>
                        <transparent opaque="A_ONE">
                            <color>1 0.2470588 0 1</color>
                        </transparent>
                        <transparency>
                            <float>1</float>
                        </transparency>
                    </constant>
                </technique>
            </profile_COMMON>
        </effect>
        <effect id="ID49">
            <profile_COMMON>
                <technique sid="COMMON">
                    <lambert>
                        <diffuse>
                            <color>0 0.2 0.09803922 1</color>
                        </diffuse>
                    </lambert>
                </technique>
            </profile_COMMON>
        </effect>
        <effect id="ID51">
            <profile_COMMON>
                <technique sid="COMMON">
                    <constant>
                        <transparent opaque="A_ONE">
                            <color>0 0.2 0.09803922 1</color>
                        </transparent>
                        <transparency>
                            <float>1</float>
                        </transparency>
                    </constant>
                </technique>
            </profile_COMMON>
        </effect>
        <effect id="ID69">
            <profile_COMMON>
                <technique sid="COMMON">
                    <lambert>
                        <diffuse>
                            <color>0.6627451 0.6627451 0.6627451 1</color>
                        </diffuse>
                    </lambert>
                </technique>
            </profile_COMMON>
        </effect>
        <effect id="ID75">
            <profile_COMMON>
                <technique sid="COMMON">
                    <lambert>
                        <diffuse>
                            <color>0.6470588 0.6470588 0.6470588 0.2509804</color>
                        </diffuse>
                        <transparent opaque="RGB_ZERO">
                            <color>0.7490196 0.7490196 0.7490196 0.7490196</color>
                        </transparent>
                        <transparency>
                            <float>1</float>
                        </transparency>
                    </lambert>
                </technique>
            </profile_COMMON>
        </effect>
        <effect id="ID125">
            <profile_COMMON>
                <technique sid="COMMON">
                    <lambert>
                        <diffuse>
                            <color>1 0.2470588 0 1</color>
                        </diffuse>
                    </lambert>
                </technique>
            </profile_COMMON>
        </effect>
        <effect id="ID159">
            <profile_COMMON>
                <technique sid="COMMON">
                    <lambert>
                        <diffuse>
                            <color>0.4117647 0.4117647 0.4117647 1</color>
                        </diffuse>
                    </lambert>
                </technique>
            </profile_COMMON>
        </effect>
        <effect id="ID169">
            <profile_COMMON>
                <newparam sid="ID171">
                    <surface type="2D">
                        <init_from>ID170</init_from>
                    </surface>
                </newparam>
                <newparam sid="ID172">
                    <sampler2D>
                        <source>ID171</source>
                    </sampler2D>
                </newparam>
                <technique sid="COMMON">
                    <lambert>
                        <diffuse>
                            <texture texture="ID172" texcoord="UVSET0" />
                        </diffuse>
                    </lambert>
                </technique>
            </profile_COMMON>
        </effect>
    </library_effects>
    <library_images>
        <image id="ID170">
            <init_from>model/BB2140.jpg</init_from>
        </image>
    </library_images>
    <scene>
        <instance_visual_scene url="#ID2" />
    </scene>
</COLLADA>
