<?xml version="1.0" encoding="UTF-8" standalone="no" ?>
<COLLADA xmlns="http://www.collada.org/2005/11/COLLADASchema" version="1.4.1">
    <asset>
        <contributor>
            <authoring_tool>SketchUp 16.0.1</authoring_tool>
        </contributor>
        <created>2020-01-10T00:41:02Z</created>
        <modified>2020-01-10T00:41:02Z</modified>
        <unit meter="0.0254" name="inch" />
        <up_axis>Z_UP</up_axis>
    </asset>
    <library_cameras>
        <camera id="ID1" name="skp_camera_Last_Saved_SketchUp_View">
            <optics>
                <technique_common>
                    <orthographic>
                        <xmag>1</xmag>
                        <aspect_ratio>0</aspect_ratio>
                        <znear>1</znear>
                        <zfar>1000</zfar>
                    </orthographic>
                </technique_common>
            </optics>
        </camera>
    </library_cameras>
    <library_visual_scenes>
        <visual_scene id="ID2">
            <node name="SketchUp">
                <instance_geometry url="#ID3">
                    <bind_material>
                        <technique_common>
                            <instance_material symbol="Material2" target="#ID5">
                                <bind_vertex_input semantic="UVSET0" input_semantic="TEXCOORD" input_set="0" />
                            </instance_material>
                            <instance_material symbol="Material3" target="#ID11">
                                <bind_vertex_input semantic="UVSET0" input_semantic="TEXCOORD" input_set="0" />
                            </instance_material>
                            <instance_material symbol="Material4" target="#ID12">
                                <bind_vertex_input semantic="UVSET0" input_semantic="TEXCOORD" input_set="0" />
                            </instance_material>
                        </technique_common>
                    </bind_material>
                </instance_geometry>
                <node name="skp_camera_Last_Saved_SketchUp_View">
                    <matrix>0.7071068 0.4082483 -0.5773503 -11.95754 -0.7071068 0.4082483 -0.5773503 -15.14342 0 0.8164966 0.5773503 17.41191 0 0 0 1</matrix>
                    <instance_camera url="#ID1" />
                </node>
            </node>
        </visual_scene>
    </library_visual_scenes>
    <library_geometries>
        <geometry id="ID3">
            <mesh>
                <source id="ID6">
                    <float_array id="ID14" count="14367">-0.2421391 0.1824488 0.1968504 0 0.1771654 0 -0.2421391 0.1824488 0 0 0.1771654 0.1968504 0 0.1771654 0.1968504 -0.2421391 0.1824488 0.1968504 0 0.1771654 0 -0.2421391 0.1824488 0 0 0.1771654 0 0 0.1771654 0.1968504 -0.2421391 0.1824488 0 -0.2421391 0.1824488 0.1968504 0.2421391 0.1824488 0 0.2421391 0.1824488 0.1968504 0.2421391 0.1824488 0.1968504 0.2421391 0.1824488 0 0.2421391 0.1824488 0.1968504 0.2421391 0.1824488 0 -0.4838173 0.1982893 0.1968504 -0.4838173 0.1982893 0 -0.4838173 0.1982893 0.1968504 -0.4838173 0.1982893 0 -0.4838173 0.1982893 0 -0.4838173 0.1982893 0.1968504 -0.2424024 0.1764178 0.2427042 5.719166e-18 0.1711286 0.2427042 5.719166e-18 0.1711286 0.2427042 -0.2424024 0.1764178 0.2427042 5.719166e-18 0.1711286 0.2427042 -0.2424024 0.1764178 0.2427042 0.4838173 0.1982893 0 0.4838173 0.1982893 0.1968504 0.4838173 0.1982893 0.1968504 0.4838173 0.1982893 0 0.4838173 0.1982893 0.1968504 0.4838173 0.1982893 0 5.719166e-18 0.1711286 0.2427042 0.2424024 0.1764178 0.2427042 0.2424024 0.1764178 0.2427042 5.719166e-18 0.1711286 0.2427042 0.2424024 0.1764178 0.2427042 -0.7245745 0.2246565 0.1968504 -0.7245745 0.2246565 0 -0.7245745 0.2246565 0.1968504 -0.7245745 0.2246565 0 -0.7245745 0.2246565 0 -0.7245745 0.2246565 0.1968504 -0.4843435 0.1922755 0.2427042 -0.4843435 0.1922755 0.2427042 -0.4843435 0.1922755 0.2427042 0 0.1771654 0.1968504 1.660998e-16 -3.632077e-18 0.3740157 1.660998e-16 -3.632077e-18 0.1968504 1.240327e-16 0.04585377 0.367979 8.326673e-17 0.08858268 0.3502801 4.900594e-17 0.1252748 0.3221252 2.233456e-17 0.1534297 0.2854331 5.719166e-18 0.1711286 0.2427042 5.719166e-18 0.1711286 0.2427042 0 0.1771654 0.1968504 2.233456e-17 0.1534297 0.2854331 4.900594e-17 0.1252748 0.3221252 8.326673e-17 0.08858268 0.3502801 1.240327e-16 0.04585377 0.367979 1.660998e-16 -3.632077e-18 0.3740157 1.660998e-16 -3.632077e-18 0.1968504 1.660998e-16 -3.632077e-18 0.1968504 2.233456e-17 0.1534297 0.2854331 4.900594e-17 0.1252748 0.3221252 8.326673e-17 0.08858268 0.3502801 1.240327e-16 0.04585377 0.367979 1.660998e-16 -3.632077e-18 0.3740157 -0.2431745 0.1587358 0.2854331 2.233456e-17 0.1534297 0.2854331 2.233456e-17 0.1534297 0.2854331 -0.2431745 0.1587358 0.2854331 -0.2431745 0.1587358 0.2854331 0.7245745 0.2246565 0 0.7245745 0.2246565 0.1968504 0.7245745 0.2246565 0.1968504 0.7245745 0.2246565 0 0.7245745 0.2246565 0.1968504 0.7245745 0.2246565 0 0.4843435 0.1922755 0.2427042 0.4843435 0.1922755 0.2427042 0.4843435 0.1922755 0.2427042 2.233456e-17 0.1534297 0.2854331 0.2431745 0.1587358 0.2854331 0.2431745 0.1587358 0.2854331 2.233456e-17 0.1534297 0.2854331 0.2431745 0.1587358 0.2854331 -0.9639525 0.2615003 0.1968504 -0.9639525 0.2615003 0 -0.9639525 0.2615003 0.1968504 -0.9639525 0.2615003 0 -0.9639525 0.2615003 0 -0.9639525 0.2615003 0.1968504 -0.7253625 0.2186714 0.2427042 -0.7253625 0.2186714 0.2427042 -0.7253625 0.2186714 0.2427042 -0.485886 0.1746439 0.2854331 -0.485886 0.1746439 0.2854331 -0.485886 0.1746439 0.2854331 -0.2444026 0.1306077 0.3221252 4.900594e-17 0.1252748 0.3221252 4.900594e-17 0.1252748 0.3221252 -0.2444026 0.1306077 0.3221252 -0.2444026 0.1306077 0.3221252 4.900594e-17 0.1252748 0.3221252 0.2444026 0.1306077 0.3221252 0.2444026 0.1306077 0.3221252 4.900594e-17 0.1252748 0.3221252 0.2444026 0.1306077 0.3221252 8.326673e-17 0.08858268 0.3502801 -0.246003 0.09395048 0.3502801 8.326673e-17 0.08858268 0.3502801 -0.246003 0.09395048 0.3502801 -0.246003 0.09395048 0.3502801 8.326673e-17 0.08858268 0.3502801 0.246003 0.09395048 0.3502801 0.246003 0.09395048 0.3502801 8.326673e-17 0.08858268 0.3502801 0.246003 0.09395048 0.3502801 1.240327e-16 0.04585377 0.367979 -0.2478668 0.05126224 0.367979 1.240327e-16 0.04585377 0.367979 -0.2478668 0.05126224 0.367979 -0.2478668 0.05126224 0.367979 1.240327e-16 0.04585377 0.367979 0.2478668 0.05126224 0.367979 0.2478668 0.05126224 0.367979 1.240327e-16 0.04585377 0.367979 0.2478668 0.05126224 0.367979 1.660998e-16 -3.632077e-18 0.3740157 -0.249867 0.005452117 0.3740157 1.660998e-16 -3.632077e-18 0.3740157 -0.249867 0.005452117 0.3740157 -0.249867 0.005452117 0.3740157 1.660998e-16 -3.632077e-18 0.3740157 0.249867 0.005452117 0.3740157 0.249867 0.005452117 0.3740157 1.660998e-16 -3.632077e-18 0.3740157 0.249867 0.005452117 0.3740157 1.660998e-16 -3.632077e-18 0.1968504 -0.249867 0.005452117 0 1.660998e-16 -3.632077e-18 0 -0.249867 0.005452117 0.3740157 1.660998e-16 -3.632077e-18 0.3740157 1.660998e-16 -3.632077e-18 0.3740157 1.660998e-16 -3.632077e-18 0.1968504 -0.249867 0.005452117 0.3740157 -0.249867 0.005452117 0 1.660998e-16 -3.632077e-18 0 1.660998e-16 -3.632077e-18 0 -0.249867 0.005452117 0 0.249867 0.005452117 0.3740157 1.660998e-16 -3.632077e-18 0 0.249867 0.005452117 0 1.660998e-16 -3.632077e-18 0.1968504 1.660998e-16 -3.632077e-18 0.3740157 1.660998e-16 -3.632077e-18 0.3740157 0.249867 0.005452117 0.3740157 1.660998e-16 -3.632077e-18 0.1968504 1.660998e-16 -3.632077e-18 0 0.249867 0.005452117 0 0.249867 0.005452117 0 0.9639525 0.2615003 0 0.9639525 0.2615003 0.1968504 0.9639525 0.2615003 0.1968504 0.9639525 0.2615003 0 0.9639525 0.2615003 0.1968504 0.9639525 0.2615003 0 0.7253625 0.2186714 0.2427042 0.7253625 0.2186714 0.2427042 0.7253625 0.2186714 0.2427042 0.485886 0.1746439 0.2854331 0.485886 0.1746439 0.2854331 0.485886 0.1746439 0.2854331 -1.201495 0.3087505 0.1968504 -1.201495 0.3087505 0 -1.201495 0.3087505 0.1968504 -1.201495 0.3087505 0 -1.201495 0.3087505 0 -1.201495 0.3087505 0.1968504 -0.9650008 0.2555552 0.2427042 -0.9650008 0.2555552 0.2427042 -0.9650008 0.2555552 0.2427042 -0.7276727 0.2011239 0.2854331 -0.7276727 0.2011239 0.2854331 -0.7276727 0.2011239 0.2854331 -0.4883399 0.1465962 0.3221252 -0.4883399 0.1465962 0.3221252 -0.4883399 0.1465962 0.3221252 0.4883399 0.1465962 0.3221252 0.4883399 0.1465962 0.3221252 0.4883399 0.1465962 0.3221252 -0.4915378 0.1100437 0.3502801 -0.4915378 0.1100437 0.3502801 -0.4915378 0.1100437 0.3502801 0.4915378 0.1100437 0.3502801 0.4915378 0.1100437 0.3502801 0.4915378 0.1100437 0.3502801 -0.4952619 0.06747737 0.367979 -0.4952619 0.06747737 0.367979 -0.4952619 0.06747737 0.367979 0.4952619 0.06747737 0.367979 0.4952619 0.06747737 0.367979 0.4952619 0.06747737 0.367979 -0.4992583 0.02179809 0.3740157 -0.4992583 0.02179809 0.3740157 -0.4992583 0.02179809 0.3740157 0.4992583 0.02179809 0.3740157 0.4992583 0.02179809 0.3740157 0.4992583 0.02179809 0.3740157 -0.4992583 0.02179809 0 -0.4992583 0.02179809 0.3740157 -0.4992583 0.02179809 0.3740157 -0.4992583 0.02179809 0 -0.4992583 0.02179809 0 -5.533158 7.210952 0 -5.551181 5.728346 0 -5.592562 6.968188 0 -5.545898 5.970486 0 -5.530057 6.212164 0 -5.463221 7.450893 0 -5.50369 6.452921 0 -5.466846 6.692299 0 -5.419596 6.929842 0 -5.382885 7.687556 0 -5.362029 7.165098 0 -5.292302 7.92049 0 -5.294256 7.397619 0 -5.216404 7.626962 0 -5.191645 8.14925 0 -5.128623 7.852691 0 -5.081105 8.373402 0 -5.031079 8.074377 0 -4.960894 8.59252 0 -4.923958 8.291597 0 -4.831238 8.806185 0 -4.807464 8.503937 0 -4.692387 9.013991 0 -4.681819 8.710994 0 -4.544603 9.215543 0 -4.547261 8.912373 0 -4.404048 9.107691 0 -4.388168 9.410457 0 -4.252451 9.296577 0 -4.22338 9.598361 0 -4.09276 9.47867 0 -4.050553 9.778899 0 -3.925278 9.653624 0 -3.870015 9.951726 0 -3.750324 9.821106 0 -3.68211 10.11651 0 -3.56823 9.980798 0 -3.487196 10.27295 0 -3.379345 10.13239 0 -3.285645 10.42073 0 -3.184027 10.27561 0 -3.077838 10.55958 0 -2.982647 10.41017 0 -2.864173 10.68924 0 -2.775591 10.53581 0 -2.645056 10.80945 0 -2.56325 10.6523 0 -2.420904 10.91999 0 -2.346031 10.75943 0 -2.192143 11.02065 0 -2.124345 10.85697 0 -1.95921 11.11123 0 -1.898616 10.94475 0 -1.722547 11.19157 0 -1.669272 11.0226 0 -1.482605 11.2615 0 -1.436751 11.09038 0 -1.239841 11.32091 0 -1.201495 11.14794 0 -0.9947169 11.36967 0 -0.9639525 11.19519 0 -0.7476993 11.40769 0 -0.7245745 11.23204 0 -0.4992583 11.43489 0 -0.4838173 11.2584 0 -0.249867 11.45124 0 -0.2421391 11.27424 0 0 11.45669 0 0 11.27953 0 0.249867 11.45124 0 0.2421391 11.27424 0 0.4838173 11.2584 0 0.4992583 11.43489 0 0.7245745 11.23204 0 0.7476993 11.40769 0 0.9639525 11.19519 0 0.9947169 11.36967 0 1.201495 11.14794 0 1.239841 11.32091 0 1.436751 11.09038 0 1.482605 11.2615 0 1.669272 11.0226 0 1.722547 11.19157 0 1.898616 10.94475 0 1.95921 11.11123 0 2.124345 10.85697 0 2.192143 11.02065 0 2.346031 10.75943 0 2.420904 10.91999 0 2.56325 10.6523 0 2.645056 10.80945 0 2.775591 10.53581 0 2.864173 10.68924 0 2.982647 10.41017 0 3.077838 10.55958 0 3.184027 10.27561 0 3.285645 10.42073 0 3.379345 10.13239 0 3.487196 10.27295 0 3.56823 9.980798 0 3.68211 10.11651 0 3.750324 9.821106 0 3.870015 9.951726 0 3.925278 9.653624 0 4.050553 9.778899 0 4.09276 9.47867 0 4.22338 9.598361 0 4.252451 9.296577 0 4.388168 9.410457 0 4.404048 9.107691 0 4.544603 9.215543 0 4.547261 8.912373 0 4.692387 9.013991 0 4.681819 8.710994 0 4.807464 8.503937 0 4.831238 8.806185 0 4.923958 8.291597 0 4.960894 8.59252 0 5.031079 8.074377 0 5.081105 8.373402 0 5.128623 7.852691 0 5.191645 8.14925 0 5.216404 7.626962 0 5.292302 7.92049 0 5.294256 7.397619 0 5.382885 7.687556 0 5.362029 7.165098 0 5.419596 6.929842 0 5.463221 7.450893 0 5.466846 6.692299 0 5.533158 7.210952 0 5.50369 6.452921 0 5.530057 6.212164 0 5.545898 5.970486 0 5.592562 6.968188 0 5.551181 5.728346 0 -5.722894 5.978213 0 -5.722894 5.478479 0 -5.728346 5.728346 0 -5.706548 5.229088 0 -5.706548 6.227605 0 -5.67934 4.980647 0 -5.67934 6.476046 0 -5.64132 4.73363 0 -5.64132 6.723063 0 -5.592562 4.488505 0 -5.533158 4.245741 0 -5.545898 5.486207 0 -5.530057 5.244529 0 -5.463221 4.005799 0 -5.50369 5.003772 0 -5.466846 4.764394 0 -5.419596 4.526851 0 -5.382885 3.769137 0 -5.362029 4.291595 0 -5.292302 3.536203 0 -5.294256 4.059074 0 -5.216404 3.829731 0 -5.191645 3.307443 0 -5.128623 3.604001 0 -5.081105 3.08329 0 -5.031079 3.382316 0 -4.960894 2.864173 0 -4.923958 3.165096 0 -4.831238 2.650508 0 -4.807464 2.952756 0 -4.692387 2.442702 0 -4.681819 2.745699 0 -4.544603 2.24115 0 -4.547261 2.54432 0 -4.404048 2.349002 0 -4.388168 2.046236 0 -4.252451 2.160116 0 -4.22338 1.858332 0 -4.09276 1.978023 0 -4.050553 1.677794 0 -3.925278 1.803069 0 -3.870015 1.504966 0 -3.750324 1.635586 0 -3.68211 1.340178 0 -3.56823 1.475895 0 -3.487196 1.183744 0 -3.379345 1.324298 0 -3.285645 1.03596 0 -3.184027 1.181085 0 -3.077838 0.8971081 0 -2.982647 1.046528 0 -2.864173 0.7674529 0 -2.775591 0.9208826 0 -2.645056 0.6472411 0 -2.56325 0.8043887 0 -2.420904 0.5367015 0 -2.346031 0.6972678 0 -2.192143 0.4360444 0 -2.124345 0.5997239 0 -1.95921 0.3454616 0 -1.898616 0.5119425 0 -1.722547 0.2651253 0 -1.669272 0.4340909 0 -1.482605 0.1951887 0 -1.436751 0.3663173 0 -1.239841 0.1357847 0 -1.201495 0.3087505 0 -0.9947169 0.08702645 0 -0.9639525 0.2615003 0 -0.7476993 0.0490068 0 -0.7245745 0.2246565 0 -0.4992583 0.02179809 0 -0.4838173 0.1982893 0 -0.249867 0.005452117 0 -0.2421391 0.1824488 0 1.660998e-16 -3.632077e-18 0 0 0.1771654 0 0.2421391 0.1824488 0 0.249867 0.005452117 0 0.4838173 0.1982893 0 0.4992583 0.02179809 0 0.7245745 0.2246565 0 0.7476993 0.0490068 0 0.9639525 0.2615003 0 0.9947169 0.08702645 0 1.201495 0.3087505 0 1.239841 0.1357847 0 1.436751 0.3663173 0 1.482605 0.1951887 0 1.669272 0.4340909 0 1.722547 0.2651253 0 1.898616 0.5119425 0 1.95921 0.3454616 0 2.124345 0.5997239 0 2.192143 0.4360444 0 2.346031 0.6972678 0 2.420904 0.5367015 0 2.56325 0.8043887 0 2.645056 0.6472411 0 2.775591 0.9208826 0 2.864173 0.7674529 0 2.982647 1.046528 0 3.077838 0.8971081 0 3.184027 1.181085 0 3.285645 1.03596 0 3.379345 1.324298 0 3.487196 1.183744 0 3.56823 1.475895 0 3.68211 1.340178 0 3.750324 1.635586 0 3.870015 1.504966 0 3.925278 1.803069 0 4.050553 1.677794 0 4.09276 1.978023 0 4.22338 1.858332 0 4.252451 2.160116 0 4.388168 2.046236 0 4.404048 2.349002 0 4.544603 2.24115 0 4.547261 2.54432 0 4.692387 2.442702 0 4.681819 2.745699 0 4.807464 2.952756 0 4.831238 2.650508 0 4.923958 3.165096 0 4.960894 2.864173 0 5.031079 3.382316 0 5.081105 3.08329 0 5.128623 3.604001 0 5.191645 3.307443 0 5.216404 3.829731 0 5.292302 3.536203 0 5.294256 4.059074 0 5.382885 3.769137 0 5.362029 4.291595 0 5.419596 4.526851 0 5.463221 4.005799 0 5.466846 4.764394 0 5.533158 4.245741 0 5.50369 5.003772 0 5.530057 5.244529 0 5.545898 5.486207 0 5.592562 4.488505 0 5.64132 6.723063 0 5.64132 4.73363 0 5.67934 6.476046 0 5.67934 4.980647 0 5.706548 6.227605 0 5.706548 5.229088 0 5.722894 5.478479 0 5.722894 5.978213 0 5.728346 5.728346 0 5.728346 5.728346 0 5.722894 5.978213 0 5.722894 5.478479 0 5.706548 6.227605 0 5.706548 5.229088 0 5.67934 4.980647 0 5.67934 6.476046 0 5.64132 4.73363 0 5.64132 6.723063 0 5.592562 4.488505 0 5.592562 6.968188 0 5.551181 5.728346 0 5.545898 5.486207 0 5.533158 4.245741 0 5.530057 5.244529 0 5.50369 5.003772 0 5.466846 4.764394 0 5.463221 4.005799 0 5.419596 4.526851 0 5.382885 3.769137 0 5.362029 4.291595 0 5.294256 4.059074 0 5.292302 3.536203 0 5.216404 3.829731 0 5.191645 3.307443 0 5.128623 3.604001 0 5.081105 3.08329 0 5.031079 3.382316 0 4.960894 2.864173 0 4.923958 3.165096 0 4.831238 2.650508 0 4.807464 2.952756 0 4.692387 2.442702 0 4.681819 2.745699 0 4.547261 2.54432 0 4.544603 2.24115 0 4.404048 2.349002 0 4.388168 2.046236 0 4.252451 2.160116 0 4.22338 1.858332 0 4.09276 1.978023 0 4.050553 1.677794 0 3.925278 1.803069 0 3.870015 1.504966 0 3.750324 1.635586 0 3.68211 1.340178 0 3.56823 1.475895 0 3.487196 1.183744 0 3.379345 1.324298 0 3.285645 1.03596 0 3.184027 1.181085 0 3.077838 0.8971081 0 2.982647 1.046528 0 2.864173 0.7674529 0 2.775591 0.9208826 0 2.645056 0.6472411 0 2.56325 0.8043887 0 2.420904 0.5367015 0 2.346031 0.6972678 0 2.192143 0.4360444 0 2.124345 0.5997239 0 1.95921 0.3454616 0 1.898616 0.5119425 0 1.722547 0.2651253 0 1.669272 0.4340909 0 1.482605 0.1951887 0 1.436751 0.3663173 0 1.239841 0.1357847 0 1.201495 0.3087505 0 0.9947169 0.08702645 0 0.9639525 0.2615003 0 0.7476993 0.0490068 0 0.7245745 0.2246565 0 0.4992583 0.02179809 0 0.4838173 0.1982893 0 0.249867 0.005452117 0 0.2421391 0.1824488 0 1.660998e-16 -3.632077e-18 0 0 0.1771654 0 -0.2421391 0.1824488 0 -0.249867 0.005452117 0 -0.4838173 0.1982893 0 -0.4992583 0.02179809 0 -0.7245745 0.2246565 0 -0.7476993 0.0490068 0 -0.9639525 0.2615003 0 -0.9947169 0.08702645 0 -1.201495 0.3087505 0 -1.239841 0.1357847 0 -1.436751 0.3663173 0 -1.482605 0.1951887 0 -1.669272 0.4340909 0 -1.722547 0.2651253 0 -1.898616 0.5119425 0 -1.95921 0.3454616 0 -2.124345 0.5997239 0 -2.192143 0.4360444 0 -2.346031 0.6972678 0 -2.420904 0.5367015 0 -2.56325 0.8043887 0 -2.645056 0.6472411 0 -2.775591 0.9208826 0 -2.864173 0.7674529 0 -2.982647 1.046528 0 -3.077838 0.8971081 0 -3.184027 1.181085 0 -3.285645 1.03596 0 -3.379345 1.324298 0 -3.487196 1.183744 0 -3.56823 1.475895 0 -3.68211 1.340178 0 -3.750324 1.635586 0 -3.870015 1.504966 0 -3.925278 1.803069 0 -4.050553 1.677794 0 -4.09276 1.978023 0 -4.22338 1.858332 0 -4.252451 2.160116 0 -4.388168 2.046236 0 -4.404048 2.349002 0 -4.544603 2.24115 0 -4.547261 2.54432 0 -4.681819 2.745699 0 -4.692387 2.442702 0 -4.807464 2.952756 0 -4.831238 2.650508 0 -4.923958 3.165096 0 -4.960894 2.864173 0 -5.031079 3.382316 0 -5.081105 3.08329 0 -5.128623 3.604001 0 -5.191645 3.307443 0 -5.216404 3.829731 0 -5.292302 3.536203 0 -5.294256 4.059074 0 -5.362029 4.291595 0 -5.382885 3.769137 0 -5.419596 4.526851 0 -5.463221 4.005799 0 -5.466846 4.764394 0 -5.50369 5.003772 0 -5.530057 5.244529 0 -5.533158 4.245741 0 -5.545898 5.486207 0 -5.551181 5.728346 0 -5.592562 6.968188 0 -5.592562 4.488505 0 -5.64132 6.723063 0 -5.64132 4.73363 0 -5.67934 6.476046 0 -5.67934 4.980647 0 -5.706548 6.227605 0 -5.706548 5.229088 0 -5.722894 5.978213 0 -5.722894 5.478479 0 -5.728346 5.728346 0 5.545898 5.970486 0 5.533158 7.210952 0 5.530057 6.212164 0 5.50369 6.452921 0 5.466846 6.692299 0 5.463221 7.450893 0 5.419596 6.929842 0 5.382885 7.687556 0 5.362029 7.165098 0 5.294256 7.397619 0 5.292302 7.92049 0 5.216404 7.626962 0 5.191645 8.14925 0 5.128623 7.852691 0 5.081105 8.373402 0 5.031079 8.074377 0 4.960894 8.59252 0 4.923958 8.291597 0 4.831238 8.806185 0 4.807464 8.503937 0 4.692387 9.013991 0 4.681819 8.710994 0 4.547261 8.912373 0 4.544603 9.215543 0 4.404048 9.107691 0 4.388168 9.410457 0 4.252451 9.296577 0 4.22338 9.598361 0 4.09276 9.47867 0 4.050553 9.778899 0 3.925278 9.653624 0 3.870015 9.951726 0 3.750324 9.821106 0 3.68211 10.11651 0 3.56823 9.980798 0 3.487196 10.27295 0 3.379345 10.13239 0 3.285645 10.42073 0 3.184027 10.27561 0 3.077838 10.55958 0 2.982647 10.41017 0 2.864173 10.68924 0 2.775591 10.53581 0 2.645056 10.80945 0 2.56325 10.6523 0 2.420904 10.91999 0 2.346031 10.75943 0 2.192143 11.02065 0 2.124345 10.85697 0 1.95921 11.11123 0 1.898616 10.94475 0 1.722547 11.19157 0 1.669272 11.0226 0 1.482605 11.2615 0 1.436751 11.09038 0 1.239841 11.32091 0 1.201495 11.14794 0 0.9947169 11.36967 0 0.9639525 11.19519 0 0.7476993 11.40769 0 0.7245745 11.23204 0 0.4992583 11.43489 0 0.4838173 11.2584 0 0.249867 11.45124 0 0.2421391 11.27424 0 0 11.27953 0 0 11.45669 0 -0.2421391 11.27424 0 -0.249867 11.45124 0 -0.4838173 11.2584 0 -0.4992583 11.43489 0 -0.7245745 11.23204 0 -0.7476993 11.40769 0 -0.9639525 11.19519 0 -0.9947169 11.36967 0 -1.201495 11.14794 0 -1.239841 11.32091 0 -1.436751 11.09038 0 -1.482605 11.2615 0 -1.669272 11.0226 0 -1.722547 11.19157 0 -1.898616 10.94475 0 -1.95921 11.11123 0 -2.124345 10.85697 0 -2.192143 11.02065 0 -2.346031 10.75943 0 -2.420904 10.91999 0 -2.56325 10.6523 0 -2.645056 10.80945 0 -2.775591 10.53581 0 -2.864173 10.68924 0 -2.982647 10.41017 0 -3.077838 10.55958 0 -3.184027 10.27561 0 -3.285645 10.42073 0 -3.379345 10.13239 0 -3.487196 10.27295 0 -3.56823 9.980798 0 -3.68211 10.11651 0 -3.750324 9.821106 0 -3.870015 9.951726 0 -3.925278 9.653624 0 -4.050553 9.778899 0 -4.09276 9.47867 0 -4.22338 9.598361 0 -4.252451 9.296577 0 -4.388168 9.410457 0 -4.404048 9.107691 0 -4.544603 9.215543 0 -4.547261 8.912373 0 -4.681819 8.710994 0 -4.692387 9.013991 0 -4.807464 8.503937 0 -4.831238 8.806185 0 -4.923958 8.291597 0 -4.960894 8.59252 0 -5.031079 8.074377 0 -5.081105 8.373402 0 -5.128623 7.852691 0 -5.191645 8.14925 0 -5.216404 7.626962 0 -5.292302 7.92049 0 -5.294256 7.397619 0 -5.362029 7.165098 0 -5.382885 7.687556 0 -5.419596 6.929842 0 -5.463221 7.450893 0 -5.466846 6.692299 0 -5.50369 6.452921 0 -5.530057 6.212164 0 -5.533158 7.210952 0 -5.545898 5.970486 0 -4.960894 8.59252 0 -5.081105 8.373402 0 -4.831238 8.806185 0 -4.692387 9.013991 0 -4.544603 9.215543 0 -4.388168 9.410457 0 -4.22338 9.598361 0 -4.050553 9.778899 0 -3.870015 9.951726 0 -3.68211 10.11651 0 -3.487196 10.27295 0 -3.285645 10.42073 0 -3.077838 10.55958 0 -2.864173 10.68924 0 -2.645056 10.80945 0 -2.420904 10.91999 0 -2.192143 11.02065 0 -1.95921 11.11123 0 -1.722547 11.19157 0 -1.482605 11.2615 0 -1.239841 11.32091 0 -0.9947169 11.36967 0 -0.7476993 11.40769 0 -0.4992583 11.43489 0 -0.249867 11.45124 0 0 11.45669 0 0.249867 11.45124 0 0.4992583 11.43489 0 0.7476993 11.40769 0 0.9947169 11.36967 0 1.239841 11.32091 0 1.482605 11.2615 0 1.722547 11.19157 0 1.95921 11.11123 0 2.192143 11.02065 0 2.420904 10.91999 0 2.645056 10.80945 0 2.864173 10.68924 0 3.077838 10.55958 0 3.285645 10.42073 0 3.487196 10.27295 0 3.68211 10.11651 0 3.870015 9.951726 0 4.050553 9.778899 0 4.22338 9.598361 0 4.388168 9.410457 0 4.544603 9.215543 0 4.692387 9.013991 0 4.831238 8.806185 0 4.960894 8.59252 0 5.081105 8.373402 0 5.191645 8.14925 0 5.292302 7.92049 0 5.382885 7.687556 0 5.463221 7.450893 0 5.533158 7.210952 0 5.592562 6.968188 0 5.64132 6.723063 0 5.67934 6.476046 0 5.706548 6.227605 0 5.722894 5.978213 0 5.728346 5.728346 0 5.722894 5.478479 0 5.706548 5.229088 0 5.67934 4.980647 0 5.64132 4.73363 0 5.592562 4.488505 0 5.533158 4.245741 0 5.463221 4.005799 0 5.382885 3.769137 0 5.292302 3.536203 0 5.191645 3.307443 0 5.081105 3.08329 0 4.960894 2.864173 0 4.831238 2.650508 0 4.692387 2.442702 0 4.544603 2.24115 0 4.388168 2.046236 0 4.22338 1.858332 0 4.050553 1.677794 0 3.870015 1.504966 0 3.68211 1.340178 0 3.487196 1.183744 0 3.285645 1.03596 0 3.077838 0.8971081 0 2.864173 0.7674529 0 2.645056 0.6472411 0 2.420904 0.5367015 0 2.192143 0.4360444 0 1.95921 0.3454616 0 1.722547 0.2651253 0 1.482605 0.1951887 0 1.239841 0.1357847 0 0.9947169 0.08702645 0 0.7476993 0.0490068 0 0.4992583 0.02179809 0 -0.7476993 0.0490068 0 -0.9947169 0.08702645 0 -1.239841 0.1357847 0 -1.482605 0.1951887 0 -1.722547 0.2651253 0 -1.95921 0.3454616 0 -2.192143 0.4360444 0 -2.420904 0.5367015 0 -2.645056 0.6472411 0 -2.864173 0.7674529 0 -3.077838 0.8971081 0 -3.285645 1.03596 0 -3.487196 1.183744 0 -3.68211 1.340178 0 -3.870015 1.504966 0 -4.050553 1.677794 0 -4.22338 1.858332 0 -4.388168 2.046236 0 -4.544603 2.24115 0 -4.692387 2.442702 0 -4.831238 2.650508 0 -4.960894 2.864173 0 -5.081105 3.08329 0 -5.191645 3.307443 0 -5.292302 3.536203 0 -5.382885 3.769137 0 -5.463221 4.005799 0 -5.533158 4.245741 0 -5.592562 4.488505 0 -5.64132 4.73363 0 -5.67934 4.980647 0 -5.706548 5.229088 0 -5.722894 5.478479 0 -5.728346 5.728346 0 -5.722894 5.978213 0 -5.706548 6.227605 0 -5.67934 6.476046 0 -5.64132 6.723063 0 -5.592562 6.968188 0 -5.533158 7.210952 0 -5.463221 7.450893 0 -5.382885 7.687556 0 -5.292302 7.92049 0 -5.191645 8.14925 0 1.898616 0.5119425 0 1.669272 0.4340909 0 2.124345 0.5997239 0 2.346031 0.6972678 0 2.56325 0.8043887 0 2.775591 0.9208826 0 2.982647 1.046528 0 3.184027 1.181085 0 3.379345 1.324298 0 3.56823 1.475895 0 3.750324 1.635586 0 3.925278 1.803069 0 4.09276 1.978023 0 4.252451 2.160116 0 4.404048 2.349002 0 4.547261 2.54432 0 4.681819 2.745699 0 4.807464 2.952756 0 4.923958 3.165096 0 5.031079 3.382316 0 5.128623 3.604001 0 5.216404 3.829731 0 5.294256 4.059074 0 5.362029 4.291595 0 5.419596 4.526851 0 5.466846 4.764394 0 5.50369 5.003772 0 5.530057 5.244529 0 5.545898 5.486207 0 5.551181 5.728346 0 5.545898 5.970486 0 5.530057 6.212164 0 5.50369 6.452921 0 5.466846 6.692299 0 5.419596 6.929842 0 5.362029 7.165098 0 5.294256 7.397619 0 5.216404 7.626962 0 5.128623 7.852691 0 5.031079 8.074377 0 4.923958 8.291597 0 4.807464 8.503937 0 4.681819 8.710994 0 4.547261 8.912373 0 4.404048 9.107691 0 4.252451 9.296577 0 4.09276 9.47867 0 3.925278 9.653624 0 3.750324 9.821106 0 3.56823 9.980798 0 3.379345 10.13239 0 3.184027 10.27561 0 2.982647 10.41017 0 2.775591 10.53581 0 2.56325 10.6523 0 2.346031 10.75943 0 2.124345 10.85697 0 1.898616 10.94475 0 1.669272 11.0226 0 1.436751 11.09038 0 1.201495 11.14794 0 0.9639525 11.19519 0 0.7245745 11.23204 0 0.4838173 11.2584 0 0.2421391 11.27424 0 0 11.27953 0 -0.2421391 11.27424 0 -0.4838173 11.2584 0 -0.7245745 11.23204 0 -0.9639525 11.19519 0 -1.201495 11.14794 0 -1.436751 11.09038 0 -1.669272 11.0226 0 -1.898616 10.94475 0 -2.124345 10.85697 0 -2.346031 10.75943 0 -2.56325 10.6523 0 -2.775591 10.53581 0 -2.982647 10.41017 0 -3.184027 10.27561 0 -3.379345 10.13239 0 -3.56823 9.980798 0 -3.750324 9.821106 0 -3.925278 9.653624 0 -4.09276 9.47867 0 -4.252451 9.296577 0 -4.404048 9.107691 0 -4.547261 8.912373 0 -4.681819 8.710994 0 -4.807464 8.503937 0 -4.923958 8.291597 0 -5.031079 8.074377 0 -5.128623 7.852691 0 -5.216404 7.626962 0 -5.294256 7.397619 0 -5.362029 7.165098 0 -5.419596 6.929842 0 -5.466846 6.692299 0 -5.50369 6.452921 0 -5.530057 6.212164 0 -5.545898 5.970486 0 -5.551181 5.728346 0 -5.545898 5.486207 0 -5.530057 5.244529 0 -5.50369 5.003772 0 -5.466846 4.764394 0 -5.419596 4.526851 0 -5.362029 4.291595 0 -5.294256 4.059074 0 -5.216404 3.829731 0 -5.128623 3.604001 0 -5.031079 3.382316 0 -4.923958 3.165096 0 -4.807464 2.952756 0 -4.681819 2.745699 0 -4.547261 2.54432 0 -4.404048 2.349002 0 -4.252451 2.160116 0 -4.09276 1.978023 0 -3.925278 1.803069 0 -3.750324 1.635586 0 -3.56823 1.475895 0 -3.379345 1.324298 0 -3.184027 1.181085 0 -2.982647 1.046528 0 -2.775591 0.9208826 0 -2.56325 0.8043887 0 -2.346031 0.6972678 0 -2.124345 0.5997239 0 -1.898616 0.5119425 0 -1.669272 0.4340909 0 -1.436751 0.3663173 0 1.201495 0.3087505 0 1.436751 0.3663173 0 0.4992583 0.02179809 0.3740157 0.4992583 0.02179809 0 0.4992583 0.02179809 0.3740157 0.4992583 0.02179809 0 1.201495 0.3087505 0 1.201495 0.3087505 0.1968504 1.201495 0.3087505 0.1968504 1.201495 0.3087505 0 1.201495 0.3087505 0.1968504 0.9650008 0.2555552 0.2427042 0.9650008 0.2555552 0.2427042 0.9650008 0.2555552 0.2427042 0.7276727 0.2011239 0.2854331 0.7276727 0.2011239 0.2854331 0.7276727 0.2011239 0.2854331 -1.436751 0.3663173 0.1968504 -1.436751 0.3663173 0 -1.436751 0.3663173 0.1968504 -1.436751 0.3663173 0 -1.436751 0.3663173 0.1968504 -1.202802 0.3028568 0.2427042 -1.202802 0.3028568 0.2427042 -1.202802 0.3028568 0.2427042 -0.9680741 0.2381252 0.2854331 -0.9680741 0.2381252 0.2854331 -0.9680741 0.2381252 0.2854331 -0.7313476 0.1732099 0.3221252 -0.7313476 0.1732099 0.3221252 -0.7313476 0.1732099 0.3221252 0.7313476 0.1732099 0.3221252 0.7313476 0.1732099 0.3221252 0.7313476 0.1732099 0.3221252 -0.7361369 0.1368316 0.3502801 -0.7361369 0.1368316 0.3502801 -0.7361369 0.1368316 0.3502801 0.7361369 0.1368316 0.3502801 0.7361369 0.1368316 0.3502801 0.7361369 0.1368316 0.3502801 -0.7417141 0.09446828 0.367979 -0.7417141 0.09446828 0.367979 -0.7417141 0.09446828 0.367979 0.7417141 0.09446828 0.367979 0.7417141 0.09446828 0.367979 0.7417141 0.09446828 0.367979 -0.7476993 0.0490068 0.3740157 -0.7476993 0.0490068 0.3740157 -0.7476993 0.0490068 0.3740157 0.7476993 0.0490068 0.3740157 0.7476993 0.0490068 0.3740157 0.7476993 0.0490068 0.3740157 -0.7476993 0.0490068 0 -0.7476993 0.0490068 0.3740157 -0.7476993 0.0490068 0.3740157 -0.7476993 0.0490068 0 -4.960894 8.59252 0.3740157 -5.081105 8.373402 0 -5.081105 8.373402 0.3740157 -4.960894 8.59252 0 -4.960894 8.59252 0 -4.960894 8.59252 0.3740157 -5.081105 8.373402 0 -5.081105 8.373402 0.3740157 -5.081105 8.373402 0.3740157 -4.960894 8.59252 0.3740157 -4.831238 8.806185 0.3740157 -4.831238 8.806185 0 -4.831238 8.806185 0 -4.831238 8.806185 0.3740157 -4.831238 8.806185 0.3740157 -4.692387 9.013991 0.3740157 -4.692387 9.013991 0 -4.692387 9.013991 0 -4.692387 9.013991 0.3740157 -4.692387 9.013991 0.3740157 -4.544603 9.215543 0.3740157 -4.544603 9.215543 0 -4.544603 9.215543 0 -4.544603 9.215543 0.3740157 -4.544603 9.215543 0.3740157 -4.388168 9.410457 0.3740157 -4.388168 9.410457 0 -4.388168 9.410457 0 -4.388168 9.410457 0.3740157 -4.388168 9.410457 0.3740157 -4.22338 9.598361 0.3740157 -4.22338 9.598361 0 -4.22338 9.598361 0 -4.22338 9.598361 0.3740157 -4.22338 9.598361 0.3740157 -4.050553 9.778899 0.3740157 -4.050553 9.778899 0 -4.050553 9.778899 0 -4.050553 9.778899 0.3740157 -4.050553 9.778899 0.3740157 -3.870015 9.951726 0 -3.870015 9.951726 0.3740157 -3.870015 9.951726 0.3740157 -3.870015 9.951726 0 -3.870015 9.951726 0.3740157 -3.68211 10.11651 0 -3.68211 10.11651 0.3740157 -3.68211 10.11651 0.3740157 -3.68211 10.11651 0 -3.68211 10.11651 0.3740157 -3.487196 10.27295 0 -3.487196 10.27295 0.3740157 -3.487196 10.27295 0.3740157 -3.487196 10.27295 0 -3.487196 10.27295 0.3740157 -3.285645 10.42073 0 -3.285645 10.42073 0.3740157 -3.285645 10.42073 0.3740157 -3.285645 10.42073 0 -3.285645 10.42073 0.3740157 -3.077838 10.55958 0 -3.077838 10.55958 0.3740157 -3.077838 10.55958 0.3740157 -3.077838 10.55958 0 -3.077838 10.55958 0.3740157 -2.864173 10.68924 0 -2.864173 10.68924 0.3740157 -2.864173 10.68924 0.3740157 -2.864173 10.68924 0 -2.864173 10.68924 0.3740157 -2.645056 10.80945 0 -2.645056 10.80945 0.3740157 -2.645056 10.80945 0.3740157 -2.645056 10.80945 0 -2.645056 10.80945 0.3740157 -2.420904 10.91999 0 -2.420904 10.91999 0.3740157 -2.420904 10.91999 0.3740157 -2.420904 10.91999 0 -2.420904 10.91999 0.3740157 -2.192143 11.02065 0 -2.192143 11.02065 0.3740157 -2.192143 11.02065 0.3740157 -2.192143 11.02065 0 -2.192143 11.02065 0.3740157 -1.95921 11.11123 0 -1.95921 11.11123 0.3740157 -1.95921 11.11123 0.3740157 -1.95921 11.11123 0 -1.95921 11.11123 0.3740157 -1.722547 11.19157 0 -1.722547 11.19157 0.3740157 -1.722547 11.19157 0.3740157 -1.722547 11.19157 0 -1.722547 11.19157 0.3740157 -1.482605 11.2615 0 -1.482605 11.2615 0.3740157 -1.482605 11.2615 0.3740157 -1.482605 11.2615 0 -1.482605 11.2615 0.3740157 -1.239841 11.32091 0 -1.239841 11.32091 0.3740157 -1.239841 11.32091 0.3740157 -1.239841 11.32091 0 -1.239841 11.32091 0.3740157 -0.9947169 11.36967 0 -0.9947169 11.36967 0.3740157 -0.9947169 11.36967 0.3740157 -0.9947169 11.36967 0 -0.9947169 11.36967 0.3740157 -0.7476993 11.40769 0 -0.7476993 11.40769 0.3740157 -0.7476993 11.40769 0.3740157 -0.7476993 11.40769 0 -0.7476993 11.40769 0.3740157 -0.4992583 11.43489 0 -0.4992583 11.43489 0.3740157 -0.4992583 11.43489 0.3740157 -0.4992583 11.43489 0 -0.4992583 11.43489 0.3740157 -0.249867 11.45124 0 -0.249867 11.45124 0.3740157 -0.249867 11.45124 0.3740157 -0.249867 11.45124 0 -0.249867 11.45124 0.3740157 0 11.45669 0 0 11.45669 0.3740157 0 11.45669 0.3740157 0 11.45669 0 0 11.45669 0.3740157 0.249867 11.45124 0 0.249867 11.45124 0.3740157 0.249867 11.45124 0.3740157 0.249867 11.45124 0 0.249867 11.45124 0.3740157 0.4992583 11.43489 0 0.4992583 11.43489 0.3740157 0.4992583 11.43489 0.3740157 0.4992583 11.43489 0 0.4992583 11.43489 0.3740157 0.7476993 11.40769 0 0.7476993 11.40769 0.3740157 0.7476993 11.40769 0.3740157 0.7476993 11.40769 0 0.7476993 11.40769 0.3740157 0.9947169 11.36967 0 0.9947169 11.36967 0.3740157 0.9947169 11.36967 0.3740157 0.9947169 11.36967 0 0.9947169 11.36967 0.3740157 1.239841 11.32091 0 1.239841 11.32091 0.3740157 1.239841 11.32091 0.3740157 1.239841 11.32091 0 1.239841 11.32091 0.3740157 1.482605 11.2615 0 1.482605 11.2615 0.3740157 1.482605 11.2615 0.3740157 1.482605 11.2615 0 1.482605 11.2615 0.3740157 1.722547 11.19157 0 1.722547 11.19157 0.3740157 1.722547 11.19157 0.3740157 1.722547 11.19157 0 1.722547 11.19157 0.3740157 1.95921 11.11123 0 1.95921 11.11123 0.3740157 1.95921 11.11123 0.3740157 1.95921 11.11123 0 1.95921 11.11123 0.3740157 2.192143 11.02065 0 2.192143 11.02065 0.3740157 2.192143 11.02065 0.3740157 2.192143 11.02065 0 2.192143 11.02065 0.3740157 2.420904 10.91999 0 2.420904 10.91999 0.3740157 2.420904 10.91999 0.3740157 2.420904 10.91999 0 2.420904 10.91999 0.3740157 2.645056 10.80945 0 2.645056 10.80945 0.3740157 2.645056 10.80945 0.3740157 2.645056 10.80945 0 2.645056 10.80945 0.3740157 2.864173 10.68924 0 2.864173 10.68924 0.3740157 2.864173 10.68924 0.3740157 2.864173 10.68924 0 2.864173 10.68924 0.3740157 3.077838 10.55958 0 3.077838 10.55958 0.3740157 3.077838 10.55958 0.3740157 3.077838 10.55958 0 3.077838 10.55958 0.3740157 3.285645 10.42073 0 3.285645 10.42073 0.3740157 3.285645 10.42073 0.3740157 3.285645 10.42073 0 3.285645 10.42073 0.3740157 3.487196 10.27295 0 3.487196 10.27295 0.3740157 3.487196 10.27295 0.3740157 3.487196 10.27295 0 3.487196 10.27295 0.3740157 3.68211 10.11651 0 3.68211 10.11651 0.3740157 3.68211 10.11651 0.3740157 3.68211 10.11651 0 3.68211 10.11651 0.3740157 3.870015 9.951726 0 3.870015 9.951726 0.3740157 3.870015 9.951726 0.3740157 3.870015 9.951726 0 3.870015 9.951726 0.3740157 4.050553 9.778899 0 4.050553 9.778899 0.3740157 4.050553 9.778899 0.3740157 4.050553 9.778899 0 4.050553 9.778899 0.3740157 4.22338 9.598361 0.3740157 4.22338 9.598361 0 4.22338 9.598361 0.3740157 4.22338 9.598361 0 4.22338 9.598361 0.3740157 4.388168 9.410457 0.3740157 4.388168 9.410457 0 4.388168 9.410457 0.3740157 4.388168 9.410457 0 4.388168 9.410457 0.3740157 4.544603 9.215543 0.3740157 4.544603 9.215543 0 4.544603 9.215543 0.3740157 4.544603 9.215543 0 4.544603 9.215543 0.3740157 4.692387 9.013991 0.3740157 4.692387 9.013991 0 4.692387 9.013991 0.3740157 4.692387 9.013991 0 4.692387 9.013991 0.3740157 4.831238 8.806185 0.3740157 4.831238 8.806185 0 4.831238 8.806185 0.3740157 4.831238 8.806185 0 4.831238 8.806185 0.3740157 4.960894 8.59252 0.3740157 4.960894 8.59252 0 4.960894 8.59252 0.3740157 4.960894 8.59252 0 4.960894 8.59252 0.3740157 5.081105 8.373402 0.3740157 5.081105 8.373402 0 5.081105 8.373402 0.3740157 5.081105 8.373402 0 5.081105 8.373402 0.3740157 5.191645 8.14925 0.3740157 5.191645 8.14925 0 5.191645 8.14925 0.3740157 5.191645 8.14925 0 5.191645 8.14925 0.3740157 5.292302 7.92049 0.3740157 5.292302 7.92049 0 5.292302 7.92049 0.3740157 5.292302 7.92049 0 5.292302 7.92049 0.3740157 5.382885 7.687556 0.3740157 5.382885 7.687556 0 5.382885 7.687556 0.3740157 5.382885 7.687556 0 5.382885 7.687556 0.3740157 5.463221 7.450893 0.3740157 5.463221 7.450893 0 5.463221 7.450893 0.3740157 5.463221 7.450893 0 5.463221 7.450893 0.3740157 5.533158 7.210952 0.3740157 5.533158 7.210952 0 5.533158 7.210952 0.3740157 5.533158 7.210952 0 5.533158 7.210952 0.3740157 5.592562 6.968188 0.3740157 5.592562 6.968188 0 5.592562 6.968188 0.3740157 5.592562 6.968188 0 5.592562 6.968188 0.3740157 5.64132 6.723063 0.3740157 5.64132 6.723063 0 5.64132 6.723063 0.3740157 5.64132 6.723063 0 5.64132 6.723063 0.3740157 5.67934 6.476046 0.3740157 5.67934 6.476046 0 5.67934 6.476046 0.3740157 5.67934 6.476046 0 5.67934 6.476046 0.3740157 5.706548 6.227605 0.3740157 5.706548 6.227605 0 5.706548 6.227605 0.3740157 5.706548 6.227605 0 5.706548 6.227605 0.3740157 5.722894 5.978213 0.3740157 5.722894 5.978213 0 5.722894 5.978213 0.3740157 5.722894 5.978213 0 5.722894 5.978213 0.3740157 5.728346 5.728346 0.3740157 5.728346 5.728346 0 5.728346 5.728346 0.3740157 5.728346 5.728346 0 5.728346 5.728346 0.3740157 5.722894 5.478479 0.3740157 5.722894 5.478479 0 5.722894 5.478479 0.3740157 5.722894 5.478479 0 5.722894 5.478479 0.3740157 5.706548 5.229088 0.3740157 5.706548 5.229088 0 5.706548 5.229088 0.3740157 5.706548 5.229088 0 5.706548 5.229088 0.3740157 5.67934 4.980647 0.3740157 5.67934 4.980647 0 5.67934 4.980647 0.3740157 5.67934 4.980647 0 5.67934 4.980647 0.3740157 5.64132 4.73363 0.3740157 5.64132 4.73363 0 5.64132 4.73363 0.3740157 5.64132 4.73363 0 5.64132 4.73363 0.3740157 5.592562 4.488505 0.3740157 5.592562 4.488505 0 5.592562 4.488505 0.3740157 5.592562 4.488505 0 5.592562 4.488505 0.3740157 5.533158 4.245741 0.3740157 5.533158 4.245741 0 5.533158 4.245741 0.3740157 5.533158 4.245741 0 5.533158 4.245741 0.3740157 5.463221 4.005799 0.3740157 5.463221 4.005799 0 5.463221 4.005799 0.3740157 5.463221 4.005799 0 5.463221 4.005799 0.3740157 5.382885 3.769137 0.3740157 5.382885 3.769137 0 5.382885 3.769137 0.3740157 5.382885 3.769137 0 5.382885 3.769137 0.3740157 5.292302 3.536203 0.3740157 5.292302 3.536203 0 5.292302 3.536203 0.3740157 5.292302 3.536203 0 5.292302 3.536203 0.3740157 5.191645 3.307443 0.3740157 5.191645 3.307443 0 5.191645 3.307443 0.3740157 5.191645 3.307443 0 5.191645 3.307443 0.3740157 5.081105 3.08329 0.3740157 5.081105 3.08329 0 5.081105 3.08329 0.3740157 5.081105 3.08329 0 5.081105 3.08329 0.3740157 4.960894 2.864173 0.3740157 4.960894 2.864173 0 4.960894 2.864173 0.3740157 4.960894 2.864173 0 4.960894 2.864173 0.3740157 4.831238 2.650508 0.3740157 4.831238 2.650508 0 4.831238 2.650508 0.3740157 4.831238 2.650508 0 4.831238 2.650508 0.3740157 4.692387 2.442702 0.3740157 4.692387 2.442702 0 4.692387 2.442702 0.3740157 4.692387 2.442702 0 4.692387 2.442702 0.3740157 4.544603 2.24115 0.3740157 4.544603 2.24115 0 4.544603 2.24115 0.3740157 4.544603 2.24115 0 4.544603 2.24115 0.3740157 4.388168 2.046236 0.3740157 4.388168 2.046236 0 4.388168 2.046236 0.3740157 4.388168 2.046236 0 4.388168 2.046236 0.3740157 4.22338 1.858332 0.3740157 4.22338 1.858332 0 4.22338 1.858332 0.3740157 4.22338 1.858332 0 4.22338 1.858332 0.3740157 4.050553 1.677794 0.3740157 4.050553 1.677794 0 4.050553 1.677794 0.3740157 4.050553 1.677794 0 4.050553 1.677794 0.3740157 3.870015 1.504966 0 3.870015 1.504966 0.3740157 3.870015 1.504966 0.3740157 3.870015 1.504966 0 3.870015 1.504966 0.3740157 3.68211 1.340178 0 3.68211 1.340178 0.3740157 3.68211 1.340178 0.3740157 3.68211 1.340178 0 3.68211 1.340178 0.3740157 3.487196 1.183744 0 3.487196 1.183744 0.3740157 3.487196 1.183744 0.3740157 3.487196 1.183744 0 3.487196 1.183744 0.3740157 3.285645 1.03596 0 3.285645 1.03596 0.3740157 3.285645 1.03596 0.3740157 3.285645 1.03596 0 3.285645 1.03596 0.3740157 3.077838 0.8971081 0 3.077838 0.8971081 0.3740157 3.077838 0.8971081 0.3740157 3.077838 0.8971081 0 3.077838 0.8971081 0.3740157 2.864173 0.7674529 0 2.864173 0.7674529 0.3740157 2.864173 0.7674529 0.3740157 2.864173 0.7674529 0 2.864173 0.7674529 0.3740157 2.645056 0.6472411 0 2.645056 0.6472411 0.3740157 2.645056 0.6472411 0.3740157 2.645056 0.6472411 0 2.645056 0.6472411 0.3740157 2.420904 0.5367015 0 2.420904 0.5367015 0.3740157 2.420904 0.5367015 0.3740157 2.420904 0.5367015 0 2.420904 0.5367015 0.3740157 2.192143 0.4360444 0 2.192143 0.4360444 0.3740157 2.192143 0.4360444 0.3740157 2.192143 0.4360444 0 2.192143 0.4360444 0.3740157 1.95921 0.3454616 0 1.95921 0.3454616 0.3740157 1.95921 0.3454616 0.3740157 1.95921 0.3454616 0 1.95921 0.3454616 0.3740157 1.722547 0.2651253 0 1.722547 0.2651253 0.3740157 1.722547 0.2651253 0.3740157 1.722547 0.2651253 0 1.722547 0.2651253 0.3740157 1.482605 0.1951887 0 1.482605 0.1951887 0.3740157 1.482605 0.1951887 0.3740157 1.482605 0.1951887 0 1.482605 0.1951887 0.3740157 1.239841 0.1357847 0 1.239841 0.1357847 0.3740157 1.239841 0.1357847 0.3740157 1.239841 0.1357847 0 1.239841 0.1357847 0.3740157 0.9947169 0.08702645 0 0.9947169 0.08702645 0.3740157 0.9947169 0.08702645 0.3740157 0.9947169 0.08702645 0 0.9947169 0.08702645 0.3740157 0.7476993 0.0490068 0 0.7476993 0.0490068 0.3740157 0.7476993 0.0490068 0.3740157 0.7476993 0.0490068 0 -0.9947169 0.08702645 0 -0.9947169 0.08702645 0.3740157 -0.9947169 0.08702645 0.3740157 -0.9947169 0.08702645 0 -0.9947169 0.08702645 0.3740157 -1.239841 0.1357847 0 -1.239841 0.1357847 0.3740157 -1.239841 0.1357847 0.3740157 -1.239841 0.1357847 0 -1.239841 0.1357847 0.3740157 -1.482605 0.1951887 0 -1.482605 0.1951887 0.3740157 -1.482605 0.1951887 0.3740157 -1.482605 0.1951887 0 -1.482605 0.1951887 0.3740157 -1.722547 0.2651253 0 -1.722547 0.2651253 0.3740157 -1.722547 0.2651253 0.3740157 -1.722547 0.2651253 0 -1.722547 0.2651253 0.3740157 -1.95921 0.3454616 0 -1.95921 0.3454616 0.3740157 -1.95921 0.3454616 0.3740157 -1.95921 0.3454616 0 -1.95921 0.3454616 0.3740157 -2.192143 0.4360444 0 -2.192143 0.4360444 0.3740157 -2.192143 0.4360444 0.3740157 -2.192143 0.4360444 0 -2.192143 0.4360444 0.3740157 -2.420904 0.5367015 0 -2.420904 0.5367015 0.3740157 -2.420904 0.5367015 0.3740157 -2.420904 0.5367015 0 -2.420904 0.5367015 0.3740157 -2.645056 0.6472411 0 -2.645056 0.6472411 0.3740157 -2.645056 0.6472411 0.3740157 -2.645056 0.6472411 0 -2.645056 0.6472411 0.3740157 -2.864173 0.7674529 0 -2.864173 0.7674529 0.3740157 -2.864173 0.7674529 0.3740157 -2.864173 0.7674529 0 -2.864173 0.7674529 0.3740157 -3.077838 0.8971081 0 -3.077838 0.8971081 0.3740157 -3.077838 0.8971081 0.3740157 -3.077838 0.8971081 0 -3.077838 0.8971081 0.3740157 -3.285645 1.03596 0 -3.285645 1.03596 0.3740157 -3.285645 1.03596 0.3740157 -3.285645 1.03596 0 -3.285645 1.03596 0.3740157 -3.487196 1.183744 0 -3.487196 1.183744 0.3740157 -3.487196 1.183744 0.3740157 -3.487196 1.183744 0 -3.487196 1.183744 0.3740157 -3.68211 1.340178 0 -3.68211 1.340178 0.3740157 -3.68211 1.340178 0.3740157 -3.68211 1.340178 0 -3.68211 1.340178 0.3740157 -3.870015 1.504966 0 -3.870015 1.504966 0.3740157 -3.870015 1.504966 0.3740157 -3.870015 1.504966 0 -3.870015 1.504966 0.3740157 -4.050553 1.677794 0 -4.050553 1.677794 0.3740157 -4.050553 1.677794 0.3740157 -4.050553 1.677794 0 -4.050553 1.677794 0.3740157 -4.22338 1.858332 0.3740157 -4.22338 1.858332 0 -4.22338 1.858332 0 -4.22338 1.858332 0.3740157 -4.22338 1.858332 0.3740157 -4.388168 2.046236 0.3740157 -4.388168 2.046236 0 -4.388168 2.046236 0 -4.388168 2.046236 0.3740157 -4.388168 2.046236 0.3740157 -4.544603 2.24115 0.3740157 -4.544603 2.24115 0 -4.544603 2.24115 0 -4.544603 2.24115 0.3740157 -4.544603 2.24115 0.3740157 -4.692387 2.442702 0.3740157 -4.692387 2.442702 0 -4.692387 2.442702 0 -4.692387 2.442702 0.3740157 -4.692387 2.442702 0.3740157 -4.831238 2.650508 0.3740157 -4.831238 2.650508 0 -4.831238 2.650508 0 -4.831238 2.650508 0.3740157 -4.831238 2.650508 0.3740157 -4.960894 2.864173 0.3740157 -4.960894 2.864173 0 -4.960894 2.864173 0 -4.960894 2.864173 0.3740157 -4.960894 2.864173 0.3740157 -5.081105 3.08329 0.3740157 -5.081105 3.08329 0 -5.081105 3.08329 0 -5.081105 3.08329 0.3740157 -5.081105 3.08329 0.3740157 -5.191645 3.307443 0.3740157 -5.191645 3.307443 0 -5.191645 3.307443 0 -5.191645 3.307443 0.3740157 -5.191645 3.307443 0.3740157 -5.292302 3.536203 0.3740157 -5.292302 3.536203 0 -5.292302 3.536203 0 -5.292302 3.536203 0.3740157 -5.292302 3.536203 0.3740157 -5.382885 3.769137 0.3740157 -5.382885 3.769137 0 -5.382885 3.769137 0 -5.382885 3.769137 0.3740157 -5.382885 3.769137 0.3740157 -5.463221 4.005799 0.3740157 -5.463221 4.005799 0 -5.463221 4.005799 0 -5.463221 4.005799 0.3740157 -5.463221 4.005799 0.3740157 -5.533158 4.245741 0.3740157 -5.533158 4.245741 0 -5.533158 4.245741 0 -5.533158 4.245741 0.3740157 -5.533158 4.245741 0.3740157 -5.592562 4.488505 0.3740157 -5.592562 4.488505 0 -5.592562 4.488505 0 -5.592562 4.488505 0.3740157 -5.592562 4.488505 0.3740157 -5.64132 4.73363 0.3740157 -5.64132 4.73363 0 -5.64132 4.73363 0 -5.64132 4.73363 0.3740157 -5.64132 4.73363 0.3740157 -5.67934 4.980647 0.3740157 -5.67934 4.980647 0 -5.67934 4.980647 0 -5.67934 4.980647 0.3740157 -5.67934 4.980647 0.3740157 -5.706548 5.229088 0.3740157 -5.706548 5.229088 0 -5.706548 5.229088 0 -5.706548 5.229088 0.3740157 -5.706548 5.229088 0.3740157 -5.722894 5.478479 0.3740157 -5.722894 5.478479 0 -5.722894 5.478479 0 -5.722894 5.478479 0.3740157 -5.722894 5.478479 0.3740157 -5.728346 5.728346 0.3740157 -5.728346 5.728346 0 -5.728346 5.728346 0 -5.728346 5.728346 0.3740157 -5.728346 5.728346 0.3740157 -5.722894 5.978213 0.3740157 -5.722894 5.978213 0 -5.722894 5.978213 0 -5.722894 5.978213 0.3740157 -5.722894 5.978213 0.3740157 -5.706548 6.227605 0.3740157 -5.706548 6.227605 0 -5.706548 6.227605 0 -5.706548 6.227605 0.3740157 -5.706548 6.227605 0.3740157 -5.67934 6.476046 0.3740157 -5.67934 6.476046 0 -5.67934 6.476046 0 -5.67934 6.476046 0.3740157 -5.67934 6.476046 0.3740157 -5.64132 6.723063 0.3740157 -5.64132 6.723063 0 -5.64132 6.723063 0 -5.64132 6.723063 0.3740157 -5.64132 6.723063 0.3740157 -5.592562 6.968188 0.3740157 -5.592562 6.968188 0 -5.592562 6.968188 0 -5.592562 6.968188 0.3740157 -5.592562 6.968188 0.3740157 -5.533158 7.210952 0.3740157 -5.533158 7.210952 0 -5.533158 7.210952 0 -5.533158 7.210952 0.3740157 -5.533158 7.210952 0.3740157 -5.463221 7.450893 0.3740157 -5.463221 7.450893 0 -5.463221 7.450893 0 -5.463221 7.450893 0.3740157 -5.463221 7.450893 0.3740157 -5.382885 7.687556 0.3740157 -5.382885 7.687556 0 -5.382885 7.687556 0 -5.382885 7.687556 0.3740157 -5.382885 7.687556 0.3740157 -5.292302 7.92049 0.3740157 -5.292302 7.92049 0 -5.292302 7.92049 0 -5.292302 7.92049 0.3740157 -5.292302 7.92049 0.3740157 -5.191645 8.14925 0.3740157 -5.191645 8.14925 0 -5.191645 8.14925 0 -5.191645 8.14925 0.3740157 -5.191645 8.14925 0.3740157 1.436751 0.3663173 0 1.436751 0.3663173 0.1968504 1.436751 0.3663173 0.1968504 1.436751 0.3663173 0 1.436751 0.3663173 0.1968504 1.202802 0.3028568 0.2427042 1.202802 0.3028568 0.2427042 1.202802 0.3028568 0.2427042 0.9680741 0.2381252 0.2854331 0.9680741 0.2381252 0.2854331 0.9680741 0.2381252 0.2854331 -1.669272 0.4340909 0.1968504 -1.669272 0.4340909 0 -1.669272 0.4340909 0.1968504 -1.669272 0.4340909 0 -1.669272 0.4340909 0.1968504 -1.438314 0.3604862 0.2427042 -1.438314 0.3604862 0.2427042 -1.438314 0.3604862 0.2427042 -1.206633 0.2855775 0.2854331 -1.206633 0.2855775 0.2854331 -1.206633 0.2855775 0.2854331 -0.9729632 0.2103981 0.3221252 -0.9729632 0.2103981 0.3221252 -0.9729632 0.2103981 0.3221252 0.9729632 0.2103981 0.3221252 0.9729632 0.2103981 0.3221252 0.9729632 0.2103981 0.3221252 -0.9793347 0.1742634 0.3502801 -0.9793347 0.1742634 0.3502801 -0.9793347 0.1742634 0.3502801 0.9793347 0.1742634 0.3502801 0.9793347 0.1742634 0.3502801 0.9793347 0.1742634 0.3502801 -0.9867545 0.1321836 0.367979 -0.9867545 0.1321836 0.367979 -0.9867545 0.1321836 0.367979 0.9867545 0.1321836 0.367979 0.9867545 0.1321836 0.367979 0.9867545 0.1321836 0.367979 -0.9947169 0.08702645 0.3740157 -0.9947169 0.08702645 0.3740157 0.9947169 0.08702645 0.3740157 0.9947169 0.08702645 0.3740157 -5.040433 8.35223 0.367979 -4.960894 8.59252 0.3740157 -5.081105 8.373402 0.3740157 -4.921183 8.569593 0.367979 -4.921183 8.569593 0.367979 -5.040433 8.35223 0.367979 -4.960894 8.59252 0.3740157 -5.081105 8.373402 0.3740157 -5.040433 8.35223 0.367979 -4.921183 8.569593 0.367979 -4.831238 8.806185 0.3740157 -4.792566 8.781548 0.367979 -4.792566 8.781548 0.367979 -4.831238 8.806185 0.3740157 -4.792566 8.781548 0.367979 -4.692387 9.013991 0.3740157 -4.654826 8.98769 0.367979 -4.654826 8.98769 0.367979 -4.692387 9.013991 0.3740157 -4.654826 8.98769 0.367979 -4.544603 9.215543 0.3740157 -4.508225 9.187629 0.367979 -4.508225 9.187629 0.367979 -4.544603 9.215543 0.3740157 -4.508225 9.187629 0.367979 -4.388168 9.410457 0.3740157 -4.353042 9.380982 0.367979 -4.353042 9.380982 0.367979 -4.388168 9.410457 0.3740157 -4.353042 9.380982 0.367979 -4.22338 9.598361 0.3740157 -4.189573 9.567383 0.367979 -4.189573 9.567383 0.367979 -4.22338 9.598361 0.3740157 -4.189573 9.567383 0.367979 -4.050553 9.778899 0.3740157 -4.018129 9.746476 0.367979 -4.018129 9.746476 0.367979 -4.050553 9.778899 0.3740157 -4.018129 9.746476 0.367979 -3.870015 9.951726 0.3740157 -3.839036 9.91792 0.367979 -3.839036 9.91792 0.367979 -3.870015 9.951726 0.3740157 -3.839036 9.91792 0.367979 -3.68211 10.11651 0.3740157 -3.652636 10.08139 0.367979 -3.652636 10.08139 0.367979 -3.68211 10.11651 0.3740157 -3.652636 10.08139 0.367979 -3.487196 10.27295 0.3740157 -3.459282 10.23657 0.367979 -3.459282 10.23657 0.367979 -3.487196 10.27295 0.3740157 -3.459282 10.23657 0.367979 -3.285645 10.42073 0.3740157 -3.259344 10.38317 0.367979 -3.259344 10.38317 0.367979 -3.285645 10.42073 0.3740157 -3.259344 10.38317 0.367979 -3.077838 10.55958 0.3740157 -3.053201 10.52091 0.367979 -3.053201 10.52091 0.367979 -3.077838 10.55958 0.3740157 -3.053201 10.52091 0.367979 -2.864173 10.68924 0.3740157 -2.841246 10.64953 0.367979 -2.841246 10.64953 0.367979 -2.864173 10.68924 0.3740157 -2.841246 10.64953 0.367979 -2.645056 10.80945 0.3740157 -2.623883 10.76878 0.367979 -2.623883 10.76878 0.367979 -2.645056 10.80945 0.3740157 -2.623883 10.76878 0.367979 -2.420904 10.91999 0.3740157 -2.401525 10.87843 0.367979 -2.401525 10.87843 0.367979 -2.420904 10.91999 0.3740157 -2.401525 10.87843 0.367979 -2.192143 11.02065 0.3740157 -2.174596 10.97829 0.367979 -2.174596 10.97829 0.367979 -2.192143 11.02065 0.3740157 -2.174596 10.97829 0.367979 -1.95921 11.11123 0.3740157 -1.943527 11.06814 0.367979 -1.943527 11.06814 0.367979 -1.95921 11.11123 0.3740157 -1.943527 11.06814 0.367979 -1.722547 11.19157 0.3740157 -1.708759 11.14784 0.367979 -1.708759 11.14784 0.367979 -1.722547 11.19157 0.3740157 -1.708759 11.14784 0.367979 -1.482605 11.2615 0.3740157 -1.470737 11.21721 0.367979 -1.470737 11.21721 0.367979 -1.482605 11.2615 0.3740157 -1.470737 11.21721 0.367979 -1.239841 11.32091 0.3740157 -1.229917 11.27614 0.367979 -1.229917 11.27614 0.367979 -1.239841 11.32091 0.3740157 -1.229917 11.27614 0.367979 -0.9947169 11.36967 0.3740157 -0.9867545 11.32451 0.367979 -0.9867545 11.32451 0.367979 -0.9947169 11.36967 0.3740157 -0.9867545 11.32451 0.367979 -0.7476993 11.40769 0.3740157 -0.7417141 11.36222 0.367979 -0.7417141 11.36222 0.367979 -0.7476993 11.40769 0.3740157 -0.7417141 11.36222 0.367979 -0.4992583 11.43489 0.3740157 -0.4952619 11.38922 0.367979 -0.4952619 11.38922 0.367979 -0.4992583 11.43489 0.3740157 -0.4952619 11.38922 0.367979 -0.249867 11.45124 0.3740157 -0.2478668 11.40543 0.367979 -0.2478668 11.40543 0.367979 -0.249867 11.45124 0.3740157 -0.2478668 11.40543 0.367979 0 11.45669 0.3740157 5.551115e-17 11.41084 0.367979 5.551115e-17 11.41084 0.367979 0 11.45669 0.3740157 5.551115e-17 11.41084 0.367979 0.249867 11.45124 0.3740157 0.2478668 11.40543 0.367979 0.2478668 11.40543 0.367979 0.249867 11.45124 0.3740157 0.2478668 11.40543 0.367979 0.4952619 11.38922 0.367979 0.4992583 11.43489 0.3740157 0.4992583 11.43489 0.3740157 0.4952619 11.38922 0.367979 0.4952619 11.38922 0.367979 0.7417141 11.36222 0.367979 0.7476993 11.40769 0.3740157 0.7476993 11.40769 0.3740157 0.7417141 11.36222 0.367979 0.7417141 11.36222 0.367979 0.9867545 11.32451 0.367979 0.9947169 11.36967 0.3740157 0.9947169 11.36967 0.3740157 0.9867545 11.32451 0.367979 0.9867545 11.32451 0.367979 1.229917 11.27614 0.367979 1.239841 11.32091 0.3740157 1.239841 11.32091 0.3740157 1.229917 11.27614 0.367979 1.229917 11.27614 0.367979 1.470737 11.21721 0.367979 1.482605 11.2615 0.3740157 1.482605 11.2615 0.3740157 1.470737 11.21721 0.367979 1.470737 11.21721 0.367979 1.708759 11.14784 0.367979 1.722547 11.19157 0.3740157 1.722547 11.19157 0.3740157 1.708759 11.14784 0.367979 1.708759 11.14784 0.367979 1.943527 11.06814 0.367979 1.95921 11.11123 0.3740157 1.95921 11.11123 0.3740157 1.943527 11.06814 0.367979 1.943527 11.06814 0.367979 2.174596 10.97829 0.367979 2.192143 11.02065 0.3740157 2.192143 11.02065 0.3740157 2.174596 10.97829 0.367979 2.174596 10.97829 0.367979 2.401525 10.87843 0.367979 2.420904 10.91999 0.3740157 2.420904 10.91999 0.3740157 2.401525 10.87843 0.367979 2.401525 10.87843 0.367979 2.623883 10.76878 0.367979 2.645056 10.80945 0.3740157 2.645056 10.80945 0.3740157 2.623883 10.76878 0.367979 2.623883 10.76878 0.367979 2.841246 10.64953 0.367979 2.864173 10.68924 0.3740157 2.864173 10.68924 0.3740157 2.841246 10.64953 0.367979 2.841246 10.64953 0.367979 3.053201 10.52091 0.367979 3.077838 10.55958 0.3740157 3.077838 10.55958 0.3740157 3.053201 10.52091 0.367979 3.053201 10.52091 0.367979 3.259344 10.38317 0.367979 3.285645 10.42073 0.3740157 3.285645 10.42073 0.3740157 3.259344 10.38317 0.367979 3.259344 10.38317 0.367979 3.459282 10.23657 0.367979 3.487196 10.27295 0.3740157 3.487196 10.27295 0.3740157 3.459282 10.23657 0.367979 3.459282 10.23657 0.367979 3.652636 10.08139 0.367979 3.68211 10.11651 0.3740157 3.68211 10.11651 0.3740157 3.652636 10.08139 0.367979 3.652636 10.08139 0.367979 3.839036 9.91792 0.367979 3.870015 9.951726 0.3740157 3.870015 9.951726 0.3740157 3.839036 9.91792 0.367979 3.839036 9.91792 0.367979 4.018129 9.746476 0.367979 4.050553 9.778899 0.3740157 4.050553 9.778899 0.3740157 4.018129 9.746476 0.367979 4.018129 9.746476 0.367979 4.189573 9.567383 0.367979 4.22338 9.598361 0.3740157 4.22338 9.598361 0.3740157 4.189573 9.567383 0.367979 4.189573 9.567383 0.367979 4.353042 9.380982 0.367979 4.388168 9.410457 0.3740157 4.388168 9.410457 0.3740157 4.353042 9.380982 0.367979 4.353042 9.380982 0.367979 4.508225 9.187629 0.367979 4.544603 9.215543 0.3740157 4.544603 9.215543 0.3740157 4.508225 9.187629 0.367979 4.508225 9.187629 0.367979 4.654826 8.98769 0.367979 4.692387 9.013991 0.3740157 4.692387 9.013991 0.3740157 4.654826 8.98769 0.367979 4.654826 8.98769 0.367979 4.792566 8.781548 0.367979 4.831238 8.806185 0.3740157 4.831238 8.806185 0.3740157 4.792566 8.781548 0.367979 4.792566 8.781548 0.367979 4.921183 8.569593 0.367979 4.960894 8.59252 0.3740157 4.960894 8.59252 0.3740157 4.921183 8.569593 0.367979 4.921183 8.569593 0.367979 5.040433 8.35223 0.367979 5.081105 8.373402 0.3740157 5.081105 8.373402 0.3740157 5.040433 8.35223 0.367979 5.040433 8.35223 0.367979 5.150087 8.129872 0.367979 5.191645 8.14925 0.3740157 5.191645 8.14925 0.3740157 5.150087 8.129872 0.367979 5.150087 8.129872 0.367979 5.249939 7.902942 0.367979 5.292302 7.92049 0.3740157 5.292302 7.92049 0.3740157 5.249939 7.902942 0.367979 5.249939 7.902942 0.367979 5.339796 7.671873 0.367979 5.382885 7.687556 0.3740157 5.382885 7.687556 0.3740157 5.339796 7.671873 0.367979 5.339796 7.671873 0.367979 5.41949 7.437105 0.367979 5.463221 7.450893 0.3740157 5.463221 7.450893 0.3740157 5.41949 7.437105 0.367979 5.41949 7.437105 0.367979 5.488866 7.199084 0.367979 5.533158 7.210952 0.3740157 5.533158 7.210952 0.3740157 5.488866 7.199084 0.367979 5.488866 7.199084 0.367979 5.547795 6.958263 0.367979 5.592562 6.968188 0.3740157 5.592562 6.968188 0.3740157 5.547795 6.958263 0.367979 5.547795 6.958263 0.367979 5.596163 6.715101 0.367979 5.64132 6.723063 0.3740157 5.64132 6.723063 0.3740157 5.596163 6.715101 0.367979 5.596163 6.715101 0.367979 5.633878 6.470061 0.367979 5.67934 6.476046 0.3740157 5.67934 6.476046 0.3740157 5.633878 6.470061 0.367979 5.633878 6.470061 0.367979 5.660869 6.223608 0.367979 5.706548 6.227605 0.3740157 5.706548 6.227605 0.3740157 5.660869 6.223608 0.367979 5.660869 6.223608 0.367979 5.677084 5.976213 0.367979 5.722894 5.978213 0.3740157 5.722894 5.978213 0.3740157 5.677084 5.976213 0.367979 5.677084 5.976213 0.367979 5.682493 5.728346 0.367979 5.728346 5.728346 0.3740157 5.728346 5.728346 0.3740157 5.682493 5.728346 0.367979 5.682493 5.728346 0.367979 5.722894 5.478479 0.3740157 5.677084 5.48048 0.367979 5.722894 5.478479 0.3740157 5.677084 5.48048 0.367979 5.677084 5.48048 0.367979 5.706548 5.229088 0.3740157 5.660869 5.233085 0.367979 5.706548 5.229088 0.3740157 5.660869 5.233085 0.367979 5.660869 5.233085 0.367979 5.67934 4.980647 0.3740157 5.633878 4.986632 0.367979 5.67934 4.980647 0.3740157 5.633878 4.986632 0.367979 5.633878 4.986632 0.367979 5.64132 4.73363 0.3740157 5.596163 4.741592 0.367979 5.64132 4.73363 0.3740157 5.596163 4.741592 0.367979 5.596163 4.741592 0.367979 5.592562 4.488505 0.3740157 5.547795 4.49843 0.367979 5.592562 4.488505 0.3740157 5.547795 4.49843 0.367979 5.547795 4.49843 0.367979 5.533158 4.245741 0.3740157 5.488866 4.257609 0.367979 5.533158 4.245741 0.3740157 5.488866 4.257609 0.367979 5.488866 4.257609 0.367979 5.463221 4.005799 0.3740157 5.41949 4.019588 0.367979 5.463221 4.005799 0.3740157 5.41949 4.019588 0.367979 5.41949 4.019588 0.367979 5.382885 3.769137 0.3740157 5.339796 3.784819 0.367979 5.382885 3.769137 0.3740157 5.339796 3.784819 0.367979 5.339796 3.784819 0.367979 5.292302 3.536203 0.3740157 5.249939 3.553751 0.367979 5.292302 3.536203 0.3740157 5.249939 3.553751 0.367979 5.249939 3.553751 0.367979 5.191645 3.307443 0.3740157 5.150087 3.326821 0.367979 5.191645 3.307443 0.3740157 5.150087 3.326821 0.367979 5.150087 3.326821 0.367979 5.081105 3.08329 0.3740157 5.040433 3.104463 0.367979 5.081105 3.08329 0.3740157 5.040433 3.104463 0.367979 5.040433 3.104463 0.367979 4.960894 2.864173 0.3740157 4.921183 2.8871 0.367979 4.960894 2.864173 0.3740157 4.921183 2.8871 0.367979 4.921183 2.8871 0.367979 4.831238 2.650508 0.3740157 4.792566 2.675145 0.367979 4.831238 2.650508 0.3740157 4.792566 2.675145 0.367979 4.792566 2.675145 0.367979 4.692387 2.442702 0.3740157 4.654826 2.469003 0.367979 4.692387 2.442702 0.3740157 4.654826 2.469003 0.367979 4.654826 2.469003 0.367979 4.544603 2.24115 0.3740157 4.508225 2.269064 0.367979 4.544603 2.24115 0.3740157 4.508225 2.269064 0.367979 4.508225 2.269064 0.367979 4.388168 2.046236 0.3740157 4.353042 2.075711 0.367979 4.388168 2.046236 0.3740157 4.353042 2.075711 0.367979 4.353042 2.075711 0.367979 4.22338 1.858332 0.3740157 4.189573 1.88931 0.367979 4.22338 1.858332 0.3740157 4.189573 1.88931 0.367979 4.189573 1.88931 0.367979 4.050553 1.677794 0.3740157 4.018129 1.710217 0.367979 4.050553 1.677794 0.3740157 4.018129 1.710217 0.367979 4.018129 1.710217 0.367979 3.870015 1.504966 0.3740157 3.839036 1.538773 0.367979 3.870015 1.504966 0.3740157 3.839036 1.538773 0.367979 3.839036 1.538773 0.367979 3.68211 1.340178 0.3740157 3.652636 1.375305 0.367979 3.68211 1.340178 0.3740157 3.652636 1.375305 0.367979 3.652636 1.375305 0.367979 3.487196 1.183744 0.3740157 3.459282 1.220122 0.367979 3.487196 1.183744 0.3740157 3.459282 1.220122 0.367979 3.459282 1.220122 0.367979 3.285645 1.03596 0.3740157 3.259344 1.073521 0.367979 3.285645 1.03596 0.3740157 3.259344 1.073521 0.367979 3.259344 1.073521 0.367979 3.077838 0.8971081 0.3740157 3.053201 0.9357807 0.367979 3.077838 0.8971081 0.3740157 3.053201 0.9357807 0.367979 3.053201 0.9357807 0.367979 2.864173 0.7674529 0.3740157 2.841246 0.8071634 0.367979 2.864173 0.7674529 0.3740157 2.841246 0.8071634 0.367979 2.841246 0.8071634 0.367979 2.645056 0.6472411 0.3740157 2.623883 0.6879139 0.367979 2.645056 0.6472411 0.3740157 2.623883 0.6879139 0.367979 2.623883 0.6879139 0.367979 2.420904 0.5367015 0.3740157 2.401525 0.5782591 0.367979 2.420904 0.5367015 0.3740157 2.401525 0.5782591 0.367979 2.401525 0.5782591 0.367979 2.192143 0.4360444 0.3740157 2.174596 0.4784078 0.367979 2.192143 0.4360444 0.3740157 2.174596 0.4784078 0.367979 2.174596 0.4784078 0.367979 1.95921 0.3454616 0.3740157 1.943527 0.38855 0.367979 1.95921 0.3454616 0.3740157 1.943527 0.38855 0.367979 1.943527 0.38855 0.367979 1.722547 0.2651253 0.3740157 1.708759 0.3088569 0.367979 1.722547 0.2651253 0.3740157 1.708759 0.3088569 0.367979 1.708759 0.3088569 0.367979 1.482605 0.1951887 0.3740157 1.470737 0.23948 0.367979 1.482605 0.1951887 0.3740157 1.470737 0.23948 0.367979 1.470737 0.23948 0.367979 1.239841 0.1357847 0.3740157 1.229917 0.1805515 0.367979 1.239841 0.1357847 0.3740157 1.229917 0.1805515 0.367979 1.229917 0.1805515 0.367979 -1.229917 0.1805515 0.367979 -1.239841 0.1357847 0.3740157 -1.229917 0.1805515 0.367979 -1.239841 0.1357847 0.3740157 -1.229917 0.1805515 0.367979 -1.470737 0.23948 0.367979 -1.482605 0.1951887 0.3740157 -1.470737 0.23948 0.367979 -1.482605 0.1951887 0.3740157 -1.470737 0.23948 0.367979 -1.708759 0.3088569 0.367979 -1.722547 0.2651253 0.3740157 -1.708759 0.3088569 0.367979 -1.722547 0.2651253 0.3740157 -1.708759 0.3088569 0.367979 -1.943527 0.38855 0.367979 -1.95921 0.3454616 0.3740157 -1.943527 0.38855 0.367979 -1.95921 0.3454616 0.3740157 -1.943527 0.38855 0.367979 -2.174596 0.4784078 0.367979 -2.192143 0.4360444 0.3740157 -2.174596 0.4784078 0.367979 -2.192143 0.4360444 0.3740157 -2.174596 0.4784078 0.367979 -2.401525 0.5782591 0.367979 -2.420904 0.5367015 0.3740157 -2.401525 0.5782591 0.367979 -2.420904 0.5367015 0.3740157 -2.401525 0.5782591 0.367979 -2.623883 0.6879139 0.367979 -2.645056 0.6472411 0.3740157 -2.623883 0.6879139 0.367979 -2.645056 0.6472411 0.3740157 -2.623883 0.6879139 0.367979 -2.841246 0.8071634 0.367979 -2.864173 0.7674529 0.3740157 -2.841246 0.8071634 0.367979 -2.864173 0.7674529 0.3740157 -2.841246 0.8071634 0.367979 -3.053201 0.9357807 0.367979 -3.077838 0.8971081 0.3740157 -3.053201 0.9357807 0.367979 -3.077838 0.8971081 0.3740157 -3.053201 0.9357807 0.367979 -3.259344 1.073521 0.367979 -3.285645 1.03596 0.3740157 -3.259344 1.073521 0.367979 -3.285645 1.03596 0.3740157 -3.259344 1.073521 0.367979 -3.459282 1.220122 0.367979 -3.487196 1.183744 0.3740157 -3.459282 1.220122 0.367979 -3.487196 1.183744 0.3740157 -3.459282 1.220122 0.367979 -3.652636 1.375305 0.367979 -3.68211 1.340178 0.3740157 -3.652636 1.375305 0.367979 -3.68211 1.340178 0.3740157 -3.652636 1.375305 0.367979 -3.839036 1.538773 0.367979 -3.870015 1.504966 0.3740157 -3.839036 1.538773 0.367979 -3.870015 1.504966 0.3740157 -3.839036 1.538773 0.367979 -4.018129 1.710217 0.367979 -4.050553 1.677794 0.3740157 -4.018129 1.710217 0.367979 -4.050553 1.677794 0.3740157 -4.018129 1.710217 0.367979 -4.189573 1.88931 0.367979 -4.22338 1.858332 0.3740157 -4.189573 1.88931 0.367979 -4.22338 1.858332 0.3740157 -4.189573 1.88931 0.367979 -4.353042 2.075711 0.367979 -4.388168 2.046236 0.3740157 -4.353042 2.075711 0.367979 -4.388168 2.046236 0.3740157 -4.353042 2.075711 0.367979 -4.508225 2.269064 0.367979 -4.544603 2.24115 0.3740157 -4.508225 2.269064 0.367979 -4.544603 2.24115 0.3740157 -4.508225 2.269064 0.367979 -4.654826 2.469003 0.367979 -4.692387 2.442702 0.3740157 -4.654826 2.469003 0.367979 -4.692387 2.442702 0.3740157 -4.654826 2.469003 0.367979 -4.792566 2.675145 0.367979 -4.831238 2.650508 0.3740157 -4.792566 2.675145 0.367979 -4.831238 2.650508 0.3740157 -4.792566 2.675145 0.367979 -4.921183 2.8871 0.367979 -4.960894 2.864173 0.3740157 -4.921183 2.8871 0.367979 -4.960894 2.864173 0.3740157 -4.921183 2.8871 0.367979 -5.040433 3.104463 0.367979 -5.081105 3.08329 0.3740157 -5.040433 3.104463 0.367979 -5.081105 3.08329 0.3740157 -5.040433 3.104463 0.367979 -5.150087 3.326821 0.367979 -5.191645 3.307443 0.3740157 -5.150087 3.326821 0.367979 -5.191645 3.307443 0.3740157 -5.150087 3.326821 0.367979 -5.249939 3.553751 0.367979 -5.292302 3.536203 0.3740157 -5.249939 3.553751 0.367979 -5.292302 3.536203 0.3740157 -5.249939 3.553751 0.367979 -5.339796 3.784819 0.367979 -5.382885 3.769137 0.3740157 -5.339796 3.784819 0.367979 -5.382885 3.769137 0.3740157 -5.339796 3.784819 0.367979 -5.41949 4.019588 0.367979 -5.463221 4.005799 0.3740157 -5.41949 4.019588 0.367979 -5.463221 4.005799 0.3740157 -5.41949 4.019588 0.367979 -5.488866 4.257609 0.367979 -5.533158 4.245741 0.3740157 -5.488866 4.257609 0.367979 -5.533158 4.245741 0.3740157 -5.488866 4.257609 0.367979 -5.547795 4.49843 0.367979 -5.592562 4.488505 0.3740157 -5.547795 4.49843 0.367979 -5.592562 4.488505 0.3740157 -5.547795 4.49843 0.367979 -5.596163 4.741592 0.367979 -5.64132 4.73363 0.3740157 -5.596163 4.741592 0.367979 -5.64132 4.73363 0.3740157 -5.596163 4.741592 0.367979 -5.633878 4.986632 0.367979 -5.67934 4.980647 0.3740157 -5.633878 4.986632 0.367979 -5.67934 4.980647 0.3740157 -5.633878 4.986632 0.367979 -5.660869 5.233085 0.367979 -5.706548 5.229088 0.3740157 -5.660869 5.233085 0.367979 -5.706548 5.229088 0.3740157 -5.660869 5.233085 0.367979 -5.677084 5.48048 0.367979 -5.722894 5.478479 0.3740157 -5.677084 5.48048 0.367979 -5.722894 5.478479 0.3740157 -5.677084 5.48048 0.367979 -5.682493 5.728346 0.367979 -5.728346 5.728346 0.3740157 -5.682493 5.728346 0.367979 -5.728346 5.728346 0.3740157 -5.682493 5.728346 0.367979 -5.722894 5.978213 0.3740157 -5.677084 5.976213 0.367979 -5.677084 5.976213 0.367979 -5.722894 5.978213 0.3740157 -5.677084 5.976213 0.367979 -5.706548 6.227605 0.3740157 -5.660869 6.223608 0.367979 -5.660869 6.223608 0.367979 -5.706548 6.227605 0.3740157 -5.660869 6.223608 0.367979 -5.67934 6.476046 0.3740157 -5.633878 6.470061 0.367979 -5.633878 6.470061 0.367979 -5.67934 6.476046 0.3740157 -5.633878 6.470061 0.367979 -5.64132 6.723063 0.3740157 -5.596163 6.715101 0.367979 -5.596163 6.715101 0.367979 -5.64132 6.723063 0.3740157 -5.596163 6.715101 0.367979 -5.592562 6.968188 0.3740157 -5.547795 6.958263 0.367979 -5.547795 6.958263 0.367979 -5.592562 6.968188 0.3740157 -5.547795 6.958263 0.367979 -5.533158 7.210952 0.3740157 -5.488866 7.199084 0.367979 -5.488866 7.199084 0.367979 -5.533158 7.210952 0.3740157 -5.488866 7.199084 0.367979 -5.463221 7.450893 0.3740157 -5.41949 7.437105 0.367979 -5.41949 7.437105 0.367979 -5.463221 7.450893 0.3740157 -5.41949 7.437105 0.367979 -5.382885 7.687556 0.3740157 -5.339796 7.671873 0.367979 -5.339796 7.671873 0.367979 -5.382885 7.687556 0.3740157 -5.339796 7.671873 0.367979 -5.292302 7.92049 0.3740157 -5.249939 7.902942 0.367979 -5.249939 7.902942 0.367979 -5.292302 7.92049 0.3740157 -5.249939 7.902942 0.367979 -5.191645 8.14925 0.3740157 -5.150087 8.129872 0.367979 -5.150087 8.129872 0.367979 -5.191645 8.14925 0.3740157 -5.150087 8.129872 0.367979 1.669272 0.4340909 0 1.669272 0.4340909 0.1968504 1.669272 0.4340909 0.1968504 1.669272 0.4340909 0 1.669272 0.4340909 0.1968504 1.438314 0.3604862 0.2427042 1.438314 0.3604862 0.2427042 1.438314 0.3604862 0.2427042 1.206633 0.2855775 0.2854331 1.206633 0.2855775 0.2854331 1.206633 0.2855775 0.2854331 -1.898616 0.5119425 0.1968504 -1.898616 0.5119425 0 -1.898616 0.5119425 0.1968504 -1.898616 0.5119425 0 -1.898616 0.5119425 0.1968504 -1.671088 0.4283336 0.2427042 -1.671088 0.4283336 0.2427042 -1.671088 0.4283336 0.2427042 -1.442895 0.3433904 0.2854331 -1.442895 0.3433904 0.2854331 -1.442895 0.3433904 0.2854331 -1.212727 0.25809 0.3221252 -1.212727 0.25809 0.3221252 -1.212727 0.25809 0.3221252 1.212727 0.25809 0.3221252 1.212727 0.25809 0.3221252 1.212727 0.25809 0.3221252 -1.220668 0.2222676 0.3502801 -1.220668 0.2222676 0.3502801 -1.220668 0.2222676 0.3502801 1.220668 0.2222676 0.3502801 1.220668 0.2222676 0.3502801 1.220668 0.2222676 0.3502801 -5.002532 8.3325 0.3502801 -4.884179 8.548228 0.3502801 -4.884179 8.548228 0.3502801 -5.002532 8.3325 0.3502801 -5.002532 8.3325 0.3502801 -4.884179 8.548228 0.3502801 -4.756529 8.758589 0.3502801 -4.756529 8.758589 0.3502801 -4.756529 8.758589 0.3502801 -4.619824 8.963182 0.3502801 -4.619824 8.963182 0.3502801 -4.619824 8.963182 0.3502801 -4.474325 9.161617 0.3502801 -4.474325 9.161617 0.3502801 -4.474325 9.161617 0.3502801 -4.32031 9.353517 0.3502801 -4.32031 9.353517 0.3502801 -4.32031 9.353517 0.3502801 -4.15807 9.538516 0.3502801 -4.15807 9.538516 0.3502801 -4.15807 9.538516 0.3502801 -3.987915 9.716262 0.3502801 -3.987915 9.716262 0.3502801 -3.987915 9.716262 0.3502801 -3.810169 9.886416 0.3502801 -3.810169 9.886416 0.3502801 -3.810169 9.886416 0.3502801 -3.62517 10.04866 0.3502801 -3.62517 10.04866 0.3502801 -3.62517 10.04866 0.3502801 -3.433271 10.20267 0.3502801 -3.433271 10.20267 0.3502801 -3.433271 10.20267 0.3502801 -3.234836 10.34817 0.3502801 -3.234836 10.34817 0.3502801 -3.234836 10.34817 0.3502801 -3.030243 10.48487 0.3502801 -3.030243 10.48487 0.3502801 -3.030243 10.48487 0.3502801 -2.819882 10.61253 0.3502801 -2.819882 10.61253 0.3502801 -2.819882 10.61253 0.3502801 -2.604153 10.73088 0.3502801 -2.604153 10.73088 0.3502801 -2.604153 10.73088 0.3502801 -2.383467 10.83971 0.3502801 -2.383467 10.83971 0.3502801 -2.383467 10.83971 0.3502801 -2.158244 10.93881 0.3502801 -2.158244 10.93881 0.3502801 -2.158244 10.93881 0.3502801 -1.928913 11.02799 0.3502801 -1.928913 11.02799 0.3502801 -1.928913 11.02799 0.3502801 -1.69591 11.10708 0.3502801 -1.69591 11.10708 0.3502801 -1.69591 11.10708 0.3502801 -1.459678 11.17594 0.3502801 -1.459678 11.17594 0.3502801 -1.459678 11.17594 0.3502801 -1.220668 11.23443 0.3502801 -1.220668 11.23443 0.3502801 -1.220668 11.23443 0.3502801 -0.9793347 11.28243 0.3502801 -0.9793347 11.28243 0.3502801 -0.9793347 11.28243 0.3502801 -0.7361369 11.31986 0.3502801 -0.7361369 11.31986 0.3502801 -0.7361369 11.31986 0.3502801 -0.4915378 11.34665 0.3502801 -0.4915378 11.34665 0.3502801 -0.4915378 11.34665 0.3502801 -0.246003 11.36274 0.3502801 -0.246003 11.36274 0.3502801 -0.246003 11.36274 0.3502801 0 11.36811 0.3502801 0 11.36811 0.3502801 0 11.36811 0.3502801 0.246003 11.36274 0.3502801 0.246003 11.36274 0.3502801 0.246003 11.36274 0.3502801 0.4915378 11.34665 0.3502801 0.4915378 11.34665 0.3502801 0.4915378 11.34665 0.3502801 0.7361369 11.31986 0.3502801 0.7361369 11.31986 0.3502801 0.7361369 11.31986 0.3502801 0.9793347 11.28243 0.3502801 0.9793347 11.28243 0.3502801 0.9793347 11.28243 0.3502801 1.220668 11.23443 0.3502801 1.220668 11.23443 0.3502801 1.220668 11.23443 0.3502801 1.459678 11.17594 0.3502801 1.459678 11.17594 0.3502801 1.459678 11.17594 0.3502801 1.69591 11.10708 0.3502801 1.69591 11.10708 0.3502801 1.69591 11.10708 0.3502801 1.928913 11.02799 0.3502801 1.928913 11.02799 0.3502801 1.928913 11.02799 0.3502801 2.158244 10.93881 0.3502801 2.158244 10.93881 0.3502801 2.158244 10.93881 0.3502801 2.383467 10.83971 0.3502801 2.383467 10.83971 0.3502801 2.383467 10.83971 0.3502801 2.604153 10.73088 0.3502801 2.604153 10.73088 0.3502801 2.604153 10.73088 0.3502801 2.819882 10.61253 0.3502801 2.819882 10.61253 0.3502801 2.819882 10.61253 0.3502801 3.030243 10.48487 0.3502801 3.030243 10.48487 0.3502801 3.030243 10.48487 0.3502801 3.234836 10.34817 0.3502801 3.234836 10.34817 0.3502801 3.234836 10.34817 0.3502801 3.433271 10.20267 0.3502801 3.433271 10.20267 0.3502801 3.433271 10.20267 0.3502801 3.62517 10.04866 0.3502801 3.62517 10.04866 0.3502801 3.62517 10.04866 0.3502801 3.810169 9.886416 0.3502801 3.810169 9.886416 0.3502801 3.810169 9.886416 0.3502801 3.987915 9.716262 0.3502801 3.987915 9.716262 0.3502801 3.987915 9.716262 0.3502801 4.15807 9.538516 0.3502801 4.15807 9.538516 0.3502801 4.15807 9.538516 0.3502801 4.32031 9.353517 0.3502801 4.32031 9.353517 0.3502801 4.32031 9.353517 0.3502801 4.474325 9.161617 0.3502801 4.474325 9.161617 0.3502801 4.474325 9.161617 0.3502801 4.619824 8.963182 0.3502801 4.619824 8.963182 0.3502801 4.619824 8.963182 0.3502801 4.756529 8.758589 0.3502801 4.756529 8.758589 0.3502801 4.756529 8.758589 0.3502801 4.884179 8.548228 0.3502801 4.884179 8.548228 0.3502801 4.884179 8.548228 0.3502801 5.002532 8.3325 0.3502801 5.002532 8.3325 0.3502801 5.002532 8.3325 0.3502801 5.111362 8.111814 0.3502801 5.111362 8.111814 0.3502801 5.111362 8.111814 0.3502801 5.210462 7.886591 0.3502801 5.210462 7.886591 0.3502801 5.210462 7.886591 0.3502801 5.299644 7.657259 0.3502801 5.299644 7.657259 0.3502801 5.299644 7.657259 0.3502801 5.378738 7.424256 0.3502801 5.378738 7.424256 0.3502801 5.378738 7.424256 0.3502801 5.447593 7.188025 0.3502801 5.447593 7.188025 0.3502801 5.447593 7.188025 0.3502801 5.506079 6.949015 0.3502801 5.506079 6.949015 0.3502801 5.506079 6.949015 0.3502801 5.554083 6.707681 0.3502801 5.554083 6.707681 0.3502801 5.554083 6.707681 0.3502801 5.591515 6.464483 0.3502801 5.591515 6.464483 0.3502801 5.591515 6.464483 0.3502801 5.618303 6.219884 0.3502801 5.618303 6.219884 0.3502801 5.618303 6.219884 0.3502801 5.634396 5.974349 0.3502801 5.634396 5.974349 0.3502801 5.634396 5.974349 0.3502801 5.639764 5.728346 0.3502801 5.639764 5.728346 0.3502801 5.639764 5.728346 0.3502801 5.634396 5.482343 0.3502801 5.634396 5.482343 0.3502801 5.634396 5.482343 0.3502801 5.618303 5.236809 0.3502801 5.618303 5.236809 0.3502801 5.618303 5.236809 0.3502801 5.591515 4.99221 0.3502801 5.591515 4.99221 0.3502801 5.591515 4.99221 0.3502801 5.554083 4.749012 0.3502801 5.554083 4.749012 0.3502801 5.554083 4.749012 0.3502801 5.506079 4.507678 0.3502801 5.506079 4.507678 0.3502801 5.506079 4.507678 0.3502801 5.447593 4.268668 0.3502801 5.447593 4.268668 0.3502801 5.447593 4.268668 0.3502801 5.378738 4.032437 0.3502801 5.378738 4.032437 0.3502801 5.378738 4.032437 0.3502801 5.299644 3.799434 0.3502801 5.299644 3.799434 0.3502801 5.299644 3.799434 0.3502801 5.210462 3.570102 0.3502801 5.210462 3.570102 0.3502801 5.210462 3.570102 0.3502801 5.111362 3.344879 0.3502801 5.111362 3.344879 0.3502801 5.111362 3.344879 0.3502801 5.002532 3.124193 0.3502801 5.002532 3.124193 0.3502801 5.002532 3.124193 0.3502801 4.884179 2.908465 0.3502801 4.884179 2.908465 0.3502801 4.884179 2.908465 0.3502801 4.756529 2.698104 0.3502801 4.756529 2.698104 0.3502801 4.756529 2.698104 0.3502801 4.619824 2.493511 0.3502801 4.619824 2.493511 0.3502801 4.619824 2.493511 0.3502801 4.474325 2.295076 0.3502801 4.474325 2.295076 0.3502801 4.474325 2.295076 0.3502801 4.32031 2.103176 0.3502801 4.32031 2.103176 0.3502801 4.32031 2.103176 0.3502801 4.15807 1.918177 0.3502801 4.15807 1.918177 0.3502801 4.15807 1.918177 0.3502801 3.987915 1.740431 0.3502801 3.987915 1.740431 0.3502801 3.987915 1.740431 0.3502801 3.810169 1.570276 0.3502801 3.810169 1.570276 0.3502801 3.810169 1.570276 0.3502801 3.62517 1.408037 0.3502801 3.62517 1.408037 0.3502801 3.62517 1.408037 0.3502801 3.433271 1.254021 0.3502801 3.433271 1.254021 0.3502801 3.433271 1.254021 0.3502801 3.234836 1.108522 0.3502801 3.234836 1.108522 0.3502801 3.234836 1.108522 0.3502801 3.030243 0.9718179 0.3502801 3.030243 0.9718179 0.3502801 3.030243 0.9718179 0.3502801 2.819882 0.8441678 0.3502801 2.819882 0.8441678 0.3502801 2.819882 0.8441678 0.3502801 2.604153 0.7258149 0.3502801 2.604153 0.7258149 0.3502801 2.604153 0.7258149 0.3502801 2.383467 0.6169846 0.3502801 2.383467 0.6169846 0.3502801 2.383467 0.6169846 0.3502801 2.158244 0.5178841 0.3502801 2.158244 0.5178841 0.3502801 2.158244 0.5178841 0.3502801 1.928913 0.4287021 0.3502801 1.928913 0.4287021 0.3502801 1.928913 0.4287021 0.3502801 1.69591 0.3496081 0.3502801 1.69591 0.3496081 0.3502801 1.69591 0.3496081 0.3502801 1.459678 0.280753 0.3502801 1.459678 0.280753 0.3502801 1.459678 0.280753 0.3502801 -1.459678 0.280753 0.3502801 -1.459678 0.280753 0.3502801 -1.459678 0.280753 0.3502801 -1.69591 0.3496081 0.3502801 -1.69591 0.3496081 0.3502801 -1.69591 0.3496081 0.3502801 -1.928913 0.4287021 0.3502801 -1.928913 0.4287021 0.3502801 -1.928913 0.4287021 0.3502801 -2.158244 0.5178841 0.3502801 -2.158244 0.5178841 0.3502801 -2.158244 0.5178841 0.3502801 -2.383467 0.6169846 0.3502801 -2.383467 0.6169846 0.3502801 -2.383467 0.6169846 0.3502801 -2.604153 0.7258149 0.3502801 -2.604153 0.7258149 0.3502801 -2.604153 0.7258149 0.3502801 -2.819882 0.8441678 0.3502801 -2.819882 0.8441678 0.3502801 -2.819882 0.8441678 0.3502801 -3.030243 0.9718179 0.3502801 -3.030243 0.9718179 0.3502801 -3.030243 0.9718179 0.3502801 -3.234836 1.108522 0.3502801 -3.234836 1.108522 0.3502801 -3.234836 1.108522 0.3502801 -3.433271 1.254021 0.3502801 -3.433271 1.254021 0.3502801 -3.433271 1.254021 0.3502801 -3.62517 1.408037 0.3502801 -3.62517 1.408037 0.3502801 -3.62517 1.408037 0.3502801 -3.810169 1.570276 0.3502801 -3.810169 1.570276 0.3502801 -3.810169 1.570276 0.3502801 -3.987915 1.740431 0.3502801 -3.987915 1.740431 0.3502801 -3.987915 1.740431 0.3502801 -4.15807 1.918177 0.3502801 -4.15807 1.918177 0.3502801 -4.15807 1.918177 0.3502801 -4.32031 2.103176 0.3502801 -4.32031 2.103176 0.3502801 -4.32031 2.103176 0.3502801 -4.474325 2.295076 0.3502801 -4.474325 2.295076 0.3502801 -4.474325 2.295076 0.3502801 -4.619824 2.493511 0.3502801 -4.619824 2.493511 0.3502801 -4.619824 2.493511 0.3502801 -4.756529 2.698104 0.3502801 -4.756529 2.698104 0.3502801 -4.756529 2.698104 0.3502801 -4.884179 2.908465 0.3502801 -4.884179 2.908465 0.3502801 -4.884179 2.908465 0.3502801 -5.002532 3.124193 0.3502801 -5.002532 3.124193 0.3502801 -5.002532 3.124193 0.3502801 -5.111362 3.344879 0.3502801 -5.111362 3.344879 0.3502801 -5.111362 3.344879 0.3502801 -5.210462 3.570102 0.3502801 -5.210462 3.570102 0.3502801 -5.210462 3.570102 0.3502801 -5.299644 3.799434 0.3502801 -5.299644 3.799434 0.3502801 -5.299644 3.799434 0.3502801 -5.378738 4.032437 0.3502801 -5.378738 4.032437 0.3502801 -5.378738 4.032437 0.3502801 -5.447593 4.268668 0.3502801 -5.447593 4.268668 0.3502801 -5.447593 4.268668 0.3502801 -5.506079 4.507678 0.3502801 -5.506079 4.507678 0.3502801 -5.506079 4.507678 0.3502801 -5.554083 4.749012 0.3502801 -5.554083 4.749012 0.3502801 -5.554083 4.749012 0.3502801 -5.591515 4.99221 0.3502801 -5.591515 4.99221 0.3502801 -5.591515 4.99221 0.3502801 -5.618303 5.236809 0.3502801 -5.618303 5.236809 0.3502801 -5.618303 5.236809 0.3502801 -5.634396 5.482343 0.3502801 -5.634396 5.482343 0.3502801 -5.634396 5.482343 0.3502801 -5.639764 5.728346 0.3502801 -5.639764 5.728346 0.3502801 -5.639764 5.728346 0.3502801 -5.634396 5.974349 0.3502801 -5.634396 5.974349 0.3502801 -5.634396 5.974349 0.3502801 -5.618303 6.219884 0.3502801 -5.618303 6.219884 0.3502801 -5.618303 6.219884 0.3502801 -5.591515 6.464483 0.3502801 -5.591515 6.464483 0.3502801 -5.591515 6.464483 0.3502801 -5.554083 6.707681 0.3502801 -5.554083 6.707681 0.3502801 -5.554083 6.707681 0.3502801 -5.506079 6.949015 0.3502801 -5.506079 6.949015 0.3502801 -5.506079 6.949015 0.3502801 -5.447593 7.188025 0.3502801 -5.447593 7.188025 0.3502801 -5.447593 7.188025 0.3502801 -5.378738 7.424256 0.3502801 -5.378738 7.424256 0.3502801 -5.378738 7.424256 0.3502801 -5.299644 7.657259 0.3502801 -5.299644 7.657259 0.3502801 -5.299644 7.657259 0.3502801 -5.210462 7.886591 0.3502801 -5.210462 7.886591 0.3502801 -5.210462 7.886591 0.3502801 -5.111362 8.111814 0.3502801 -5.111362 8.111814 0.3502801 -5.111362 8.111814 0.3502801 1.898616 0.5119425 0 1.898616 0.5119425 0.1968504 1.898616 0.5119425 0.1968504 1.898616 0.5119425 0 1.898616 0.5119425 0.1968504 1.671088 0.4283336 0.2427042 1.671088 0.4283336 0.2427042 1.671088 0.4283336 0.2427042 1.442895 0.3433904 0.2854331 1.442895 0.3433904 0.2854331 1.442895 0.3433904 0.2854331 -2.124345 0.5997239 0.1968504 -2.124345 0.5997239 0 -2.124345 0.5997239 0.1968504 -2.124345 0.5997239 0 -2.124345 0.5997239 0.1968504 -1.90068 0.5062698 0.2427042 -1.90068 0.5062698 0.2427042 -1.90068 0.5062698 0.2427042 -1.67641 0.4114538 0.2854331 -1.67641 0.4114538 0.2854331 -1.67641 0.4114538 0.2854331 -1.450182 0.3161949 0.3221252 -1.450182 0.3161949 0.3221252 -1.450182 0.3161949 0.3221252 1.450182 0.3161949 0.3221252 1.450182 0.3161949 0.3221252 1.450182 0.3161949 0.3221252 -4.969985 8.315557 0.3221252 -4.852402 8.529882 0.3221252 -4.852402 8.529882 0.3221252 -4.969985 8.315557 0.3221252 -4.969985 8.315557 0.3221252 -4.852402 8.529882 0.3221252 -4.725583 8.738875 0.3221252 -4.725583 8.738875 0.3221252 -4.725583 8.738875 0.3221252 -4.589768 8.942136 0.3221252 -4.589768 8.942136 0.3221252 -4.589768 8.942136 0.3221252 -4.445216 9.13928 0.3221252 -4.445216 9.13928 0.3221252 -4.445216 9.13928 0.3221252 -4.292202 9.329931 0.3221252 -4.292202 9.329931 0.3221252 -4.292202 9.329931 0.3221252 -4.131018 9.513727 0.3221252 -4.131018 9.513727 0.3221252 -4.131018 9.513727 0.3221252 -3.96197 9.690316 0.3221252 -3.96197 9.690316 0.3221252 -3.96197 9.690316 0.3221252 -3.78538 9.859364 0.3221252 -3.78538 9.859364 0.3221252 -3.78538 9.859364 0.3221252 -3.601585 10.02055 0.3221252 -3.601585 10.02055 0.3221252 -3.601585 10.02055 0.3221252 -3.410934 10.17356 0.3221252 -3.410934 10.17356 0.3221252 -3.410934 10.17356 0.3221252 -3.21379 10.31811 0.3221252 -3.21379 10.31811 0.3221252 -3.21379 10.31811 0.3221252 -3.010528 10.45393 0.3221252 -3.010528 10.45393 0.3221252 -3.010528 10.45393 0.3221252 -2.801536 10.58075 0.3221252 -2.801536 10.58075 0.3221252 -2.801536 10.58075 0.3221252 -2.587211 10.69833 0.3221252 -2.587211 10.69833 0.3221252 -2.587211 10.69833 0.3221252 -2.36796 10.80645 0.3221252 -2.36796 10.80645 0.3221252 -2.36796 10.80645 0.3221252 -2.144203 10.90491 0.3221252 -2.144203 10.90491 0.3221252 -2.144203 10.90491 0.3221252 -1.916363 10.99351 0.3221252 -1.916363 10.99351 0.3221252 -1.916363 10.99351 0.3221252 -1.684876 11.07209 0.3221252 -1.684876 11.07209 0.3221252 -1.684876 11.07209 0.3221252 -1.450182 11.1405 0.3221252 -1.450182 11.1405 0.3221252 -1.450182 11.1405 0.3221252 -1.212727 11.1986 0.3221252 -1.212727 11.1986 0.3221252 -1.212727 11.1986 0.3221252 -0.9729632 11.24629 0.3221252 -0.9729632 11.24629 0.3221252 -0.9729632 11.24629 0.3221252 -0.7313476 11.28348 0.3221252 -0.7313476 11.28348 0.3221252 -0.7313476 11.28348 0.3221252 -0.4883399 11.3101 0.3221252 -0.4883399 11.3101 0.3221252 -0.4883399 11.3101 0.3221252 -0.2444026 11.32609 0.3221252 -0.2444026 11.32609 0.3221252 -0.2444026 11.32609 0.3221252 -2.775558e-17 11.33142 0.3221252 -2.775558e-17 11.33142 0.3221252 -2.775558e-17 11.33142 0.3221252 0.2444026 11.32609 0.3221252 0.2444026 11.32609 0.3221252 0.2444026 11.32609 0.3221252 0.4883399 11.3101 0.3221252 0.4883399 11.3101 0.3221252 0.4883399 11.3101 0.3221252 0.7313476 11.28348 0.3221252 0.7313476 11.28348 0.3221252 0.7313476 11.28348 0.3221252 0.9729632 11.24629 0.3221252 0.9729632 11.24629 0.3221252 0.9729632 11.24629 0.3221252 1.212727 11.1986 0.3221252 1.212727 11.1986 0.3221252 1.212727 11.1986 0.3221252 1.450182 11.1405 0.3221252 1.450182 11.1405 0.3221252 1.450182 11.1405 0.3221252 1.684876 11.07209 0.3221252 1.684876 11.07209 0.3221252 1.684876 11.07209 0.3221252 1.916363 10.99351 0.3221252 1.916363 10.99351 0.3221252 1.916363 10.99351 0.3221252 2.144203 10.90491 0.3221252 2.144203 10.90491 0.3221252 2.144203 10.90491 0.3221252 2.36796 10.80645 0.3221252 2.36796 10.80645 0.3221252 2.36796 10.80645 0.3221252 2.587211 10.69833 0.3221252 2.587211 10.69833 0.3221252 2.587211 10.69833 0.3221252 2.801536 10.58075 0.3221252 2.801536 10.58075 0.3221252 2.801536 10.58075 0.3221252 3.010528 10.45393 0.3221252 3.010528 10.45393 0.3221252 3.010528 10.45393 0.3221252 3.21379 10.31811 0.3221252 3.21379 10.31811 0.3221252 3.21379 10.31811 0.3221252 3.410934 10.17356 0.3221252 3.410934 10.17356 0.3221252 3.410934 10.17356 0.3221252 3.601585 10.02055 0.3221252 3.601585 10.02055 0.3221252 3.601585 10.02055 0.3221252 3.78538 9.859364 0.3221252 3.78538 9.859364 0.3221252 3.78538 9.859364 0.3221252 3.96197 9.690316 0.3221252 3.96197 9.690316 0.3221252 3.96197 9.690316 0.3221252 4.131018 9.513727 0.3221252 4.131018 9.513727 0.3221252 4.131018 9.513727 0.3221252 4.292202 9.329931 0.3221252 4.292202 9.329931 0.3221252 4.292202 9.329931 0.3221252 4.445216 9.13928 0.3221252 4.445216 9.13928 0.3221252 4.445216 9.13928 0.3221252 4.589768 8.942136 0.3221252 4.589768 8.942136 0.3221252 4.589768 8.942136 0.3221252 4.725583 8.738875 0.3221252 4.725583 8.738875 0.3221252 4.725583 8.738875 0.3221252 4.852402 8.529882 0.3221252 4.852402 8.529882 0.3221252 4.852402 8.529882 0.3221252 4.969985 8.315557 0.3221252 4.969985 8.315557 0.3221252 4.969985 8.315557 0.3221252 5.078107 8.096307 0.3221252 5.078107 8.096307 0.3221252 5.078107 8.096307 0.3221252 5.176563 7.872549 0.3221252 5.176563 7.872549 0.3221252 5.176563 7.872549 0.3221252 5.265165 7.64471 0.3221252 5.265165 7.64471 0.3221252 5.265165 7.64471 0.3221252 5.343744 7.413223 0.3221252 5.343744 7.413223 0.3221252 5.343744 7.413223 0.3221252 5.412152 7.178528 0.3221252 5.412152 7.178528 0.3221252 5.412152 7.178528 0.3221252 5.470256 6.941073 0.3221252 5.470256 6.941073 0.3221252 5.470256 6.941073 0.3221252 5.517948 6.70131 0.3221252 5.517948 6.70131 0.3221252 5.517948 6.70131 0.3221252 5.555137 6.459694 0.3221252 5.555137 6.459694 0.3221252 5.555137 6.459694 0.3221252 5.58175 6.216686 0.3221252 5.58175 6.216686 0.3221252 5.58175 6.216686 0.3221252 5.597739 5.972749 0.3221252 5.597739 5.972749 0.3221252 5.597739 5.972749 0.3221252 5.603072 5.728346 0.3221252 5.603072 5.728346 0.3221252 5.603072 5.728346 0.3221252 5.597739 5.483944 0.3221252 5.597739 5.483944 0.3221252 5.597739 5.483944 0.3221252 5.58175 5.240007 0.3221252 5.58175 5.240007 0.3221252 5.58175 5.240007 0.3221252 5.555137 4.996999 0.3221252 5.555137 4.996999 0.3221252 5.555137 4.996999 0.3221252 5.517948 4.755383 0.3221252 5.517948 4.755383 0.3221252 5.517948 4.755383 0.3221252 5.470256 4.51562 0.3221252 5.470256 4.51562 0.3221252 5.470256 4.51562 0.3221252 5.412152 4.278165 0.3221252 5.412152 4.278165 0.3221252 5.412152 4.278165 0.3221252 5.343744 4.04347 0.3221252 5.343744 4.04347 0.3221252 5.343744 4.04347 0.3221252 5.265165 3.811983 0.3221252 5.265165 3.811983 0.3221252 5.265165 3.811983 0.3221252 5.176563 3.584144 0.3221252 5.176563 3.584144 0.3221252 5.176563 3.584144 0.3221252 5.078107 3.360386 0.3221252 5.078107 3.360386 0.3221252 5.078107 3.360386 0.3221252 4.969985 3.141136 0.3221252 4.969985 3.141136 0.3221252 4.969985 3.141136 0.3221252 4.852402 2.926811 0.3221252 4.852402 2.926811 0.3221252 4.852402 2.926811 0.3221252 4.725583 2.717818 0.3221252 4.725583 2.717818 0.3221252 4.725583 2.717818 0.3221252 4.589768 2.514557 0.3221252 4.589768 2.514557 0.3221252 4.589768 2.514557 0.3221252 4.445216 2.317413 0.3221252 4.445216 2.317413 0.3221252 4.445216 2.317413 0.3221252 4.292202 2.126761 0.3221252 4.292202 2.126761 0.3221252 4.292202 2.126761 0.3221252 4.131018 1.942966 0.3221252 4.131018 1.942966 0.3221252 4.131018 1.942966 0.3221252 3.96197 1.766377 0.3221252 3.96197 1.766377 0.3221252 3.96197 1.766377 0.3221252 3.78538 1.597329 0.3221252 3.78538 1.597329 0.3221252 3.78538 1.597329 0.3221252 3.601585 1.436145 0.3221252 3.601585 1.436145 0.3221252 3.601585 1.436145 0.3221252 3.410934 1.283131 0.3221252 3.410934 1.283131 0.3221252 3.410934 1.283131 0.3221252 3.21379 1.138579 0.3221252 3.21379 1.138579 0.3221252 3.21379 1.138579 0.3221252 3.010528 1.002764 0.3221252 3.010528 1.002764 0.3221252 3.010528 1.002764 0.3221252 2.801536 0.8759441 0.3221252 2.801536 0.8759441 0.3221252 2.801536 0.8759441 0.3221252 2.587211 0.7583612 0.3221252 2.587211 0.7583612 0.3221252 2.587211 0.7583612 0.3221252 2.36796 0.650239 0.3221252 2.36796 0.650239 0.3221252 2.36796 0.650239 0.3221252 2.144203 0.5517833 0.3221252 2.144203 0.5517833 0.3221252 2.144203 0.5517833 0.3221252 1.916363 0.4631814 0.3221252 1.916363 0.4631814 0.3221252 1.916363 0.4631814 0.3221252 1.684876 0.3846021 0.3221252 1.684876 0.3846021 0.3221252 1.684876 0.3846021 0.3221252 -1.684876 0.3846021 0.3221252 -1.684876 0.3846021 0.3221252 -1.684876 0.3846021 0.3221252 -1.916363 0.4631814 0.3221252 -1.916363 0.4631814 0.3221252 -1.916363 0.4631814 0.3221252 -2.144203 0.5517833 0.3221252 -2.144203 0.5517833 0.3221252 -2.144203 0.5517833 0.3221252 -2.36796 0.650239 0.3221252 -2.36796 0.650239 0.3221252 -2.36796 0.650239 0.3221252 -2.587211 0.7583612 0.3221252 -2.587211 0.7583612 0.3221252 -2.587211 0.7583612 0.3221252 -2.801536 0.8759441 0.3221252 -2.801536 0.8759441 0.3221252 -2.801536 0.8759441 0.3221252 -3.010528 1.002764 0.3221252 -3.010528 1.002764 0.3221252 -3.010528 1.002764 0.3221252 -3.21379 1.138579 0.3221252 -3.21379 1.138579 0.3221252 -3.21379 1.138579 0.3221252 -3.410934 1.283131 0.3221252 -3.410934 1.283131 0.3221252 -3.410934 1.283131 0.3221252 -3.601585 1.436145 0.3221252 -3.601585 1.436145 0.3221252 -3.601585 1.436145 0.3221252 -3.78538 1.597329 0.3221252 -3.78538 1.597329 0.3221252 -3.78538 1.597329 0.3221252 -3.96197 1.766377 0.3221252 -3.96197 1.766377 0.3221252 -3.96197 1.766377 0.3221252 -4.131018 1.942966 0.3221252 -4.131018 1.942966 0.3221252 -4.131018 1.942966 0.3221252 -4.292202 2.126761 0.3221252 -4.292202 2.126761 0.3221252 -4.292202 2.126761 0.3221252 -4.445216 2.317413 0.3221252 -4.445216 2.317413 0.3221252 -4.445216 2.317413 0.3221252 -4.589768 2.514557 0.3221252 -4.589768 2.514557 0.3221252 -4.589768 2.514557 0.3221252 -4.725583 2.717818 0.3221252 -4.725583 2.717818 0.3221252 -4.725583 2.717818 0.3221252 -4.852402 2.926811 0.3221252 -4.852402 2.926811 0.3221252 -4.852402 2.926811 0.3221252 -4.969985 3.141136 0.3221252 -4.969985 3.141136 0.3221252 -4.969985 3.141136 0.3221252 -5.078107 3.360386 0.3221252 -5.078107 3.360386 0.3221252 -5.078107 3.360386 0.3221252 -5.176563 3.584144 0.3221252 -5.176563 3.584144 0.3221252 -5.176563 3.584144 0.3221252 -5.265165 3.811983 0.3221252 -5.265165 3.811983 0.3221252 -5.265165 3.811983 0.3221252 -5.343744 4.04347 0.3221252 -5.343744 4.04347 0.3221252 -5.343744 4.04347 0.3221252 -5.412152 4.278165 0.3221252 -5.412152 4.278165 0.3221252 -5.412152 4.278165 0.3221252 -5.470256 4.51562 0.3221252 -5.470256 4.51562 0.3221252 -5.470256 4.51562 0.3221252 -5.517948 4.755383 0.3221252 -5.517948 4.755383 0.3221252 -5.517948 4.755383 0.3221252 -5.555137 4.996999 0.3221252 -5.555137 4.996999 0.3221252 -5.555137 4.996999 0.3221252 -5.58175 5.240007 0.3221252 -5.58175 5.240007 0.3221252 -5.58175 5.240007 0.3221252 -5.597739 5.483944 0.3221252 -5.597739 5.483944 0.3221252 -5.597739 5.483944 0.3221252 -5.603072 5.728346 0.3221252 -5.603072 5.728346 0.3221252 -5.603072 5.728346 0.3221252 -5.597739 5.972749 0.3221252 -5.597739 5.972749 0.3221252 -5.597739 5.972749 0.3221252 -5.58175 6.216686 0.3221252 -5.58175 6.216686 0.3221252 -5.58175 6.216686 0.3221252 -5.555137 6.459694 0.3221252 -5.555137 6.459694 0.3221252 -5.555137 6.459694 0.3221252 -5.517948 6.70131 0.3221252 -5.517948 6.70131 0.3221252 -5.517948 6.70131 0.3221252 -5.470256 6.941073 0.3221252 -5.470256 6.941073 0.3221252 -5.470256 6.941073 0.3221252 -5.412152 7.178528 0.3221252 -5.412152 7.178528 0.3221252 -5.412152 7.178528 0.3221252 -5.343744 7.413223 0.3221252 -5.343744 7.413223 0.3221252 -5.343744 7.413223 0.3221252 -5.265165 7.64471 0.3221252 -5.265165 7.64471 0.3221252 -5.265165 7.64471 0.3221252 -5.176563 7.872549 0.3221252 -5.176563 7.872549 0.3221252 -5.176563 7.872549 0.3221252 -5.078107 8.096307 0.3221252 -5.078107 8.096307 0.3221252 -5.078107 8.096307 0.3221252 2.124345 0.5997239 0 2.124345 0.5997239 0.1968504 2.124345 0.5997239 0.1968504 2.124345 0.5997239 0 2.124345 0.5997239 0.1968504 1.90068 0.5062698 0.2427042 1.90068 0.5062698 0.2427042 1.90068 0.5062698 0.2427042 1.67641 0.4114538 0.2854331 1.67641 0.4114538 0.2854331 1.67641 0.4114538 0.2854331 -2.346031 0.6972678 0.1968504 -2.346031 0.6972678 0 -2.346031 0.6972678 0.1968504 -2.346031 0.6972678 0 -2.346031 0.6972678 0.1968504 -2.126655 0.5941466 0.2427042 -2.126655 0.5941466 0.2427042 -2.126655 0.5941466 0.2427042 -1.906734 0.4896383 0.2854331 -1.906734 0.4896383 0.2854331 -1.906734 0.4896383 0.2854331 -4.82802 8.515805 0.2854331 -4.945012 8.302557 0.2854331 -4.82802 8.515805 0.2854331 -4.945012 8.302557 0.2854331 -4.945012 8.302557 0.2854331 -4.82802 8.515805 0.2854331 -4.701837 8.723747 0.2854331 -4.701837 8.723747 0.2854331 -4.701837 8.723747 0.2854331 -4.566704 8.925987 0.2854331 -4.566704 8.925987 0.2854331 -4.566704 8.925987 0.2854331 -4.422879 9.122141 0.2854331 -4.422879 9.122141 0.2854331 -4.422879 9.122141 0.2854331 -4.270634 9.311834 0.2854331 -4.270634 9.311834 0.2854331 -4.270634 9.311834 0.2854331 -4.11026 9.494706 0.2854331 -4.11026 9.494706 0.2854331 -4.11026 9.494706 0.2854331 -3.942061 9.670408 0.2854331 -3.942061 9.670408 0.2854331 -3.942061 9.670408 0.2854331 -3.766359 9.838606 0.2854331 -3.766359 9.838606 0.2854331 -3.766359 9.838606 0.2854331 -3.583487 9.99898 0.2854331 -3.583487 9.99898 0.2854331 -3.583487 9.99898 0.2854331 -3.393794 10.15123 0.2854331 -3.393794 10.15123 0.2854331 -3.393794 10.15123 0.2854331 -3.197641 10.29505 0.2854331 -3.197641 10.29505 0.2854331 -3.197641 10.29505 0.2854331 -2.995401 10.43018 0.2854331 -2.995401 10.43018 0.2854331 -2.995401 10.43018 0.2854331 -2.787458 10.55637 0.2854331 -2.787458 10.55637 0.2854331 -2.787458 10.55637 0.2854331 -2.57421 10.67336 0.2854331 -2.57421 10.67336 0.2854331 -2.57421 10.67336 0.2854331 -2.356062 10.78094 0.2854331 -2.356062 10.78094 0.2854331 -2.356062 10.78094 0.2854331 -2.133428 10.8789 0.2854331 -2.133428 10.8789 0.2854331 -2.133428 10.8789 0.2854331 -1.906734 10.96705 0.2854331 -1.906734 10.96705 0.2854331 -1.906734 10.96705 0.2854331 -1.67641 11.04524 0.2854331 -1.67641 11.04524 0.2854331 -1.67641 11.04524 0.2854331 -1.442895 11.1133 0.2854331 -1.442895 11.1133 0.2854331 -1.442895 11.1133 0.2854331 -1.206633 11.17112 0.2854331 -1.206633 11.17112 0.2854331 -1.206633 11.17112 0.2854331 -0.9680741 11.21857 0.2854331 -0.9680741 11.21857 0.2854331 -0.9680741 11.21857 0.2854331 -0.7276727 11.25557 0.2854331 -0.7276727 11.25557 0.2854331 -0.7276727 11.25557 0.2854331 -0.485886 11.28205 0.2854331 -0.485886 11.28205 0.2854331 -0.485886 11.28205 0.2854331 -0.2431745 11.29796 0.2854331 -0.2431745 11.29796 0.2854331 -0.2431745 11.29796 0.2854331 0 11.30326 0.2854331 0 11.30326 0.2854331 0 11.30326 0.2854331 0.2431745 11.29796 0.2854331 0.2431745 11.29796 0.2854331 0.2431745 11.29796 0.2854331 0.485886 11.28205 0.2854331 0.485886 11.28205 0.2854331 0.485886 11.28205 0.2854331 0.7276727 11.25557 0.2854331 0.7276727 11.25557 0.2854331 0.7276727 11.25557 0.2854331 0.9680741 11.21857 0.2854331 0.9680741 11.21857 0.2854331 0.9680741 11.21857 0.2854331 1.206633 11.17112 0.2854331 1.206633 11.17112 0.2854331 1.206633 11.17112 0.2854331 1.442895 11.1133 0.2854331 1.442895 11.1133 0.2854331 1.442895 11.1133 0.2854331 1.67641 11.04524 0.2854331 1.67641 11.04524 0.2854331 1.67641 11.04524 0.2854331 1.906734 10.96705 0.2854331 1.906734 10.96705 0.2854331 1.906734 10.96705 0.2854331 2.133428 10.8789 0.2854331 2.133428 10.8789 0.2854331 2.133428 10.8789 0.2854331 2.356062 10.78094 0.2854331 2.356062 10.78094 0.2854331 2.356062 10.78094 0.2854331 2.57421 10.67336 0.2854331 2.57421 10.67336 0.2854331 2.57421 10.67336 0.2854331 2.787458 10.55637 0.2854331 2.787458 10.55637 0.2854331 2.787458 10.55637 0.2854331 2.995401 10.43018 0.2854331 2.995401 10.43018 0.2854331 2.995401 10.43018 0.2854331 3.197641 10.29505 0.2854331 3.197641 10.29505 0.2854331 3.197641 10.29505 0.2854331 3.393794 10.15123 0.2854331 3.393794 10.15123 0.2854331 3.393794 10.15123 0.2854331 3.583487 9.99898 0.2854331 3.583487 9.99898 0.2854331 3.583487 9.99898 0.2854331 3.766359 9.838606 0.2854331 3.766359 9.838606 0.2854331 3.766359 9.838606 0.2854331 3.942061 9.670408 0.2854331 3.942061 9.670408 0.2854331 3.942061 9.670408 0.2854331 4.11026 9.494706 0.2854331 4.11026 9.494706 0.2854331 4.11026 9.494706 0.2854331 4.270634 9.311834 0.2854331 4.270634 9.311834 0.2854331 4.270634 9.311834 0.2854331 4.422879 9.122141 0.2854331 4.422879 9.122141 0.2854331 4.422879 9.122141 0.2854331 4.566704 8.925987 0.2854331 4.566704 8.925987 0.2854331 4.566704 8.925987 0.2854331 4.701837 8.723747 0.2854331 4.701837 8.723747 0.2854331 4.701837 8.723747 0.2854331 4.82802 8.515805 0.2854331 4.82802 8.515805 0.2854331 4.82802 8.515805 0.2854331 4.945012 8.302557 0.2854331 4.945012 8.302557 0.2854331 4.945012 8.302557 0.2854331 5.05259 8.084408 0.2854331 5.05259 8.084408 0.2854331 5.05259 8.084408 0.2854331 5.150551 7.861775 0.2854331 5.150551 7.861775 0.2854331 5.150551 7.861775 0.2854331 5.238708 7.63508 0.2854331 5.238708 7.63508 0.2854331 5.238708 7.63508 0.2854331 5.316893 7.404756 0.2854331 5.316893 7.404756 0.2854331 5.316893 7.404756 0.2854331 5.384956 7.171241 0.2854331 5.384956 7.171241 0.2854331 5.384956 7.171241 0.2854331 5.442769 6.934979 0.2854331 5.442769 6.934979 0.2854331 5.442769 6.934979 0.2854331 5.490221 6.696421 0.2854331 5.490221 6.696421 0.2854331 5.490221 6.696421 0.2854331 5.527223 6.456019 0.2854331 5.527223 6.456019 0.2854331 5.527223 6.456019 0.2854331 5.553703 6.214232 0.2854331 5.553703 6.214232 0.2854331 5.553703 6.214232 0.2854331 5.569611 5.971521 0.2854331 5.569611 5.971521 0.2854331 5.569611 5.971521 0.2854331 5.574917 5.728346 0.2854331 5.574917 5.728346 0.2854331 5.574917 5.728346 0.2854331 5.569611 5.485172 0.2854331 5.569611 5.485172 0.2854331 5.569611 5.485172 0.2854331 5.553703 5.24246 0.2854331 5.553703 5.24246 0.2854331 5.553703 5.24246 0.2854331 5.527223 5.000674 0.2854331 5.527223 5.000674 0.2854331 5.527223 5.000674 0.2854331 5.490221 4.760272 0.2854331 5.490221 4.760272 0.2854331 5.490221 4.760272 0.2854331 5.442769 4.521714 0.2854331 5.442769 4.521714 0.2854331 5.442769 4.521714 0.2854331 5.384956 4.285452 0.2854331 5.384956 4.285452 0.2854331 5.384956 4.285452 0.2854331 5.316893 4.051937 0.2854331 5.316893 4.051937 0.2854331 5.316893 4.051937 0.2854331 5.238708 3.821613 0.2854331 5.238708 3.821613 0.2854331 5.238708 3.821613 0.2854331 5.150551 3.594918 0.2854331 5.150551 3.594918 0.2854331 5.150551 3.594918 0.2854331 5.05259 3.372285 0.2854331 5.05259 3.372285 0.2854331 5.05259 3.372285 0.2854331 4.945012 3.154136 0.2854331 4.945012 3.154136 0.2854331 4.945012 3.154136 0.2854331 4.82802 2.940888 0.2854331 4.82802 2.940888 0.2854331 4.82802 2.940888 0.2854331 4.701837 2.732946 0.2854331 4.701837 2.732946 0.2854331 4.701837 2.732946 0.2854331 4.566704 2.530706 0.2854331 4.566704 2.530706 0.2854331 4.566704 2.530706 0.2854331 4.422879 2.334552 0.2854331 4.422879 2.334552 0.2854331 4.422879 2.334552 0.2854331 4.270634 2.144859 0.2854331 4.270634 2.144859 0.2854331 4.270634 2.144859 0.2854331 4.11026 1.961987 0.2854331 4.11026 1.961987 0.2854331 4.11026 1.961987 0.2854331 3.942061 1.786285 0.2854331 3.942061 1.786285 0.2854331 3.942061 1.786285 0.2854331 3.766359 1.618087 0.2854331 3.766359 1.618087 0.2854331 3.766359 1.618087 0.2854331 3.583487 1.457712 0.2854331 3.583487 1.457712 0.2854331 3.583487 1.457712 0.2854331 3.393794 1.305468 0.2854331 3.393794 1.305468 0.2854331 3.393794 1.305468 0.2854331 3.197641 1.161642 0.2854331 3.197641 1.161642 0.2854331 3.197641 1.161642 0.2854331 2.995401 1.026509 0.2854331 2.995401 1.026509 0.2854331 2.995401 1.026509 0.2854331 2.787458 0.9003269 0.2854331 2.787458 0.9003269 0.2854331 2.787458 0.9003269 0.2854331 2.57421 0.7833349 0.2854331 2.57421 0.7833349 0.2854331 2.57421 0.7833349 0.2854331 2.356062 0.675756 0.2854331 2.356062 0.675756 0.2854331 2.356062 0.675756 0.2854331 2.133428 0.577795 0.2854331 2.133428 0.577795 0.2854331 2.133428 0.577795 0.2854331 1.906734 0.4896383 0.2854331 1.906734 0.4896383 0.2854331 1.906734 0.4896383 0.2854331 -2.133428 0.577795 0.2854331 -2.133428 0.577795 0.2854331 -2.133428 0.577795 0.2854331 -2.356062 0.675756 0.2854331 -2.356062 0.675756 0.2854331 -2.356062 0.675756 0.2854331 -2.57421 0.7833349 0.2854331 -2.57421 0.7833349 0.2854331 -2.57421 0.7833349 0.2854331 -2.787458 0.9003269 0.2854331 -2.787458 0.9003269 0.2854331 -2.787458 0.9003269 0.2854331 -2.995401 1.026509 0.2854331 -2.995401 1.026509 0.2854331 -2.995401 1.026509 0.2854331 -3.197641 1.161642 0.2854331 -3.197641 1.161642 0.2854331 -3.197641 1.161642 0.2854331 -3.393794 1.305468 0.2854331 -3.393794 1.305468 0.2854331 -3.393794 1.305468 0.2854331 -3.583487 1.457712 0.2854331 -3.583487 1.457712 0.2854331 -3.583487 1.457712 0.2854331 -3.766359 1.618087 0.2854331 -3.766359 1.618087 0.2854331 -3.766359 1.618087 0.2854331 -3.942061 1.786285 0.2854331 -3.942061 1.786285 0.2854331 -3.942061 1.786285 0.2854331 -4.11026 1.961987 0.2854331 -4.11026 1.961987 0.2854331 -4.11026 1.961987 0.2854331 -4.270634 2.144859 0.2854331 -4.270634 2.144859 0.2854331 -4.270634 2.144859 0.2854331 -4.422879 2.334552 0.2854331 -4.422879 2.334552 0.2854331 -4.422879 2.334552 0.2854331 -4.566704 2.530706 0.2854331 -4.566704 2.530706 0.2854331 -4.566704 2.530706 0.2854331 -4.701837 2.732946 0.2854331 -4.701837 2.732946 0.2854331 -4.701837 2.732946 0.2854331 -4.82802 2.940888 0.2854331 -4.82802 2.940888 0.2854331 -4.82802 2.940888 0.2854331 -4.945012 3.154136 0.2854331 -4.945012 3.154136 0.2854331 -4.945012 3.154136 0.2854331 -5.05259 3.372285 0.2854331 -5.05259 3.372285 0.2854331 -5.05259 3.372285 0.2854331 -5.150551 3.594918 0.2854331 -5.150551 3.594918 0.2854331 -5.150551 3.594918 0.2854331 -5.238708 3.821613 0.2854331 -5.238708 3.821613 0.2854331 -5.238708 3.821613 0.2854331 -5.316893 4.051937 0.2854331 -5.316893 4.051937 0.2854331 -5.316893 4.051937 0.2854331 -5.384956 4.285452 0.2854331 -5.384956 4.285452 0.2854331 -5.384956 4.285452 0.2854331 -5.442769 4.521714 0.2854331 -5.442769 4.521714 0.2854331 -5.442769 4.521714 0.2854331 -5.490221 4.760272 0.2854331 -5.490221 4.760272 0.2854331 -5.490221 4.760272 0.2854331 -5.527223 5.000674 0.2854331 -5.527223 5.000674 0.2854331 -5.527223 5.000674 0.2854331 -5.553703 5.24246 0.2854331 -5.553703 5.24246 0.2854331 -5.553703 5.24246 0.2854331 -5.569611 5.485172 0.2854331 -5.569611 5.485172 0.2854331 -5.569611 5.485172 0.2854331 -5.574917 5.728346 0.2854331 -5.574917 5.728346 0.2854331 -5.574917 5.728346 0.2854331 -5.569611 5.971521 0.2854331 -5.569611 5.971521 0.2854331 -5.569611 5.971521 0.2854331 -5.553703 6.214232 0.2854331 -5.553703 6.214232 0.2854331 -5.553703 6.214232 0.2854331 -5.527223 6.456019 0.2854331 -5.527223 6.456019 0.2854331 -5.527223 6.456019 0.2854331 -5.490221 6.696421 0.2854331 -5.490221 6.696421 0.2854331 -5.490221 6.696421 0.2854331 -5.442769 6.934979 0.2854331 -5.442769 6.934979 0.2854331 -5.442769 6.934979 0.2854331 -5.384956 7.171241 0.2854331 -5.384956 7.171241 0.2854331 -5.384956 7.171241 0.2854331 -5.316893 7.404756 0.2854331 -5.316893 7.404756 0.2854331 -5.316893 7.404756 0.2854331 -5.238708 7.63508 0.2854331 -5.238708 7.63508 0.2854331 -5.238708 7.63508 0.2854331 -5.150551 7.861775 0.2854331 -5.150551 7.861775 0.2854331 -5.150551 7.861775 0.2854331 -5.05259 8.084408 0.2854331 -5.05259 8.084408 0.2854331 -5.05259 8.084408 0.2854331 2.346031 0.6972678 0 2.346031 0.6972678 0.1968504 2.346031 0.6972678 0.1968504 2.346031 0.6972678 0 2.346031 0.6972678 0.1968504 2.126655 0.5941466 0.2427042 2.126655 0.5941466 0.2427042 2.126655 0.5941466 0.2427042 -2.56325 0.8043887 0.1968504 -2.56325 0.8043887 0 -2.56325 0.8043887 0.1968504 -2.56325 0.8043887 0 -2.56325 0.8043887 0.1968504 -2.348582 0.6917966 0.2427042 -2.348582 0.6917966 0.2427042 -2.348582 0.6917966 0.2427042 -4.812692 8.506955 0.2427042 -4.929312 8.294384 0.2427042 -4.812692 8.506955 0.2427042 -4.929312 8.294384 0.2427042 -4.929312 8.294384 0.2427042 -4.812692 8.506955 0.2427042 -4.68691 8.714237 0.2427042 -4.68691 8.714237 0.2427042 -4.68691 8.714237 0.2427042 -4.552206 8.915836 0.2427042 -4.552206 8.915836 0.2427042 -4.552206 8.915836 0.2427042 -4.408837 9.111366 0.2427042 -4.408837 9.111366 0.2427042 -4.408837 9.111366 0.2427042 -4.257076 9.300457 0.2427042 -4.257076 9.300457 0.2427042 -4.257076 9.300457 0.2427042 -4.097211 9.482748 0.2427042 -4.097211 9.482748 0.2427042 -4.097211 9.482748 0.2427042 -3.929546 9.657893 0.2427042 -3.929546 9.657893 0.2427042 -3.929546 9.657893 0.2427042 -3.754402 9.825557 0.2427042 -3.754402 9.825557 0.2427042 -3.754402 9.825557 0.2427042 -3.572111 9.985422 0.2427042 -3.572111 9.985422 0.2427042 -3.572111 9.985422 0.2427042 -3.38302 10.13718 0.2427042 -3.38302 10.13718 0.2427042 -3.38302 10.13718 0.2427042 -3.187489 10.28055 0.2427042 -3.187489 10.28055 0.2427042 -3.187489 10.28055 0.2427042 -2.985891 10.41526 0.2427042 -2.985891 10.41526 0.2427042 -2.985891 10.41526 0.2427042 -2.778609 10.54104 0.2427042 -2.778609 10.54104 0.2427042 -2.778609 10.54104 0.2427042 -2.566038 10.65766 0.2427042 -2.566038 10.65766 0.2427042 -2.566038 10.65766 0.2427042 -2.348582 10.7649 0.2427042 -2.348582 10.7649 0.2427042 -2.348582 10.7649 0.2427042 -2.126655 10.86255 0.2427042 -2.126655 10.86255 0.2427042 -2.126655 10.86255 0.2427042 -1.90068 10.95042 0.2427042 -1.90068 10.95042 0.2427042 -1.90068 10.95042 0.2427042 -1.671088 11.02836 0.2427042 -1.671088 11.02836 0.2427042 -1.671088 11.02836 0.2427042 -1.438314 11.09621 0.2427042 -1.438314 11.09621 0.2427042 -1.438314 11.09621 0.2427042 -1.202802 11.15384 0.2427042 -1.202802 11.15384 0.2427042 -1.202802 11.15384 0.2427042 -0.9650008 11.20114 0.2427042 -0.9650008 11.20114 0.2427042 -0.9650008 11.20114 0.2427042 -0.7253625 11.23802 0.2427042 -0.7253625 11.23802 0.2427042 -0.7253625 11.23802 0.2427042 -0.4843435 11.26442 0.2427042 -0.4843435 11.26442 0.2427042 -0.4843435 11.26442 0.2427042 -0.2424024 11.28028 0.2427042 -0.2424024 11.28028 0.2427042 -0.2424024 11.28028 0.2427042 -2.775558e-17 11.28556 0.2427042 -2.775558e-17 11.28556 0.2427042 -2.775558e-17 11.28556 0.2427042 0.2424024 11.28028 0.2427042 0.2424024 11.28028 0.2427042 0.2424024 11.28028 0.2427042 0.4843435 11.26442 0.2427042 0.4843435 11.26442 0.2427042 0.4843435 11.26442 0.2427042 0.7253625 11.23802 0.2427042 0.7253625 11.23802 0.2427042 0.7253625 11.23802 0.2427042 0.9650008 11.20114 0.2427042 0.9650008 11.20114 0.2427042 0.9650008 11.20114 0.2427042 1.202802 11.15384 0.2427042 1.202802 11.15384 0.2427042 1.202802 11.15384 0.2427042 1.438314 11.09621 0.2427042 1.438314 11.09621 0.2427042 1.438314 11.09621 0.2427042 1.671088 11.02836 0.2427042 1.671088 11.02836 0.2427042 1.671088 11.02836 0.2427042 1.90068 10.95042 0.2427042 1.90068 10.95042 0.2427042 1.90068 10.95042 0.2427042 2.126655 10.86255 0.2427042 2.126655 10.86255 0.2427042 2.126655 10.86255 0.2427042 2.348582 10.7649 0.2427042 2.348582 10.7649 0.2427042 2.348582 10.7649 0.2427042 2.566038 10.65766 0.2427042 2.566038 10.65766 0.2427042 2.566038 10.65766 0.2427042 2.778609 10.54104 0.2427042 2.778609 10.54104 0.2427042 2.778609 10.54104 0.2427042 2.985891 10.41526 0.2427042 2.985891 10.41526 0.2427042 2.985891 10.41526 0.2427042 3.187489 10.28055 0.2427042 3.187489 10.28055 0.2427042 3.187489 10.28055 0.2427042 3.38302 10.13718 0.2427042 3.38302 10.13718 0.2427042 3.38302 10.13718 0.2427042 3.572111 9.985422 0.2427042 3.572111 9.985422 0.2427042 3.572111 9.985422 0.2427042 3.754402 9.825557 0.2427042 3.754402 9.825557 0.2427042 3.754402 9.825557 0.2427042 3.929546 9.657893 0.2427042 3.929546 9.657893 0.2427042 3.929546 9.657893 0.2427042 4.097211 9.482748 0.2427042 4.097211 9.482748 0.2427042 4.097211 9.482748 0.2427042 4.257076 9.300457 0.2427042 4.257076 9.300457 0.2427042 4.257076 9.300457 0.2427042 4.408837 9.111366 0.2427042 4.408837 9.111366 0.2427042 4.408837 9.111366 0.2427042 4.552206 8.915836 0.2427042 4.552206 8.915836 0.2427042 4.552206 8.915836 0.2427042 4.68691 8.714237 0.2427042 4.68691 8.714237 0.2427042 4.68691 8.714237 0.2427042 4.812692 8.506955 0.2427042 4.812692 8.506955 0.2427042 4.812692 8.506955 0.2427042 4.929312 8.294384 0.2427042 4.929312 8.294384 0.2427042 4.929312 8.294384 0.2427042 5.03655 8.076928 0.2427042 5.03655 8.076928 0.2427042 5.03655 8.076928 0.2427042 5.1342 7.855002 0.2427042 5.1342 7.855002 0.2427042 5.1342 7.855002 0.2427042 5.222077 7.629027 0.2427042 5.222077 7.629027 0.2427042 5.222077 7.629027 0.2427042 5.300013 7.399434 0.2427042 5.300013 7.399434 0.2427042 5.300013 7.399434 0.2427042 5.36786 7.16666 0.2427042 5.36786 7.16666 0.2427042 5.36786 7.16666 0.2427042 5.42549 6.931149 0.2427042 5.42549 6.931149 0.2427042 5.42549 6.931149 0.2427042 5.472791 6.693347 0.2427042 5.472791 6.693347 0.2427042 5.472791 6.693347 0.2427042 5.509675 6.453709 0.2427042 5.509675 6.453709 0.2427042 5.509675 6.453709 0.2427042 5.536071 6.21269 0.2427042 5.536071 6.21269 0.2427042 5.536071 6.21269 0.2427042 5.551929 5.970749 0.2427042 5.551929 5.970749 0.2427042 5.551929 5.970749 0.2427042 5.557218 5.728346 0.2427042 5.557218 5.728346 0.2427042 5.557218 5.728346 0.2427042 5.551929 5.485944 0.2427042 5.551929 5.485944 0.2427042 5.551929 5.485944 0.2427042 5.536071 5.244003 0.2427042 5.536071 5.244003 0.2427042 5.536071 5.244003 0.2427042 5.509675 5.002984 0.2427042 5.509675 5.002984 0.2427042 5.509675 5.002984 0.2427042 5.472791 4.763346 0.2427042 5.472791 4.763346 0.2427042 5.472791 4.763346 0.2427042 5.42549 4.525544 0.2427042 5.42549 4.525544 0.2427042 5.42549 4.525544 0.2427042 5.36786 4.290033 0.2427042 5.36786 4.290033 0.2427042 5.36786 4.290033 0.2427042 5.300013 4.057259 0.2427042 5.300013 4.057259 0.2427042 5.300013 4.057259 0.2427042 5.222077 3.827666 0.2427042 5.222077 3.827666 0.2427042 5.222077 3.827666 0.2427042 5.1342 3.601691 0.2427042 5.1342 3.601691 0.2427042 5.1342 3.601691 0.2427042 5.03655 3.379765 0.2427042 5.03655 3.379765 0.2427042 5.03655 3.379765 0.2427042 4.929312 3.162309 0.2427042 4.929312 3.162309 0.2427042 4.929312 3.162309 0.2427042 4.812692 2.949738 0.2427042 4.812692 2.949738 0.2427042 4.812692 2.949738 0.2427042 4.68691 2.742455 0.2427042 4.68691 2.742455 0.2427042 4.68691 2.742455 0.2427042 4.552206 2.540857 0.2427042 4.552206 2.540857 0.2427042 4.552206 2.540857 0.2427042 4.408837 2.345327 0.2427042 4.408837 2.345327 0.2427042 4.408837 2.345327 0.2427042 4.257076 2.156236 0.2427042 4.257076 2.156236 0.2427042 4.257076 2.156236 0.2427042 4.097211 1.973944 0.2427042 4.097211 1.973944 0.2427042 4.097211 1.973944 0.2427042 3.929546 1.7988 0.2427042 3.929546 1.7988 0.2427042 3.929546 1.7988 0.2427042 3.754402 1.631136 0.2427042 3.754402 1.631136 0.2427042 3.754402 1.631136 0.2427042 3.572111 1.471271 0.2427042 3.572111 1.471271 0.2427042 3.572111 1.471271 0.2427042 3.38302 1.319509 0.2427042 3.38302 1.319509 0.2427042 3.38302 1.319509 0.2427042 3.187489 1.17614 0.2427042 3.187489 1.17614 0.2427042 3.187489 1.17614 0.2427042 2.985891 1.041436 0.2427042 2.985891 1.041436 0.2427042 2.985891 1.041436 0.2427042 2.778609 0.9156546 0.2427042 2.778609 0.9156546 0.2427042 2.778609 0.9156546 0.2427042 2.566038 0.799034 0.2427042 2.566038 0.799034 0.2427042 2.566038 0.799034 0.2427042 2.348582 0.6917966 0.2427042 2.348582 0.6917966 0.2427042 2.348582 0.6917966 0.2427042 -2.566038 0.799034 0.2427042 -2.566038 0.799034 0.2427042 -2.566038 0.799034 0.2427042 -2.778609 0.9156546 0.2427042 -2.778609 0.9156546 0.2427042 -2.778609 0.9156546 0.2427042 -2.985891 1.041436 0.2427042 -2.985891 1.041436 0.2427042 -2.985891 1.041436 0.2427042 -3.187489 1.17614 0.2427042 -3.187489 1.17614 0.2427042 -3.187489 1.17614 0.2427042 -3.38302 1.319509 0.2427042 -3.38302 1.319509 0.2427042 -3.38302 1.319509 0.2427042 -3.572111 1.471271 0.2427042 -3.572111 1.471271 0.2427042 -3.572111 1.471271 0.2427042 -3.754402 1.631136 0.2427042 -3.754402 1.631136 0.2427042 -3.754402 1.631136 0.2427042 -3.929546 1.7988 0.2427042 -3.929546 1.7988 0.2427042 -3.929546 1.7988 0.2427042 -4.097211 1.973944 0.2427042 -4.097211 1.973944 0.2427042 -4.097211 1.973944 0.2427042 -4.257076 2.156236 0.2427042 -4.257076 2.156236 0.2427042 -4.257076 2.156236 0.2427042 -4.408837 2.345327 0.2427042 -4.408837 2.345327 0.2427042 -4.408837 2.345327 0.2427042 -4.552206 2.540857 0.2427042 -4.552206 2.540857 0.2427042 -4.552206 2.540857 0.2427042 -4.68691 2.742455 0.2427042 -4.68691 2.742455 0.2427042 -4.68691 2.742455 0.2427042 -4.812692 2.949738 0.2427042 -4.812692 2.949738 0.2427042 -4.812692 2.949738 0.2427042 -4.929312 3.162309 0.2427042 -4.929312 3.162309 0.2427042 -4.929312 3.162309 0.2427042 -5.03655 3.379765 0.2427042 -5.03655 3.379765 0.2427042 -5.03655 3.379765 0.2427042 -5.1342 3.601691 0.2427042 -5.1342 3.601691 0.2427042 -5.1342 3.601691 0.2427042 -5.222077 3.827666 0.2427042 -5.222077 3.827666 0.2427042 -5.222077 3.827666 0.2427042 -5.300013 4.057259 0.2427042 -5.300013 4.057259 0.2427042 -5.300013 4.057259 0.2427042 -5.36786 4.290033 0.2427042 -5.36786 4.290033 0.2427042 -5.36786 4.290033 0.2427042 -5.42549 4.525544 0.2427042 -5.42549 4.525544 0.2427042 -5.42549 4.525544 0.2427042 -5.472791 4.763346 0.2427042 -5.472791 4.763346 0.2427042 -5.472791 4.763346 0.2427042 -5.509675 5.002984 0.2427042 -5.509675 5.002984 0.2427042 -5.509675 5.002984 0.2427042 -5.536071 5.244003 0.2427042 -5.536071 5.244003 0.2427042 -5.536071 5.244003 0.2427042 -5.551929 5.485944 0.2427042 -5.551929 5.485944 0.2427042 -5.551929 5.485944 0.2427042 -5.557218 5.728346 0.2427042 -5.557218 5.728346 0.2427042 -5.557218 5.728346 0.2427042 -5.551929 5.970749 0.2427042 -5.551929 5.970749 0.2427042 -5.551929 5.970749 0.2427042 -5.536071 6.21269 0.2427042 -5.536071 6.21269 0.2427042 -5.536071 6.21269 0.2427042 -5.509675 6.453709 0.2427042 -5.509675 6.453709 0.2427042 -5.509675 6.453709 0.2427042 -5.472791 6.693347 0.2427042 -5.472791 6.693347 0.2427042 -5.472791 6.693347 0.2427042 -5.42549 6.931149 0.2427042 -5.42549 6.931149 0.2427042 -5.42549 6.931149 0.2427042 -5.36786 7.16666 0.2427042 -5.36786 7.16666 0.2427042 -5.36786 7.16666 0.2427042 -5.300013 7.399434 0.2427042 -5.300013 7.399434 0.2427042 -5.300013 7.399434 0.2427042 -5.222077 7.629027 0.2427042 -5.222077 7.629027 0.2427042 -5.222077 7.629027 0.2427042 -5.1342 7.855002 0.2427042 -5.1342 7.855002 0.2427042 -5.1342 7.855002 0.2427042 -5.03655 8.076928 0.2427042 -5.03655 8.076928 0.2427042 -5.03655 8.076928 0.2427042 2.56325 0.8043887 0 2.56325 0.8043887 0.1968504 2.56325 0.8043887 0.1968504 2.56325 0.8043887 0 2.56325 0.8043887 0.1968504 -2.775591 0.9208826 0.1968504 -2.775591 0.9208826 0 -2.775591 0.9208826 0.1968504 -2.775591 0.9208826 0 -2.775591 0.9208826 0.1968504 -4.807464 8.503937 0.1968504 -4.923958 8.291597 0.1968504 -4.807464 8.503937 0.1968504 -4.923958 8.291597 0.1968504 -4.923958 8.291597 0.1968504 -4.807464 8.503937 0.1968504 -4.681819 8.710994 0.1968504 -4.681819 8.710994 0.1968504 -4.681819 8.710994 0.1968504 -4.547261 8.912373 0.1968504 -4.547261 8.912373 0.1968504 -4.547261 8.912373 0.1968504 -4.404048 9.107691 0.1968504 -4.404048 9.107691 0.1968504 -4.404048 9.107691 0.1968504 -4.252451 9.296577 0.1968504 -4.252451 9.296577 0.1968504 -4.252451 9.296577 0.1968504 -4.09276 9.47867 0.1968504 -4.09276 9.47867 0.1968504 -4.09276 9.47867 0.1968504 -3.925278 9.653624 0.1968504 -3.925278 9.653624 0.1968504 -3.925278 9.653624 0.1968504 -3.750324 9.821106 0.1968504 -3.750324 9.821106 0.1968504 -3.750324 9.821106 0.1968504 -3.56823 9.980798 0.1968504 -3.56823 9.980798 0.1968504 -3.56823 9.980798 0.1968504 -3.379345 10.13239 0.1968504 -3.379345 10.13239 0.1968504 -3.379345 10.13239 0.1968504 -3.184027 10.27561 0.1968504 -3.184027 10.27561 0.1968504 -3.184027 10.27561 0.1968504 -2.982647 10.41017 0.1968504 -2.982647 10.41017 0.1968504 -2.982647 10.41017 0.1968504 -2.775591 10.53581 0.1968504 -2.775591 10.53581 0.1968504 -2.775591 10.53581 0.1968504 -2.56325 10.6523 0.1968504 -2.56325 10.6523 0.1968504 -2.56325 10.6523 0.1968504 -2.346031 10.75943 0.1968504 -2.346031 10.75943 0.1968504 -2.346031 10.75943 0.1968504 -2.124345 10.85697 0.1968504 -2.124345 10.85697 0.1968504 -2.124345 10.85697 0.1968504 -1.898616 10.94475 0.1968504 -1.898616 10.94475 0.1968504 -1.898616 10.94475 0.1968504 -1.669272 11.0226 0.1968504 -1.669272 11.0226 0.1968504 -1.669272 11.0226 0.1968504 -1.436751 11.09038 0.1968504 -1.436751 11.09038 0.1968504 -1.436751 11.09038 0.1968504 -1.201495 11.14794 0.1968504 -1.201495 11.14794 0.1968504 -1.201495 11.14794 0.1968504 -0.9639525 11.19519 0.1968504 -0.9639525 11.19519 0.1968504 -0.9639525 11.19519 0.1968504 -0.7245745 11.23204 0.1968504 -0.7245745 11.23204 0.1968504 -0.7245745 11.23204 0.1968504 -0.4838173 11.2584 0.1968504 -0.4838173 11.2584 0.1968504 -0.4838173 11.2584 0.1968504 -0.2421391 11.27424 0.1968504 -0.2421391 11.27424 0.1968504 -0.2421391 11.27424 0.1968504 0 11.27953 0.1968504 0 11.27953 0.1968504 0 11.27953 0.1968504 0.2421391 11.27424 0.1968504 0.2421391 11.27424 0.1968504 0.2421391 11.27424 0.1968504 0.4838173 11.2584 0.1968504 0.4838173 11.2584 0.1968504 0.4838173 11.2584 0.1968504 0.7245745 11.23204 0.1968504 0.7245745 11.23204 0.1968504 0.7245745 11.23204 0.1968504 0.9639525 11.19519 0.1968504 0.9639525 11.19519 0.1968504 0.9639525 11.19519 0.1968504 1.201495 11.14794 0.1968504 1.201495 11.14794 0.1968504 1.201495 11.14794 0.1968504 1.436751 11.09038 0.1968504 1.436751 11.09038 0.1968504 1.436751 11.09038 0.1968504 1.669272 11.0226 0.1968504 1.669272 11.0226 0.1968504 1.669272 11.0226 0.1968504 1.898616 10.94475 0.1968504 1.898616 10.94475 0.1968504 1.898616 10.94475 0.1968504 2.124345 10.85697 0.1968504 2.124345 10.85697 0.1968504 2.124345 10.85697 0.1968504 2.346031 10.75943 0.1968504 2.346031 10.75943 0.1968504 2.346031 10.75943 0.1968504 2.56325 10.6523 0.1968504 2.56325 10.6523 0.1968504 2.56325 10.6523 0.1968504 2.775591 10.53581 0.1968504 2.775591 10.53581 0.1968504 2.775591 10.53581 0.1968504 2.982647 10.41017 0.1968504 2.982647 10.41017 0.1968504 2.982647 10.41017 0.1968504 3.184027 10.27561 0.1968504 3.184027 10.27561 0.1968504 3.184027 10.27561 0.1968504 3.379345 10.13239 0.1968504 3.379345 10.13239 0.1968504 3.379345 10.13239 0.1968504 3.56823 9.980798 0.1968504 3.56823 9.980798 0.1968504 3.56823 9.980798 0.1968504 3.750324 9.821106 0.1968504 3.750324 9.821106 0.1968504 3.750324 9.821106 0.1968504 3.925278 9.653624 0.1968504 3.925278 9.653624 0.1968504 3.925278 9.653624 0.1968504 4.09276 9.47867 0.1968504 4.09276 9.47867 0.1968504 4.09276 9.47867 0.1968504 4.252451 9.296577 0.1968504 4.252451 9.296577 0.1968504 4.252451 9.296577 0.1968504 4.404048 9.107691 0.1968504 4.404048 9.107691 0.1968504 4.404048 9.107691 0.1968504 4.547261 8.912373 0.1968504 4.547261 8.912373 0.1968504 4.547261 8.912373 0.1968504 4.681819 8.710994 0.1968504 4.681819 8.710994 0.1968504 4.681819 8.710994 0.1968504 4.807464 8.503937 0.1968504 4.807464 8.503937 0.1968504 4.807464 8.503937 0.1968504 4.923958 8.291597 0.1968504 4.923958 8.291597 0.1968504 4.923958 8.291597 0.1968504 5.031079 8.074377 0.1968504 5.031079 8.074377 0.1968504 5.031079 8.074377 0.1968504 5.128623 7.852691 0.1968504 5.128623 7.852691 0.1968504 5.128623 7.852691 0.1968504 5.216404 7.626962 0.1968504 5.216404 7.626962 0.1968504 5.216404 7.626962 0.1968504 5.294256 7.397619 0.1968504 5.294256 7.397619 0.1968504 5.294256 7.397619 0.1968504 5.362029 7.165098 0.1968504 5.362029 7.165098 0.1968504 5.362029 7.165098 0.1968504 5.419596 6.929842 0.1968504 5.419596 6.929842 0.1968504 5.419596 6.929842 0.1968504 5.466846 6.692299 0.1968504 5.466846 6.692299 0.1968504 5.466846 6.692299 0.1968504 5.50369 6.452921 0.1968504 5.50369 6.452921 0.1968504 5.50369 6.452921 0.1968504 5.530057 6.212164 0.1968504 5.530057 6.212164 0.1968504 5.530057 6.212164 0.1968504 5.545898 5.970486 0.1968504 5.545898 5.970486 0.1968504 5.545898 5.970486 0.1968504 5.551181 5.728346 0.1968504 5.551181 5.728346 0.1968504 5.551181 5.728346 0.1968504 5.545898 5.486207 0.1968504 5.545898 5.486207 0.1968504 5.545898 5.486207 0.1968504 5.530057 5.244529 0.1968504 5.530057 5.244529 0.1968504 5.530057 5.244529 0.1968504 5.50369 5.003772 0.1968504 5.50369 5.003772 0.1968504 5.50369 5.003772 0.1968504 5.466846 4.764394 0.1968504 5.466846 4.764394 0.1968504 5.466846 4.764394 0.1968504 5.419596 4.526851 0.1968504 5.419596 4.526851 0.1968504 5.419596 4.526851 0.1968504 5.362029 4.291595 0.1968504 5.362029 4.291595 0.1968504 5.362029 4.291595 0.1968504 5.294256 4.059074 0.1968504 5.294256 4.059074 0.1968504 5.294256 4.059074 0.1968504 5.216404 3.829731 0.1968504 5.216404 3.829731 0.1968504 5.216404 3.829731 0.1968504 5.128623 3.604001 0.1968504 5.128623 3.604001 0.1968504 5.128623 3.604001 0.1968504 5.031079 3.382316 0.1968504 5.031079 3.382316 0.1968504 5.031079 3.382316 0.1968504 4.923958 3.165096 0.1968504 4.923958 3.165096 0.1968504 4.923958 3.165096 0.1968504 4.807464 2.952756 0.1968504 4.807464 2.952756 0.1968504 4.807464 2.952756 0.1968504 4.681819 2.745699 0.1968504 4.681819 2.745699 0.1968504 4.681819 2.745699 0.1968504 4.547261 2.54432 0.1968504 4.547261 2.54432 0.1968504 4.547261 2.54432 0.1968504 4.404048 2.349002 0.1968504 4.404048 2.349002 0.1968504 4.404048 2.349002 0.1968504 4.252451 2.160116 0.1968504 4.252451 2.160116 0.1968504 4.252451 2.160116 0.1968504 4.09276 1.978023 0.1968504 4.09276 1.978023 0.1968504 4.09276 1.978023 0.1968504 3.925278 1.803069 0.1968504 3.925278 1.803069 0.1968504 3.925278 1.803069 0.1968504 3.750324 1.635586 0.1968504 3.750324 1.635586 0.1968504 3.750324 1.635586 0.1968504 3.56823 1.475895 0.1968504 3.56823 1.475895 0.1968504 3.56823 1.475895 0.1968504 3.379345 1.324298 0.1968504 3.379345 1.324298 0.1968504 3.379345 1.324298 0.1968504 3.184027 1.181085 0.1968504 3.184027 1.181085 0.1968504 3.184027 1.181085 0.1968504 2.982647 1.046528 0.1968504 2.982647 1.046528 0.1968504 2.982647 1.046528 0.1968504 2.775591 0.9208826 0.1968504 2.775591 0.9208826 0.1968504 2.775591 0.9208826 0.1968504 -2.982647 1.046528 0.1968504 -2.982647 1.046528 0.1968504 -2.982647 1.046528 0.1968504 -3.184027 1.181085 0.1968504 -3.184027 1.181085 0.1968504 -3.184027 1.181085 0.1968504 -3.379345 1.324298 0.1968504 -3.379345 1.324298 0.1968504 -3.379345 1.324298 0.1968504 -3.56823 1.475895 0.1968504 -3.56823 1.475895 0.1968504 -3.56823 1.475895 0.1968504 -3.750324 1.635586 0.1968504 -3.750324 1.635586 0.1968504 -3.750324 1.635586 0.1968504 -3.925278 1.803069 0.1968504 -3.925278 1.803069 0.1968504 -3.925278 1.803069 0.1968504 -4.09276 1.978023 0.1968504 -4.09276 1.978023 0.1968504 -4.09276 1.978023 0.1968504 -4.252451 2.160116 0.1968504 -4.252451 2.160116 0.1968504 -4.252451 2.160116 0.1968504 -4.404048 2.349002 0.1968504 -4.404048 2.349002 0.1968504 -4.404048 2.349002 0.1968504 -4.547261 2.54432 0.1968504 -4.547261 2.54432 0.1968504 -4.547261 2.54432 0.1968504 -4.681819 2.745699 0.1968504 -4.681819 2.745699 0.1968504 -4.681819 2.745699 0.1968504 -4.807464 2.952756 0.1968504 -4.807464 2.952756 0.1968504 -4.807464 2.952756 0.1968504 -4.923958 3.165096 0.1968504 -4.923958 3.165096 0.1968504 -4.923958 3.165096 0.1968504 -5.031079 3.382316 0.1968504 -5.031079 3.382316 0.1968504 -5.031079 3.382316 0.1968504 -5.128623 3.604001 0.1968504 -5.128623 3.604001 0.1968504 -5.128623 3.604001 0.1968504 -5.216404 3.829731 0.1968504 -5.216404 3.829731 0.1968504 -5.216404 3.829731 0.1968504 -5.294256 4.059074 0.1968504 -5.294256 4.059074 0.1968504 -5.294256 4.059074 0.1968504 -5.362029 4.291595 0.1968504 -5.362029 4.291595 0.1968504 -5.362029 4.291595 0.1968504 -5.419596 4.526851 0.1968504 -5.419596 4.526851 0.1968504 -5.419596 4.526851 0.1968504 -5.466846 4.764394 0.1968504 -5.466846 4.764394 0.1968504 -5.466846 4.764394 0.1968504 -5.50369 5.003772 0.1968504 -5.50369 5.003772 0.1968504 -5.50369 5.003772 0.1968504 -5.530057 5.244529 0.1968504 -5.530057 5.244529 0.1968504 -5.530057 5.244529 0.1968504 -5.545898 5.486207 0.1968504 -5.545898 5.486207 0.1968504 -5.545898 5.486207 0.1968504 -5.551181 5.728346 0.1968504 -5.551181 5.728346 0.1968504 -5.551181 5.728346 0.1968504 -5.545898 5.970486 0.1968504 -5.545898 5.970486 0.1968504 -5.545898 5.970486 0.1968504 -5.530057 6.212164 0.1968504 -5.530057 6.212164 0.1968504 -5.530057 6.212164 0.1968504 -5.50369 6.452921 0.1968504 -5.50369 6.452921 0.1968504 -5.50369 6.452921 0.1968504 -5.466846 6.692299 0.1968504 -5.466846 6.692299 0.1968504 -5.466846 6.692299 0.1968504 -5.419596 6.929842 0.1968504 -5.419596 6.929842 0.1968504 -5.419596 6.929842 0.1968504 -5.362029 7.165098 0.1968504 -5.362029 7.165098 0.1968504 -5.362029 7.165098 0.1968504 -5.294256 7.397619 0.1968504 -5.294256 7.397619 0.1968504 -5.294256 7.397619 0.1968504 -5.216404 7.626962 0.1968504 -5.216404 7.626962 0.1968504 -5.216404 7.626962 0.1968504 -5.128623 7.852691 0.1968504 -5.128623 7.852691 0.1968504 -5.128623 7.852691 0.1968504 -5.031079 8.074377 0.1968504 -5.031079 8.074377 0.1968504 -5.031079 8.074377 0.1968504 2.775591 0.9208826 0 2.775591 0.9208826 0 -2.982647 1.046528 0 -2.982647 1.046528 0 -4.807464 8.503937 0 -4.923958 8.291597 0 -4.807464 8.503937 0 -4.923958 8.291597 0 -4.681819 8.710994 0 -4.681819 8.710994 0 -4.547261 8.912373 0 -4.547261 8.912373 0 -4.404048 9.107691 0 -4.404048 9.107691 0 -4.252451 9.296577 0 -4.252451 9.296577 0 -4.09276 9.47867 0 -4.09276 9.47867 0 -3.925278 9.653624 0 -3.925278 9.653624 0 -3.750324 9.821106 0 -3.750324 9.821106 0 -3.56823 9.980798 0 -3.56823 9.980798 0 -3.379345 10.13239 0 -3.379345 10.13239 0 -3.184027 10.27561 0 -3.184027 10.27561 0 -2.982647 10.41017 0 -2.982647 10.41017 0 -2.775591 10.53581 0 -2.775591 10.53581 0 -2.56325 10.6523 0 -2.56325 10.6523 0 -2.346031 10.75943 0 -2.346031 10.75943 0 -2.124345 10.85697 0 -2.124345 10.85697 0 -1.898616 10.94475 0 -1.898616 10.94475 0 -1.669272 11.0226 0 -1.669272 11.0226 0 -1.436751 11.09038 0 -1.436751 11.09038 0 -1.201495 11.14794 0 -1.201495 11.14794 0 -0.9639525 11.19519 0 -0.9639525 11.19519 0 -0.7245745 11.23204 0 -0.7245745 11.23204 0 -0.4838173 11.2584 0 -0.4838173 11.2584 0 -0.2421391 11.27424 0 -0.2421391 11.27424 0 0 11.27953 0 0 11.27953 0 0.2421391 11.27424 0 0.2421391 11.27424 0 0.4838173 11.2584 0 0.4838173 11.2584 0 0.7245745 11.23204 0 0.7245745 11.23204 0 0.9639525 11.19519 0 0.9639525 11.19519 0 1.201495 11.14794 0 1.201495 11.14794 0 1.436751 11.09038 0 1.436751 11.09038 0 1.669272 11.0226 0 1.669272 11.0226 0 1.898616 10.94475 0 1.898616 10.94475 0 2.124345 10.85697 0 2.124345 10.85697 0 2.346031 10.75943 0 2.346031 10.75943 0 2.56325 10.6523 0 2.56325 10.6523 0 2.775591 10.53581 0 2.775591 10.53581 0 2.982647 10.41017 0 2.982647 10.41017 0 3.184027 10.27561 0 3.184027 10.27561 0 3.379345 10.13239 0 3.379345 10.13239 0 3.56823 9.980798 0 3.56823 9.980798 0 3.750324 9.821106 0 3.750324 9.821106 0 3.925278 9.653624 0 3.925278 9.653624 0 4.09276 9.47867 0 4.09276 9.47867 0 4.252451 9.296577 0 4.252451 9.296577 0 4.404048 9.107691 0 4.404048 9.107691 0 4.547261 8.912373 0 4.547261 8.912373 0 4.681819 8.710994 0 4.681819 8.710994 0 4.807464 8.503937 0 4.807464 8.503937 0 4.923958 8.291597 0 4.923958 8.291597 0 5.031079 8.074377 0 5.031079 8.074377 0 5.128623 7.852691 0 5.128623 7.852691 0 5.216404 7.626962 0 5.216404 7.626962 0 5.294256 7.397619 0 5.294256 7.397619 0 5.362029 7.165098 0 5.362029 7.165098 0 5.419596 6.929842 0 5.419596 6.929842 0 5.466846 6.692299 0 5.466846 6.692299 0 5.50369 6.452921 0 5.50369 6.452921 0 5.530057 6.212164 0 5.530057 6.212164 0 5.545898 5.970486 0 5.545898 5.970486 0 5.551181 5.728346 0 5.551181 5.728346 0 5.545898 5.486207 0 5.545898 5.486207 0 5.530057 5.244529 0 5.530057 5.244529 0 5.50369 5.003772 0 5.50369 5.003772 0 5.466846 4.764394 0 5.466846 4.764394 0 5.419596 4.526851 0 5.419596 4.526851 0 5.362029 4.291595 0 5.362029 4.291595 0 5.294256 4.059074 0 5.294256 4.059074 0 5.216404 3.829731 0 5.216404 3.829731 0 5.128623 3.604001 0 5.128623 3.604001 0 5.031079 3.382316 0 5.031079 3.382316 0 4.923958 3.165096 0 4.923958 3.165096 0 4.807464 2.952756 0 4.807464 2.952756 0 4.681819 2.745699 0 4.681819 2.745699 0 4.547261 2.54432 0 4.547261 2.54432 0 4.404048 2.349002 0 4.404048 2.349002 0 4.252451 2.160116 0 4.252451 2.160116 0 4.09276 1.978023 0 4.09276 1.978023 0 3.925278 1.803069 0 3.925278 1.803069 0 3.750324 1.635586 0 3.750324 1.635586 0 3.56823 1.475895 0 3.56823 1.475895 0 3.379345 1.324298 0 3.379345 1.324298 0 3.184027 1.181085 0 3.184027 1.181085 0 2.982647 1.046528 0 2.982647 1.046528 0 -3.184027 1.181085 0 -3.184027 1.181085 0 -3.379345 1.324298 0 -3.379345 1.324298 0 -3.56823 1.475895 0 -3.56823 1.475895 0 -3.750324 1.635586 0 -3.750324 1.635586 0 -3.925278 1.803069 0 -3.925278 1.803069 0 -4.09276 1.978023 0 -4.09276 1.978023 0 -4.252451 2.160116 0 -4.252451 2.160116 0 -4.404048 2.349002 0 -4.404048 2.349002 0 -4.547261 2.54432 0 -4.547261 2.54432 0 -4.681819 2.745699 0 -4.681819 2.745699 0 -4.807464 2.952756 0 -4.807464 2.952756 0 -4.923958 3.165096 0 -4.923958 3.165096 0 -5.031079 3.382316 0 -5.031079 3.382316 0 -5.128623 3.604001 0 -5.128623 3.604001 0 -5.216404 3.829731 0 -5.216404 3.829731 0 -5.294256 4.059074 0 -5.294256 4.059074 0 -5.362029 4.291595 0 -5.362029 4.291595 0 -5.419596 4.526851 0 -5.419596 4.526851 0 -5.466846 4.764394 0 -5.466846 4.764394 0 -5.50369 5.003772 0 -5.50369 5.003772 0 -5.530057 5.244529 0 -5.530057 5.244529 0 -5.545898 5.486207 0 -5.545898 5.486207 0 -5.551181 5.728346 0 -5.551181 5.728346 0 -5.545898 5.970486 0 -5.545898 5.970486 0 -5.530057 6.212164 0 -5.530057 6.212164 0 -5.50369 6.452921 0 -5.50369 6.452921 0 -5.466846 6.692299 0 -5.466846 6.692299 0 -5.419596 6.929842 0 -5.419596 6.929842 0 -5.362029 7.165098 0 -5.362029 7.165098 0 -5.294256 7.397619 0 -5.294256 7.397619 0 -5.216404 7.626962 0 -5.216404 7.626962 0 -5.128623 7.852691 0 -5.128623 7.852691 0 -5.031079 8.074377 0 -5.031079 8.074377 0</float_array>
                    <technique_common>
                        <accessor count="4789" source="#ID14" stride="3">
                            <param name="X" type="float" />
                            <param name="Y" type="float" />
                            <param name="Z" type="float" />
                        </accessor>
                    </technique_common>
                </source>
                <source id="ID7">
                    <float_array id="ID15" count="14367">0.04352583 0.9969053 0.06546249 -2.739463e-16 1 0 0.04361939 0.9990482 0 -2.554831e-16 0.997855 0.06546249 2.554831e-16 -0.997855 -0.06546249 -0.04352583 -0.9969053 -0.06546249 2.739463e-16 -1 -0 -0.04361939 -0.9990482 -0 0 0 0 0 0 0 0 0 0 0 0 0 -0.04361939 0.9990482 0 -0.04352583 0.9969053 0.06546249 0.04352583 -0.9969053 -0.06546249 0.04361939 -0.9990482 -0 0 0 0 0 0 0 0.0869688 0.9940579 0.06546249 0.08715574 0.9961947 0 -0.0869688 -0.9940579 -0.06546249 -0.08715574 -0.9961947 -0 0 0 0 0 0 0 0.04212778 0.9648847 0.2592734 0.02106924 0.9655896 0.2592158 -0.02106924 -0.9655896 -0.2592158 -0.04212778 -0.9648847 -0.2592734 0 0 0 0 0 0 -0.08715574 0.9961947 0 -0.0869688 0.9940579 0.06546249 0.0869688 -0.9940579 -0.06546249 0.08715574 -0.9961947 -0 0 0 0 0 0 0 -0.02106924 0.9655896 0.2592158 -0.04212778 0.9648847 0.2592734 0.04212778 -0.9648847 -0.2592734 0.02106924 -0.9655896 -0.2592158 0 0 0 0.1302462 0.9893182 0.06546249 0.1305262 0.9914449 0 -0.1302462 -0.9893182 -0.06546249 -0.1305262 -0.9914449 -0 0 0 0 0 0 0 0.08417536 0.9621288 0.2592734 -0.08417536 -0.9621288 -0.2592734 0 0 0 1 9.373392e-16 -2.481712e-18 1 9.373392e-16 -2.481712e-18 1 9.373392e-16 -2.481712e-18 1 9.373392e-16 -2.481712e-18 1 9.373392e-16 -2.481712e-18 1 9.373392e-16 -2.481712e-18 1 9.373392e-16 -2.481712e-18 1 9.373392e-16 -2.481712e-18 -1 -9.373392e-16 2.481712e-18 -1 -9.373392e-16 2.481712e-18 -1 -9.373392e-16 2.481712e-18 -1 -9.373392e-16 2.481712e-18 -1 -9.373392e-16 2.481712e-18 -1 -9.373392e-16 2.481712e-18 -1 -9.373392e-16 2.481712e-18 -1 -9.373392e-16 2.481712e-18 0 0 0 0 0 0 0 0 0 0 0 0 0 0 0 0 0 0 0.03775567 0.864747 0.5007866 0.01888345 0.8654165 0.5006973 -0.01888345 -0.8654165 -0.5006973 -0.03775567 -0.864747 -0.5007866 0 0 0 -0.1305262 0.9914449 0 -0.1302462 0.9893182 0.06546249 0.1302462 -0.9893182 -0.06546249 0.1305262 -0.9914449 -0 0 0 0 0 0 0 -0.08417536 0.9621288 0.2592734 0.08417536 -0.9621288 -0.2592734 0 0 0 -0.01888345 0.8654165 0.5006973 -0.03775567 0.864747 0.5007866 0.03775567 -0.864747 -0.5007866 0.01888345 -0.8654165 -0.5006973 0 0 0 0.1732757 0.9826954 0.06546249 0.1736482 0.9848078 0 -0.1732757 -0.9826954 -0.06546249 -0.1736482 -0.9848078 -0 0 0 0 0 0 0 0.1260627 0.9575414 0.2592734 -0.1260627 -0.9575414 -0.2592734 0 0 0 0.07543947 0.8622771 0.5007866 -0.07543947 -0.8622771 -0.5007866 0 0 0 0.03080393 0.705526 0.7080143 0.01540747 0.7061143 0.7079303 -0.01540747 -0.7061143 -0.7079303 -0.03080393 -0.705526 -0.7080143 0 0 0 -0.01540747 0.7061143 0.7079303 -0.03080393 0.705526 0.7080143 0.03080393 -0.705526 -0.7080143 0.01540747 -0.7061143 -0.7079303 0 0 0 0.01087967 0.4986084 0.8667591 0.02175028 0.4981634 0.8668104 -0.01087967 -0.4986084 -0.8667591 -0.02175028 -0.4981634 -0.8668104 0 0 0 -0.01087967 0.4986084 0.8667591 -0.02175028 0.4981634 0.8668104 0.02175028 -0.4981634 -0.8668104 0.01087967 -0.4986084 -0.8667591 0 0 0 0.005610423 0.257122 0.9663627 0.01121568 0.2568813 0.9663779 -0.005610423 -0.257122 -0.9663627 -0.01121568 -0.2568813 -0.9663779 0 0 0 -0.005610423 0.257122 0.9663627 -0.01121568 0.2568813 0.9663779 0.01121568 -0.2568813 -0.9663779 0.005610423 -0.257122 -0.9663627 0 0 0 0.00284808 0.1305257 0.9914408 0.005693473 0.130402 0.9914449 -0.00284808 -0.1305257 -0.9914408 -0.005693473 -0.130402 -0.9914449 0 0 0 -0.00284808 0.1305257 0.9914408 -0.005693473 0.130402 0.9914449 0.005693473 -0.130402 -0.9914449 0.00284808 -0.1305257 -0.9914408 0 0 0 -0.02181489 -0.999762 0 -0.04361939 -0.9990482 0 -0.02181489 -0.999762 0 -0.04361939 -0.9990482 0 -0.02181489 -0.999762 0 0.02181489 0.999762 -0 0.02181489 0.999762 -0 0.04361939 0.9990482 -0 0.04361939 0.9990482 -0 0.02181489 0.999762 -0 0 0 0 0 0 0 0.04361939 -0.9990482 0 0.02181489 -0.999762 0 0.04361939 -0.9990482 0 0.02181489 -0.999762 0 0.02181489 -0.999762 0 -0.02181489 0.999762 -0 -0.04361939 0.9990482 -0 -0.02181489 0.999762 -0 -0.02181489 0.999762 -0 -0.04361939 0.9990482 -0 0 0 0 -0.1736482 0.9848078 0 -0.1732757 0.9826954 0.06546249 0.1732757 -0.9826954 -0.06546249 0.1736482 -0.9848078 -0 0 0 0 0 0 0 -0.1260627 0.9575414 0.2592734 0.1260627 -0.9575414 -0.2592734 0 0 0 -0.07543947 0.8622771 0.5007866 0.07543947 -0.8622771 -0.5007866 0 0 0 0.2159754 0.9742019 0.06546249 0.2164396 0.976296 0 -0.2159754 -0.9742019 -0.06546249 -0.2164396 -0.976296 -0 0 0 0 0 0 0 0.1677101 0.9511312 0.2592734 -0.1677101 -0.9511312 -0.2592734 0 0 0 0.1129797 0.8581657 0.5007866 -0.1129797 -0.8581657 -0.5007866 0 0 0 0.06154922 0.7035108 0.7080143 -0.06154922 -0.7035108 -0.7080143 0 0 0 -0.06154922 0.7035108 0.7080143 0.06154922 -0.7035108 -0.7080143 0 0 0 0.04345916 0.4967405 0.8668104 -0.04345916 -0.4967405 -0.8668104 0 0 0 -0.04345916 0.4967405 0.8668104 0.04345916 -0.4967405 -0.8668104 0 0 0 0.02241001 0.2561476 0.9663779 -0.02241001 -0.2561476 -0.9663779 0 0 0 -0.02241001 0.2561476 0.9663779 0.02241001 -0.2561476 -0.9663779 0 0 0 0.01137611 0.1300295 0.9914449 -0.01137611 -0.1300295 -0.9914449 0 0 0 -0.01137611 0.1300295 0.9914449 0.01137611 -0.1300295 -0.9914449 0 0 0 -0.08715574 -0.9961947 0 -0.08715574 -0.9961947 0 0.08715574 0.9961947 -0 0.08715574 0.9961947 -0 0 0 0 0 0 -1 0 0 -1 0 0 -1 0 0 -1 0 0 -1 0 0 -1 0 0 -1 0 0 -1 0 0 -1 0 0 -1 0 0 -1 0 0 -1 0 0 -1 0 0 -1 0 0 -1 0 0 -1 0 0 -1 0 0 -1 0 0 -1 0 0 -1 0 0 -1 0 0 -1 0 0 -1 0 0 -1 0 0 -1 0 0 -1 0 0 -1 0 0 -1 0 0 -1 0 0 -1 0 0 -1 0 0 -1 0 0 -1 0 0 -1 0 0 -1 0 0 -1 0 0 -1 0 0 -1 0 0 -1 0 0 -1 0 0 -1 0 0 -1 0 0 -1 0 0 -1 0 0 -1 0 0 -1 0 0 -1 0 0 -1 0 0 -1 0 0 -1 0 0 -1 0 0 -1 0 0 -1 0 0 -1 0 0 -1 0 0 -1 0 0 -1 0 0 -1 0 0 -1 0 0 -1 0 0 -1 0 0 -1 0 0 -1 0 0 -1 0 0 -1 0 0 -1 0 0 -1 0 0 -1 0 0 -1 0 0 -1 0 0 -1 0 0 -1 0 0 -1 0 0 -1 0 0 -1 0 0 -1 0 0 -1 0 0 -1 0 0 -1 0 0 -1 0 0 -1 0 0 -1 0 0 -1 0 0 -1 0 0 -1 0 0 -1 0 0 -1 0 0 -1 0 0 -1 0 0 -1 0 0 -1 0 0 -1 0 0 -1 0 0 -1 0 0 -1 0 0 -1 0 0 -1 0 0 -1 0 0 -1 0 0 -1 0 0 -1 0 0 -1 0 0 -1 0 0 -1 0 0 -1 0 0 -1 0 0 -1 0 0 -1 0 0 -1 0 0 -1 0 0 -1 0 0 -1 0 0 -1 0 0 -1 0 0 -1 0 0 -1 0 0 -1 0 0 -1 0 0 -1 0 0 -1 0 0 -1 0 0 -1 0 0 -1 0 0 -1 0 0 -1 0 0 -1 0 0 -1 0 0 -1 0 0 -1 0 0 -1 0 0 -1 0 0 -1 0 0 -1 0 0 -1 0 0 -1 0 0 -1 0 0 -1 0 0 -1 0 0 -1 0 0 -1 0 0 -1 0 0 -1 0 0 -1 0 0 -1 0 0 -1 0 0 -1 0 0 -1 0 0 -1 0 0 -1 0 0 -1 0 0 -1 0 0 -1 0 0 -1 0 0 -1 0 0 -1 0 0 -1 0 0 -1 0 0 -1 0 0 -1 0 0 -1 0 0 -1 0 0 -1 0 0 -1 0 0 -1 0 0 -1 0 0 -1 0 0 -1 0 0 -1 0 0 -1 0 0 -1 0 0 -1 0 0 -1 0 0 -1 0 0 -1 0 0 -1 0 0 -1 0 0 -1 0 0 -1 0 0 -1 0 0 -1 0 0 -1 0 0 -1 0 0 -1 0 0 -1 0 0 -1 0 0 -1 0 0 -1 0 0 -1 0 0 -1 0 0 -1 0 0 -1 0 0 -1 0 0 -1 0 0 -1 0 0 -1 0 0 -1 0 0 -1 0 0 -1 0 0 -1 0 0 -1 0 0 -1 0 0 -1 0 0 -1 0 0 -1 0 0 -1 0 0 -1 0 0 -1 0 0 -1 0 0 -1 0 0 -1 0 0 -1 0 0 -1 0 0 -1 0 0 -1 0 0 -1 0 0 -1 0 0 -1 0 0 -1 0 0 -1 0 0 -1 0 0 -1 0 0 -1 0 0 -1 0 0 -1 0 0 -1 0 0 -1 0 0 -1 0 0 -1 0 0 -1 0 0 -1 0 0 -1 0 0 -1 0 0 -1 0 0 -1 0 0 -1 0 0 -1 0 0 -1 0 0 -1 0 0 -1 0 0 -1 0 0 -1 0 0 -1 0 0 -1 0 0 -1 0 0 -1 0 0 -1 0 0 -1 0 0 -1 0 0 -1 0 0 -1 0 0 -1 0 0 -1 0 0 -1 0 0 -1 0 0 -1 0 0 -1 0 0 -1 0 0 -1 0 0 -1 0 0 -1 0 0 -1 0 0 -1 0 0 -1 0 0 -1 0 0 -1 0 0 -1 0 0 -1 0 0 -1 0 0 -1 0 0 -1 0 0 -1 0 0 -1 0 0 -1 0 0 -1 0 0 -1 0 0 -1 0 0 -1 0 0 -1 0 0 -1 0 0 -1 0 0 -1 0 0 -1 0 0 -1 0 0 -1 0 0 -1 0 0 -1 0 0 -1 0 0 -1 -0 -0 1 -0 -0 1 -0 -0 1 -0 -0 1 -0 -0 1 -0 -0 1 -0 -0 1 -0 -0 1 -0 -0 1 -0 -0 1 -0 -0 1 -0 -0 1 -0 -0 1 -0 -0 1 -0 -0 1 -0 -0 1 -0 -0 1 -0 -0 1 -0 -0 1 -0 -0 1 -0 -0 1 -0 -0 1 -0 -0 1 -0 -0 1 -0 -0 1 -0 -0 1 -0 -0 1 -0 -0 1 -0 -0 1 -0 -0 1 -0 -0 1 -0 -0 1 -0 -0 1 -0 -0 1 -0 -0 1 -0 -0 1 -0 -0 1 -0 -0 1 -0 -0 1 -0 -0 1 -0 -0 1 -0 -0 1 -0 -0 1 -0 -0 1 -0 -0 1 -0 -0 1 -0 -0 1 -0 -0 1 -0 -0 1 -0 -0 1 -0 -0 1 -0 -0 1 -0 -0 1 -0 -0 1 -0 -0 1 -0 -0 1 -0 -0 1 -0 -0 1 -0 -0 1 -0 -0 1 -0 -0 1 -0 -0 1 -0 -0 1 -0 -0 1 -0 -0 1 -0 -0 1 -0 -0 1 -0 -0 1 -0 -0 1 -0 -0 1 -0 -0 1 -0 -0 1 -0 -0 1 -0 -0 1 -0 -0 1 -0 -0 1 -0 -0 1 -0 -0 1 -0 -0 1 -0 -0 1 -0 -0 1 -0 -0 1 -0 -0 1 -0 -0 1 -0 -0 1 -0 -0 1 -0 -0 1 -0 -0 1 -0 -0 1 -0 -0 1 -0 -0 1 -0 -0 1 -0 -0 1 -0 -0 1 -0 -0 1 -0 -0 1 -0 -0 1 -0 -0 1 -0 -0 1 -0 -0 1 -0 -0 1 -0 -0 1 -0 -0 1 -0 -0 1 -0 -0 1 -0 -0 1 -0 -0 1 -0 -0 1 -0 -0 1 -0 -0 1 -0 -0 1 -0 -0 1 -0 -0 1 -0 -0 1 -0 -0 1 -0 -0 1 -0 -0 1 -0 -0 1 -0 -0 1 -0 -0 1 -0 -0 1 -0 -0 1 -0 -0 1 -0 -0 1 -0 -0 1 -0 -0 1 -0 -0 1 -0 -0 1 -0 -0 1 -0 -0 1 -0 -0 1 -0 -0 1 -0 -0 1 -0 -0 1 -0 -0 1 -0 -0 1 -0 -0 1 -0 -0 1 -0 -0 1 -0 -0 1 -0 -0 1 -0 -0 1 -0 -0 1 -0 -0 1 -0 -0 1 -0 -0 1 -0 -0 1 -0 -0 1 -0 -0 1 -0 -0 1 -0 -0 1 -0 -0 1 -0 -0 1 -0 -0 1 -0 -0 1 -0 -0 1 -0 -0 1 -0 -0 1 -0 -0 1 -0 -0 1 -0 -0 1 -0 -0 1 -0 -0 1 -0 -0 1 -0 -0 1 -0 -0 1 -0 -0 1 -0 -0 1 -0 -0 1 -0 -0 1 -0 -0 1 -0 -0 1 -0 -0 1 -0 -0 1 -0 -0 1 -0 -0 1 -0 -0 1 -0 -0 1 -0 -0 1 -0 -0 1 -0 -0 1 -0 -0 1 -0 -0 1 -0 -0 1 -0 -0 1 -0 -0 1 -0 -0 1 -0 -0 1 -0 -0 1 -0 -0 1 -0 -0 1 -0 -0 1 -0 -0 1 -0 -0 1 -0 -0 1 -0 -0 1 -0 -0 1 -0 -0 1 -0 -0 1 -0 -0 1 -0 -0 1 -0 -0 1 -0 -0 1 -0 -0 1 -0 -0 1 -0 -0 1 -0 -0 1 -0 -0 1 -0 -0 1 -0 -0 1 -0 -0 1 -0 -0 1 -0 -0 1 -0 -0 1 -0 -0 1 -0 -0 1 -0 -0 1 -0 -0 1 -0 -0 1 -0 -0 1 -0 -0 1 -0 -0 1 -0 -0 1 -0 -0 1 -0 -0 1 -0 -0 1 -0 -0 1 -0 -0 1 -0 -0 1 -0 -0 1 -0 -0 1 -0 -0 1 -0 -0 1 -0 -0 1 -0 -0 1 -0 -0 1 -0 -0 1 -0 -0 1 -0 -0 1 -0 -0 1 -0 -0 1 -0 -0 1 -0 -0 1 -0 -0 1 -0 -0 1 -0 -0 1 -0 -0 1 -0 -0 1 -0 -0 1 -0 -0 1 -0 -0 1 -0 -0 1 -0 -0 1 -0 -0 1 -0 -0 1 -0 -0 1 -0 -0 1 -0 -0 1 -0 -0 1 -0 -0 1 -0 -0 1 -0 -0 1 -0 -0 1 -0 -0 1 -0 -0 1 -0 -0 1 -0 -0 1 -0 -0 1 -0 -0 1 -0 -0 1 -0 -0 1 -0 -0 1 -0 -0 1 -0 -0 1 -0 -0 1 -0 -0 1 -0 -0 1 -0 -0 1 -0 -0 1 -0 -0 1 -0 -0 1 -0 -0 1 -0 -0 1 -0 -0 1 -0 -0 1 -0 -0 1 -0 -0 1 -0 -0 1 0 0 0 0 0 0 0 0 0 0 0 0 0 0 0 0 0 0 0 0 0 0 0 0 0 0 0 0 0 0 0 0 0 0 0 0 0 0 0 0 0 0 0 0 0 0 0 0 0 0 0 0 0 0 0 0 0 0 0 0 0 0 0 0 0 0 0 0 0 0 0 0 0 0 0 0 0 0 0 0 0 0 0 0 0 0 0 0 0 0 0 0 0 0 0 0 0 0 0 0 0 0 0 0 0 0 0 0 0 0 0 0 0 0 0 0 0 0 0 0 0 0 0 0 0 0 0 0 0 0 0 0 0 0 0 0 0 0 0 0 0 0 0 0 0 0 0 0 0 0 0 0 0 0 0 0 0 0 0 0 0 0 0 0 0 0 0 0 0 0 0 0 0 0 0 0 0 0 0 0 0 0 0 0 0 0 0 0 0 0 0 0 0 0 0 0 0 0 0 0 0 0 0 0 0 0 0 0 0 0 0 0 0 0 0 0 0 0 0 0 0 0 0 0 0 0 0 0 0 0 0 0 0 0 0 0 0 0 0 0 0 0 0 0 0 0 0 0 0 0 0 0 0 0 0 0 0 0 0 0 0 0 0 0 0 0 0 0 0 0 0 0 0 0 0 0 0 0 0 0 0 0 0 0 0 0 0 0 0 0 0 0 0 0 0 0 0 0 0 0 0 0 0 0 0 0 0 0 0 0 0 0 0 0 0 0 0 0 0 0 0 0 0 0 0 0 0 0 0 0 0 0 0 0 0 0 0 0 0 0 0 0 0 0 0 0 0 0 0 0 0 0 0 0 0 0 0 0 0 0 0 0 0 0 0 0 0 0 0 0 0 0 0 0 0 0 0 0 0 0 0 0 0 0 0 0 0 0 0 0 0 0 0 0 0 0 0 0 0 0 0 0 0 0 0 0 0 0 0 0 0 0 0 0 0 0 0 0 0 0 0 0 0 0 0 0 0 0 0 0 0 0 0 0 0 0 0 0 0 0 0 0 0 0 0 0 0 0 0 0 0 0 0 0 0 0 0 0 0 0 0 0 0 0 0 0 0 0 0 0 0 0 0 0 0 0 0 0 0 0 0 0 0 0 0 0 0 0 0 0 0 0 0 0 0 0 0 0 0 0 0 0 0 0 0 0 0 0 0 0 0 0 0 0 0 0 0 0 0 0 0 0 0 0 0 0 0 0 0 0 0 0 0 0 0 0 0 0 0 0 0 0 0 0 0 0 0 0 0 0 0 0 0 0 0 0 0 0 0 0 0 0 0 0 0 0 0 0 0 0 0 0 0 0 0 0 0 0 0 0 0 0 0 0 0 0 0 0 0 0 0 0 0 0 0 0 0 0 0 0 0 0 0 0 0 0 0 0 0 0 0 0 0 0 0 0 0 0 0 0 0 0 0 0 0 0 0 0 0 0 0 0 0 0 0 0 0 0 0 0 0 0 0 0 0 0 0 0 0 0 0 0 0 0 0 0 0 0 0 0 0 0 0 0 0 0 0 0 0 0 0 0 0 0 0 0 0 0 0 0 0 0 0 0 0 0 0 0 0 0 0 0 0 0 0 0 0 0 0 0 0 0 0 0 0 0 0 0 0 0 0 0 0 0 0 0 0 0 0 0 0 0 0 0 0 0 0 0 0 0 0 0 0 0 0 0 0 0 0 0 0 0 0 0 0 0 0 0 0 0 0 0 0 0 0 0 0 0 0 0 0 0 0 0 0 0 0 0 0 0 0 0 0 0 0 0 0 0 0 0 0 0 0 0 0 0 0 0 0 0 0 0 0 0 0 0 0 0 0 0 0 0 0 0 0 0 0 0 0 0 0 0 0 0 0 0 0 0 0 0 0 0 0.08715574 -0.9961947 0 0.08715574 -0.9961947 0 -0.08715574 0.9961947 -0 -0.08715574 0.9961947 -0 -0.2164396 0.976296 0 -0.2159754 0.9742019 0.06546249 0.2159754 -0.9742019 -0.06546249 0.2164396 -0.976296 -0 0 0 0 -0.1677101 0.9511312 0.2592734 0.1677101 -0.9511312 -0.2592734 0 0 0 -0.1129797 0.8581657 0.5007866 0.1129797 -0.8581657 -0.5007866 0 0 0 0.2582639 0.9638539 0.06546249 0.258819 0.9659258 0 -0.2582639 -0.9638539 -0.06546249 -0.258819 -0.9659258 -0 0 0 0 0.2090382 0.9429106 0.2592734 -0.2090382 -0.9429106 -0.2592734 0 0 0 0.1503048 0.8524208 0.5007866 -0.1503048 -0.8524208 -0.5007866 0 0 0 0.09217735 0.7001565 0.7080143 -0.09217735 -0.7001565 -0.7080143 0 0 0 -0.09217735 0.7001565 0.7080143 0.09217735 -0.7001565 -0.7080143 0 0 0 0.06508531 0.494372 0.8668104 -0.06508531 -0.494372 -0.8668104 0 0 0 -0.06508531 0.494372 0.8668104 0.06508531 -0.494372 -0.8668104 0 0 0 0.03356169 0.2549263 0.9663779 -0.03356169 -0.2549263 -0.9663779 0 0 0 -0.03356169 0.2549263 0.9663779 0.03356169 -0.2549263 -0.9663779 0 0 0 0.01703709 0.1294095 0.9914449 -0.01703709 -0.1294095 -0.9914449 0 0 0 -0.01703709 0.1294095 0.9914449 0.01703709 -0.1294095 -0.9914449 0 0 0 -0.1305262 -0.9914449 0 -0.1305262 -0.9914449 0 0.1305262 0.9914449 -0 0.1305262 0.9914449 -0 -0.8660254 0.5 0 -0.8870108 0.4617486 0 -0.8870108 0.4617486 0 -0.8660254 0.5 0 0.8660254 -0.5 -0 0.8660254 -0.5 -0 0.8870108 -0.4617486 -0 0.8870108 -0.4617486 -0 0 0 0 0 0 0 -0.8433914 0.5372996 0 -0.8433914 0.5372996 0 0.8433914 -0.5372996 -0 0.8433914 -0.5372996 -0 0 0 0 -0.819152 0.5735764 0 -0.819152 0.5735764 0 0.819152 -0.5735764 -0 0.819152 -0.5735764 -0 0 0 0 -0.7933533 0.6087614 0 -0.7933533 0.6087614 0 0.7933533 -0.6087614 -0 0.7933533 -0.6087614 -0 0 0 0 -0.7660444 0.6427876 0 -0.7660444 0.6427876 0 0.7660444 -0.6427876 -0 0.7660444 -0.6427876 -0 0 0 0 -0.7372773 0.6755902 0 -0.7372773 0.6755902 0 0.7372773 -0.6755902 -0 0.7372773 -0.6755902 -0 0 0 0 -0.7071068 0.7071068 0 -0.7071068 0.7071068 0 0.7071068 -0.7071068 -0 0.7071068 -0.7071068 -0 0 0 0 -0.6755902 0.7372773 0 -0.6755902 0.7372773 0 0.6755902 -0.7372773 -0 0.6755902 -0.7372773 -0 0 0 0 -0.6427876 0.7660444 0 -0.6427876 0.7660444 0 0.6427876 -0.7660444 -0 0.6427876 -0.7660444 -0 0 0 0 -0.6087614 0.7933533 0 -0.6087614 0.7933533 0 0.6087614 -0.7933533 -0 0.6087614 -0.7933533 -0 0 0 0 -0.5735764 0.819152 0 -0.5735764 0.819152 0 0.5735764 -0.819152 -0 0.5735764 -0.819152 -0 0 0 0 -0.5372996 0.8433914 0 -0.5372996 0.8433914 0 0.5372996 -0.8433914 -0 0.5372996 -0.8433914 -0 0 0 0 -0.5 0.8660254 0 -0.5 0.8660254 0 0.5 -0.8660254 -0 0.5 -0.8660254 -0 0 0 0 -0.4617486 0.8870108 0 -0.4617486 0.8870108 0 0.4617486 -0.8870108 -0 0.4617486 -0.8870108 -0 0 0 0 -0.4226183 0.9063078 0 -0.4226183 0.9063078 0 0.4226183 -0.9063078 -0 0.4226183 -0.9063078 -0 0 0 0 -0.3826834 0.9238795 0 -0.3826834 0.9238795 0 0.3826834 -0.9238795 -0 0.3826834 -0.9238795 -0 0 0 0 -0.3420201 0.9396926 0 -0.3420201 0.9396926 0 0.3420201 -0.9396926 -0 0.3420201 -0.9396926 -0 0 0 0 -0.3007058 0.953717 0 -0.3007058 0.953717 0 0.3007058 -0.953717 -0 0.3007058 -0.953717 -0 0 0 0 -0.258819 0.9659258 0 -0.258819 0.9659258 0 0.258819 -0.9659258 -0 0.258819 -0.9659258 -0 0 0 0 -0.2164396 0.976296 0 -0.2164396 0.976296 0 0.2164396 -0.976296 -0 0.2164396 -0.976296 -0 0 0 0 -0.1736482 0.9848078 0 -0.1736482 0.9848078 0 0.1736482 -0.9848078 -0 0.1736482 -0.9848078 -0 0 0 0 -0.1305262 0.9914449 0 -0.1305262 0.9914449 0 0.1305262 -0.9914449 -0 0.1305262 -0.9914449 -0 0 0 0 -0.08715574 0.9961947 0 -0.08715574 0.9961947 0 0.08715574 -0.9961947 -0 0.08715574 -0.9961947 -0 0 0 0 -0.04361939 0.9990482 0 -0.04361939 0.9990482 0 0.04361939 -0.9990482 -0 0.04361939 -0.9990482 -0 0 0 0 -1.634841e-16 1 0 -1.634841e-16 1 0 1.634841e-16 -1 -0 1.634841e-16 -1 -0 0 0 0 0.04361939 0.9990482 0 0.04361939 0.9990482 0 -0.04361939 -0.9990482 -0 -0.04361939 -0.9990482 -0 0 0 0 0.08715574 0.9961947 0 0.08715574 0.9961947 0 -0.08715574 -0.9961947 -0 -0.08715574 -0.9961947 -0 0 0 0 0.1305262 0.9914449 0 0.1305262 0.9914449 0 -0.1305262 -0.9914449 -0 -0.1305262 -0.9914449 -0 0 0 0 0.1736482 0.9848078 0 0.1736482 0.9848078 0 -0.1736482 -0.9848078 -0 -0.1736482 -0.9848078 -0 0 0 0 0.2164396 0.976296 0 0.2164396 0.976296 0 -0.2164396 -0.976296 -0 -0.2164396 -0.976296 -0 0 0 0 0.258819 0.9659258 0 0.258819 0.9659258 0 -0.258819 -0.9659258 -0 -0.258819 -0.9659258 -0 0 0 0 0.3007058 0.953717 0 0.3007058 0.953717 0 -0.3007058 -0.953717 -0 -0.3007058 -0.953717 -0 0 0 0 0.3420201 0.9396926 0 0.3420201 0.9396926 0 -0.3420201 -0.9396926 -0 -0.3420201 -0.9396926 -0 0 0 0 0.3826834 0.9238795 0 0.3826834 0.9238795 0 -0.3826834 -0.9238795 -0 -0.3826834 -0.9238795 -0 0 0 0 0.4226183 0.9063078 0 0.4226183 0.9063078 0 -0.4226183 -0.9063078 -0 -0.4226183 -0.9063078 -0 0 0 0 0.4617486 0.8870108 0 0.4617486 0.8870108 0 -0.4617486 -0.8870108 -0 -0.4617486 -0.8870108 -0 0 0 0 0.5 0.8660254 0 0.5 0.8660254 0 -0.5 -0.8660254 -0 -0.5 -0.8660254 -0 0 0 0 0.5372996 0.8433914 0 0.5372996 0.8433914 0 -0.5372996 -0.8433914 -0 -0.5372996 -0.8433914 -0 0 0 0 0.5735764 0.819152 0 0.5735764 0.819152 0 -0.5735764 -0.819152 -0 -0.5735764 -0.819152 -0 0 0 0 0.6087614 0.7933533 0 0.6087614 0.7933533 0 -0.6087614 -0.7933533 -0 -0.6087614 -0.7933533 -0 0 0 0 0.6427876 0.7660444 0 0.6427876 0.7660444 0 -0.6427876 -0.7660444 -0 -0.6427876 -0.7660444 -0 0 0 0 0.6755902 0.7372773 0 0.6755902 0.7372773 0 -0.6755902 -0.7372773 -0 -0.6755902 -0.7372773 -0 0 0 0 0.7071068 0.7071068 0 0.7071068 0.7071068 0 -0.7071068 -0.7071068 -0 -0.7071068 -0.7071068 -0 0 0 0 0.7372773 0.6755902 0 0.7372773 0.6755902 0 -0.7372773 -0.6755902 -0 -0.7372773 -0.6755902 -0 0 0 0 0.7660444 0.6427876 0 0.7660444 0.6427876 0 -0.7660444 -0.6427876 -0 -0.7660444 -0.6427876 -0 0 0 0 0.7933533 0.6087614 0 0.7933533 0.6087614 0 -0.7933533 -0.6087614 -0 -0.7933533 -0.6087614 -0 0 0 0 0.819152 0.5735764 0 0.819152 0.5735764 0 -0.819152 -0.5735764 -0 -0.819152 -0.5735764 -0 0 0 0 0.8433914 0.5372996 0 0.8433914 0.5372996 0 -0.8433914 -0.5372996 -0 -0.8433914 -0.5372996 -0 0 0 0 0.8660254 0.5 0 0.8660254 0.5 0 -0.8660254 -0.5 -0 -0.8660254 -0.5 -0 0 0 0 0.8870108 0.4617486 0 0.8870108 0.4617486 0 -0.8870108 -0.4617486 -0 -0.8870108 -0.4617486 -0 0 0 0 0.9063078 0.4226183 0 0.9063078 0.4226183 0 -0.9063078 -0.4226183 -0 -0.9063078 -0.4226183 -0 0 0 0 0.9238795 0.3826834 0 0.9238795 0.3826834 0 -0.9238795 -0.3826834 -0 -0.9238795 -0.3826834 -0 0 0 0 0.9396926 0.3420201 0 0.9396926 0.3420201 0 -0.9396926 -0.3420201 -0 -0.9396926 -0.3420201 -0 0 0 0 0.953717 0.3007058 0 0.953717 0.3007058 0 -0.953717 -0.3007058 -0 -0.953717 -0.3007058 -0 0 0 0 0.9659258 0.258819 0 0.9659258 0.258819 0 -0.9659258 -0.258819 -0 -0.9659258 -0.258819 -0 0 0 0 0.976296 0.2164396 0 0.976296 0.2164396 0 -0.976296 -0.2164396 -0 -0.976296 -0.2164396 -0 0 0 0 0.9848078 0.1736482 0 0.9848078 0.1736482 0 -0.9848078 -0.1736482 -0 -0.9848078 -0.1736482 -0 0 0 0 0.9914449 0.1305262 0 0.9914449 0.1305262 0 -0.9914449 -0.1305262 -0 -0.9914449 -0.1305262 -0 0 0 0 0.9961947 0.08715574 0 0.9961947 0.08715574 0 -0.9961947 -0.08715574 -0 -0.9961947 -0.08715574 -0 0 0 0 0.9990482 0.04361939 0 0.9990482 0.04361939 0 -0.9990482 -0.04361939 -0 -0.9990482 -0.04361939 -0 0 0 0 1 -1.738675e-15 0 1 -1.738675e-15 0 -1 1.738675e-15 -0 -1 1.738675e-15 -0 0 0 0 0.9990482 -0.04361939 0 0.9990482 -0.04361939 0 -0.9990482 0.04361939 -0 -0.9990482 0.04361939 -0 0 0 0 0.9961947 -0.08715574 0 0.9961947 -0.08715574 0 -0.9961947 0.08715574 -0 -0.9961947 0.08715574 -0 0 0 0 0.9914449 -0.1305262 0 0.9914449 -0.1305262 0 -0.9914449 0.1305262 -0 -0.9914449 0.1305262 -0 0 0 0 0.9848078 -0.1736482 0 0.9848078 -0.1736482 0 -0.9848078 0.1736482 -0 -0.9848078 0.1736482 -0 0 0 0 0.976296 -0.2164396 0 0.976296 -0.2164396 0 -0.976296 0.2164396 -0 -0.976296 0.2164396 -0 0 0 0 0.9659258 -0.258819 0 0.9659258 -0.258819 0 -0.9659258 0.258819 -0 -0.9659258 0.258819 -0 0 0 0 0.953717 -0.3007058 0 0.953717 -0.3007058 0 -0.953717 0.3007058 -0 -0.953717 0.3007058 -0 0 0 0 0.9396926 -0.3420201 0 0.9396926 -0.3420201 0 -0.9396926 0.3420201 -0 -0.9396926 0.3420201 -0 0 0 0 0.9238795 -0.3826834 0 0.9238795 -0.3826834 0 -0.9238795 0.3826834 -0 -0.9238795 0.3826834 -0 0 0 0 0.9063078 -0.4226183 0 0.9063078 -0.4226183 0 -0.9063078 0.4226183 -0 -0.9063078 0.4226183 -0 0 0 0 0.8870108 -0.4617486 0 0.8870108 -0.4617486 0 -0.8870108 0.4617486 -0 -0.8870108 0.4617486 -0 0 0 0 0.8660254 -0.5 0 0.8660254 -0.5 0 -0.8660254 0.5 -0 -0.8660254 0.5 -0 0 0 0 0.8433914 -0.5372996 0 0.8433914 -0.5372996 0 -0.8433914 0.5372996 -0 -0.8433914 0.5372996 -0 0 0 0 0.819152 -0.5735764 0 0.819152 -0.5735764 0 -0.819152 0.5735764 -0 -0.819152 0.5735764 -0 0 0 0 0.7933533 -0.6087614 0 0.7933533 -0.6087614 0 -0.7933533 0.6087614 -0 -0.7933533 0.6087614 -0 0 0 0 0.7660444 -0.6427876 0 0.7660444 -0.6427876 0 -0.7660444 0.6427876 -0 -0.7660444 0.6427876 -0 0 0 0 0.7372773 -0.6755902 0 0.7372773 -0.6755902 0 -0.7372773 0.6755902 -0 -0.7372773 0.6755902 -0 0 0 0 0.7071068 -0.7071068 0 0.7071068 -0.7071068 0 -0.7071068 0.7071068 -0 -0.7071068 0.7071068 -0 0 0 0 0.6755902 -0.7372773 0 0.6755902 -0.7372773 0 -0.6755902 0.7372773 -0 -0.6755902 0.7372773 -0 0 0 0 0.6427876 -0.7660444 0 0.6427876 -0.7660444 0 -0.6427876 0.7660444 -0 -0.6427876 0.7660444 -0 0 0 0 0.6087614 -0.7933533 0 0.6087614 -0.7933533 0 -0.6087614 0.7933533 -0 -0.6087614 0.7933533 -0 0 0 0 0.5735764 -0.819152 0 0.5735764 -0.819152 0 -0.5735764 0.819152 -0 -0.5735764 0.819152 -0 0 0 0 0.5372996 -0.8433914 0 0.5372996 -0.8433914 0 -0.5372996 0.8433914 -0 -0.5372996 0.8433914 -0 0 0 0 0.5 -0.8660254 0 0.5 -0.8660254 0 -0.5 0.8660254 -0 -0.5 0.8660254 -0 0 0 0 0.4617486 -0.8870108 0 0.4617486 -0.8870108 0 -0.4617486 0.8870108 -0 -0.4617486 0.8870108 -0 0 0 0 0.4226183 -0.9063078 0 0.4226183 -0.9063078 0 -0.4226183 0.9063078 -0 -0.4226183 0.9063078 -0 0 0 0 0.3826834 -0.9238795 0 0.3826834 -0.9238795 0 -0.3826834 0.9238795 -0 -0.3826834 0.9238795 -0 0 0 0 0.3420201 -0.9396926 0 0.3420201 -0.9396926 0 -0.3420201 0.9396926 -0 -0.3420201 0.9396926 -0 0 0 0 0.3007058 -0.953717 0 0.3007058 -0.953717 0 -0.3007058 0.953717 -0 -0.3007058 0.953717 -0 0 0 0 0.258819 -0.9659258 0 0.258819 -0.9659258 0 -0.258819 0.9659258 -0 -0.258819 0.9659258 -0 0 0 0 0.2164396 -0.976296 0 0.2164396 -0.976296 0 -0.2164396 0.976296 -0 -0.2164396 0.976296 -0 0 0 0 0.1736482 -0.9848078 0 0.1736482 -0.9848078 0 -0.1736482 0.9848078 -0 -0.1736482 0.9848078 -0 0 0 0 0.1305262 -0.9914449 0 0.1305262 -0.9914449 0 -0.1305262 0.9914449 -0 -0.1305262 0.9914449 -0 -0.1736482 -0.9848078 0 -0.1736482 -0.9848078 0 0.1736482 0.9848078 -0 0.1736482 0.9848078 -0 0 0 0 -0.2164396 -0.976296 0 -0.2164396 -0.976296 0 0.2164396 0.976296 -0 0.2164396 0.976296 -0 0 0 0 -0.258819 -0.9659258 0 -0.258819 -0.9659258 0 0.258819 0.9659258 -0 0.258819 0.9659258 -0 0 0 0 -0.3007058 -0.953717 0 -0.3007058 -0.953717 0 0.3007058 0.953717 -0 0.3007058 0.953717 -0 0 0 0 -0.3420201 -0.9396926 0 -0.3420201 -0.9396926 0 0.3420201 0.9396926 -0 0.3420201 0.9396926 -0 0 0 0 -0.3826834 -0.9238795 0 -0.3826834 -0.9238795 0 0.3826834 0.9238795 -0 0.3826834 0.9238795 -0 0 0 0 -0.4226183 -0.9063078 0 -0.4226183 -0.9063078 0 0.4226183 0.9063078 -0 0.4226183 0.9063078 -0 0 0 0 -0.4617486 -0.8870108 0 -0.4617486 -0.8870108 0 0.4617486 0.8870108 -0 0.4617486 0.8870108 -0 0 0 0 -0.5 -0.8660254 0 -0.5 -0.8660254 0 0.5 0.8660254 -0 0.5 0.8660254 -0 0 0 0 -0.5372996 -0.8433914 0 -0.5372996 -0.8433914 0 0.5372996 0.8433914 -0 0.5372996 0.8433914 -0 0 0 0 -0.5735764 -0.819152 0 -0.5735764 -0.819152 0 0.5735764 0.819152 -0 0.5735764 0.819152 -0 0 0 0 -0.6087614 -0.7933533 0 -0.6087614 -0.7933533 0 0.6087614 0.7933533 -0 0.6087614 0.7933533 -0 0 0 0 -0.6427876 -0.7660444 0 -0.6427876 -0.7660444 0 0.6427876 0.7660444 -0 0.6427876 0.7660444 -0 0 0 0 -0.6755902 -0.7372773 0 -0.6755902 -0.7372773 0 0.6755902 0.7372773 -0 0.6755902 0.7372773 -0 0 0 0 -0.7071068 -0.7071068 0 -0.7071068 -0.7071068 0 0.7071068 0.7071068 -0 0.7071068 0.7071068 -0 0 0 0 -0.7372773 -0.6755902 0 -0.7372773 -0.6755902 0 0.7372773 0.6755902 -0 0.7372773 0.6755902 -0 0 0 0 -0.7660444 -0.6427876 0 -0.7660444 -0.6427876 0 0.7660444 0.6427876 -0 0.7660444 0.6427876 -0 0 0 0 -0.7933533 -0.6087614 0 -0.7933533 -0.6087614 0 0.7933533 0.6087614 -0 0.7933533 0.6087614 -0 0 0 0 -0.819152 -0.5735764 0 -0.819152 -0.5735764 0 0.819152 0.5735764 -0 0.819152 0.5735764 -0 0 0 0 -0.8433914 -0.5372996 0 -0.8433914 -0.5372996 0 0.8433914 0.5372996 -0 0.8433914 0.5372996 -0 0 0 0 -0.8660254 -0.5 0 -0.8660254 -0.5 0 0.8660254 0.5 -0 0.8660254 0.5 -0 0 0 0 -0.8870108 -0.4617486 0 -0.8870108 -0.4617486 0 0.8870108 0.4617486 -0 0.8870108 0.4617486 -0 0 0 0 -0.9063078 -0.4226183 0 -0.9063078 -0.4226183 0 0.9063078 0.4226183 -0 0.9063078 0.4226183 -0 0 0 0 -0.9238795 -0.3826834 0 -0.9238795 -0.3826834 0 0.9238795 0.3826834 -0 0.9238795 0.3826834 -0 0 0 0 -0.9396926 -0.3420201 0 -0.9396926 -0.3420201 0 0.9396926 0.3420201 -0 0.9396926 0.3420201 -0 0 0 0 -0.953717 -0.3007058 0 -0.953717 -0.3007058 0 0.953717 0.3007058 -0 0.953717 0.3007058 -0 0 0 0 -0.9659258 -0.258819 0 -0.9659258 -0.258819 0 0.9659258 0.258819 -0 0.9659258 0.258819 -0 0 0 0 -0.976296 -0.2164396 0 -0.976296 -0.2164396 0 0.976296 0.2164396 -0 0.976296 0.2164396 -0 0 0 0 -0.9848078 -0.1736482 0 -0.9848078 -0.1736482 0 0.9848078 0.1736482 -0 0.9848078 0.1736482 -0 0 0 0 -0.9914449 -0.1305262 0 -0.9914449 -0.1305262 0 0.9914449 0.1305262 -0 0.9914449 0.1305262 -0 0 0 0 -0.9961947 -0.08715574 0 -0.9961947 -0.08715574 0 0.9961947 0.08715574 -0 0.9961947 0.08715574 -0 0 0 0 -0.9990482 -0.04361939 0 -0.9990482 -0.04361939 0 0.9990482 0.04361939 -0 0.9990482 0.04361939 -0 0 0 0 -1 1.544262e-15 0 -1 1.544262e-15 0 1 -1.544262e-15 -0 1 -1.544262e-15 -0 0 0 0 -0.9990482 0.04361939 0 -0.9990482 0.04361939 0 0.9990482 -0.04361939 -0 0.9990482 -0.04361939 -0 0 0 0 -0.9961947 0.08715574 0 -0.9961947 0.08715574 0 0.9961947 -0.08715574 -0 0.9961947 -0.08715574 -0 0 0 0 -0.9914449 0.1305262 0 -0.9914449 0.1305262 0 0.9914449 -0.1305262 -0 0.9914449 -0.1305262 -0 0 0 0 -0.9848078 0.1736482 0 -0.9848078 0.1736482 0 0.9848078 -0.1736482 -0 0.9848078 -0.1736482 -0 0 0 0 -0.976296 0.2164396 0 -0.976296 0.2164396 0 0.976296 -0.2164396 -0 0.976296 -0.2164396 -0 0 0 0 -0.9659258 0.258819 0 -0.9659258 0.258819 0 0.9659258 -0.258819 -0 0.9659258 -0.258819 -0 0 0 0 -0.953717 0.3007058 0 -0.953717 0.3007058 0 0.953717 -0.3007058 -0 0.953717 -0.3007058 -0 0 0 0 -0.9396926 0.3420201 0 -0.9396926 0.3420201 0 0.9396926 -0.3420201 -0 0.9396926 -0.3420201 -0 0 0 0 -0.9238795 0.3826834 0 -0.9238795 0.3826834 0 0.9238795 -0.3826834 -0 0.9238795 -0.3826834 -0 0 0 0 -0.9063078 0.4226183 0 -0.9063078 0.4226183 0 0.9063078 -0.4226183 -0 0.9063078 -0.4226183 -0 0 0 0 -0.258819 0.9659258 0 -0.2582639 0.9638539 0.06546249 0.2582639 -0.9638539 -0.06546249 0.258819 -0.9659258 -0 0 0 0 -0.2090382 0.9429106 0.2592734 0.2090382 -0.9429106 -0.2592734 0 0 0 -0.1503048 0.8524208 0.5007866 0.1503048 -0.8524208 -0.5007866 0 0 0 0.3000608 0.9516713 0.06546249 0.3007058 0.953717 0 -0.3000608 -0.9516713 -0.06546249 -0.3007058 -0.953717 -0 0 0 0 0.2499685 0.932895 0.2592734 -0.2499685 -0.932895 -0.2592734 0 0 0 0.1873438 0.8450533 0.5007866 -0.1873438 -0.8450533 -0.5007866 0 0 0 0.12263 0.6954694 0.7080143 -0.12263 -0.6954694 -0.7080143 0 0 0 -0.12263 0.6954694 0.7080143 0.12263 -0.6954694 -0.7080143 0 0 0 0.08658757 0.4910625 0.8668104 -0.08658757 -0.4910625 -0.8668104 0 0 0 -0.08658757 0.4910625 0.8668104 0.08658757 -0.4910625 -0.8668104 0 0 0 0.04464947 0.2532197 0.9663779 -0.04464947 -0.2532197 -0.9663779 0 0 0 -0.04464947 0.2532197 0.9663779 0.04464947 -0.2532197 -0.9663779 0 0 0 0.02266564 0.1285432 0.9914449 -0.02266564 -0.1285432 -0.9914449 -0.02266564 0.1285432 0.9914449 0.02266564 -0.1285432 -0.9914449 0.2280736 -0.1187276 0.9663779 0.113039 -0.0652631 0.9914449 0.1157781 -0.06027029 0.9914449 0.2226777 -0.128563 0.9663779 -0.2226777 0.128563 -0.9663779 -0.2280736 0.1187276 -0.9663779 -0.113039 0.0652631 -0.9914449 -0.1157781 0.06027029 -0.9914449 0 0 0 0 0 0 0.1100847 -0.07013167 0.9914449 0.2168579 -0.1381537 0.9663779 -0.2168579 0.1381537 -0.9663779 -0.1100847 0.07013167 -0.9914449 0 0 0 0.1069208 -0.07486675 0.9914449 0.2106253 -0.1474815 0.9663779 -0.2106253 0.1474815 -0.9663779 -0.1069208 0.07486675 -0.9914449 0 0 0 0.1035534 -0.07945931 0.9914449 0.2039918 -0.1565284 0.9663779 -0.2039918 0.1565284 -0.9663779 -0.1035534 0.07945931 -0.9914449 0 0 0 0.09998886 -0.08390062 0.9914449 0.19697 -0.1652775 0.9663779 -0.19697 0.1652775 -0.9663779 -0.09998886 0.08390062 -0.9914449 0 0 0 0.096234 -0.08818222 0.9914449 0.1895732 -0.1737119 0.9663779 -0.1895732 0.1737119 -0.9663779 -0.096234 0.08818222 -0.9914449 0 0 0 0.09229596 -0.09229596 0.9914449 0.1818156 -0.1818156 0.9663779 -0.1818156 0.1818156 -0.9663779 -0.09229596 0.09229596 -0.9914449 0 0 0 0.08818222 -0.096234 0.9914449 0.1737119 -0.1895732 0.9663779 -0.1737119 0.1895732 -0.9663779 -0.08818222 0.096234 -0.9914449 0 0 0 0.08390062 -0.09998886 0.9914449 0.1652775 -0.19697 0.9663779 -0.1652775 0.19697 -0.9663779 -0.08390062 0.09998886 -0.9914449 0 0 0 0.07945931 -0.1035534 0.9914449 0.1565284 -0.2039918 0.9663779 -0.1565284 0.2039918 -0.9663779 -0.07945931 0.1035534 -0.9914449 0 0 0 0.07486675 -0.1069208 0.9914449 0.1474815 -0.2106253 0.9663779 -0.1474815 0.2106253 -0.9663779 -0.07486675 0.1069208 -0.9914449 0 0 0 0.07013167 -0.1100847 0.9914449 0.1381537 -0.2168579 0.9663779 -0.1381537 0.2168579 -0.9663779 -0.07013167 0.1100847 -0.9914449 0 0 0 0.0652631 -0.113039 0.9914449 0.128563 -0.2226777 0.9663779 -0.128563 0.2226777 -0.9663779 -0.0652631 0.113039 -0.9914449 0 0 0 0.06027029 -0.1157781 0.9914449 0.1187276 -0.2280736 0.9663779 -0.1187276 0.2280736 -0.9663779 -0.06027029 0.1157781 -0.9914449 0 0 0 0.05516275 -0.1182969 0.9914449 0.1086662 -0.2330354 0.9663779 -0.1086662 0.2330354 -0.9663779 -0.05516275 0.1182969 -0.9914449 0 0 0 0.04995021 -0.1205905 0.9914449 0.09839789 -0.2375535 0.9663779 -0.09839789 0.2375535 -0.9663779 -0.04995021 0.1205905 -0.9914449 0 0 0 0.04464259 -0.1226545 0.9914449 0.0879423 -0.2416195 0.9663779 -0.0879423 0.2416195 -0.9663779 -0.04464259 0.1226545 -0.9914449 0 0 0 0.03924998 -0.124485 0.9914449 0.0773193 -0.2452255 0.9663779 -0.0773193 0.2452255 -0.9663779 -0.03924998 0.124485 -0.9914449 0 0 0 0.03378266 -0.1260786 0.9914449 0.06654912 -0.2483647 0.9663779 -0.06654912 0.2483647 -0.9663779 -0.03378266 0.1260786 -0.9914449 0 0 0 0.02825104 -0.1274322 0.9914449 0.05565227 -0.2510312 0.9663779 -0.05565227 0.2510312 -0.9663779 -0.02825104 0.1274322 -0.9914449 0 0 0 0.02266564 -0.1285432 0.9914449 0.04464947 -0.2532197 0.9663779 -0.04464947 0.2532197 -0.9663779 -0.02266564 0.1285432 -0.9914449 0 0 0 0.01703709 -0.1294095 0.9914449 0.03356169 -0.2549263 0.9663779 -0.03356169 0.2549263 -0.9663779 -0.01703709 0.1294095 -0.9914449 0 0 0 0.01137611 -0.1300295 0.9914449 0.02241001 -0.2561476 0.9663779 -0.02241001 0.2561476 -0.9663779 -0.01137611 0.1300295 -0.9914449 0 0 0 0.005693473 -0.130402 0.9914449 0.01121568 -0.2568813 0.9663779 -0.01121568 0.2568813 -0.9663779 -0.005693473 0.130402 -0.9914449 0 0 0 2.491518e-17 -0.1305262 0.9914449 3.827264e-17 -0.2571261 0.9663779 -3.827264e-17 0.2571261 -0.9663779 -2.491518e-17 0.1305262 -0.9914449 0 0 0 -0.005693473 -0.130402 0.9914449 -0.01121568 -0.2568813 0.9663779 0.01121568 0.2568813 -0.9663779 0.005693473 0.130402 -0.9914449 0 0 0 -0.02241001 -0.2561476 0.9663779 -0.01137611 -0.1300295 0.9914449 0.01137611 0.1300295 -0.9914449 0.02241001 0.2561476 -0.9663779 0 0 0 -0.03356169 -0.2549263 0.9663779 -0.01703709 -0.1294095 0.9914449 0.01703709 0.1294095 -0.9914449 0.03356169 0.2549263 -0.9663779 0 0 0 -0.04464947 -0.2532197 0.9663779 -0.02266564 -0.1285432 0.9914449 0.02266564 0.1285432 -0.9914449 0.04464947 0.2532197 -0.9663779 0 0 0 -0.05565227 -0.2510312 0.9663779 -0.02825104 -0.1274322 0.9914449 0.02825104 0.1274322 -0.9914449 0.05565227 0.2510312 -0.9663779 0 0 0 -0.06654912 -0.2483647 0.9663779 -0.03378266 -0.1260786 0.9914449 0.03378266 0.1260786 -0.9914449 0.06654912 0.2483647 -0.9663779 0 0 0 -0.0773193 -0.2452255 0.9663779 -0.03924998 -0.124485 0.9914449 0.03924998 0.124485 -0.9914449 0.0773193 0.2452255 -0.9663779 0 0 0 -0.0879423 -0.2416195 0.9663779 -0.04464259 -0.1226545 0.9914449 0.04464259 0.1226545 -0.9914449 0.0879423 0.2416195 -0.9663779 0 0 0 -0.09839789 -0.2375535 0.9663779 -0.04995021 -0.1205905 0.9914449 0.04995021 0.1205905 -0.9914449 0.09839789 0.2375535 -0.9663779 0 0 0 -0.1086662 -0.2330354 0.9663779 -0.05516275 -0.1182969 0.9914449 0.05516275 0.1182969 -0.9914449 0.1086662 0.2330354 -0.9663779 0 0 0 -0.1187276 -0.2280736 0.9663779 -0.06027029 -0.1157781 0.9914449 0.06027029 0.1157781 -0.9914449 0.1187276 0.2280736 -0.9663779 0 0 0 -0.128563 -0.2226777 0.9663779 -0.0652631 -0.113039 0.9914449 0.0652631 0.113039 -0.9914449 0.128563 0.2226777 -0.9663779 0 0 0 -0.1381537 -0.2168579 0.9663779 -0.07013167 -0.1100847 0.9914449 0.07013167 0.1100847 -0.9914449 0.1381537 0.2168579 -0.9663779 0 0 0 -0.1474815 -0.2106253 0.9663779 -0.07486675 -0.1069208 0.9914449 0.07486675 0.1069208 -0.9914449 0.1474815 0.2106253 -0.9663779 0 0 0 -0.1565284 -0.2039918 0.9663779 -0.07945931 -0.1035534 0.9914449 0.07945931 0.1035534 -0.9914449 0.1565284 0.2039918 -0.9663779 0 0 0 -0.1652775 -0.19697 0.9663779 -0.08390062 -0.09998886 0.9914449 0.08390062 0.09998886 -0.9914449 0.1652775 0.19697 -0.9663779 0 0 0 -0.1737119 -0.1895732 0.9663779 -0.08818222 -0.096234 0.9914449 0.08818222 0.096234 -0.9914449 0.1737119 0.1895732 -0.9663779 0 0 0 -0.1818156 -0.1818156 0.9663779 -0.09229596 -0.09229596 0.9914449 0.09229596 0.09229596 -0.9914449 0.1818156 0.1818156 -0.9663779 0 0 0 -0.1895732 -0.1737119 0.9663779 -0.096234 -0.08818222 0.9914449 0.096234 0.08818222 -0.9914449 0.1895732 0.1737119 -0.9663779 0 0 0 -0.19697 -0.1652775 0.9663779 -0.09998886 -0.08390062 0.9914449 0.09998886 0.08390062 -0.9914449 0.19697 0.1652775 -0.9663779 0 0 0 -0.2039918 -0.1565284 0.9663779 -0.1035534 -0.07945931 0.9914449 0.1035534 0.07945931 -0.9914449 0.2039918 0.1565284 -0.9663779 0 0 0 -0.2106253 -0.1474815 0.9663779 -0.1069208 -0.07486675 0.9914449 0.1069208 0.07486675 -0.9914449 0.2106253 0.1474815 -0.9663779 0 0 0 -0.2168579 -0.1381537 0.9663779 -0.1100847 -0.07013167 0.9914449 0.1100847 0.07013167 -0.9914449 0.2168579 0.1381537 -0.9663779 0 0 0 -0.2226777 -0.128563 0.9663779 -0.113039 -0.0652631 0.9914449 0.113039 0.0652631 -0.9914449 0.2226777 0.128563 -0.9663779 0 0 0 -0.2280736 -0.1187276 0.9663779 -0.1157781 -0.06027029 0.9914449 0.1157781 0.06027029 -0.9914449 0.2280736 0.1187276 -0.9663779 0 0 0 -0.2330354 -0.1086662 0.9663779 -0.1182969 -0.05516275 0.9914449 0.1182969 0.05516275 -0.9914449 0.2330354 0.1086662 -0.9663779 0 0 0 -0.2375535 -0.09839789 0.9663779 -0.1205905 -0.04995021 0.9914449 0.1205905 0.04995021 -0.9914449 0.2375535 0.09839789 -0.9663779 0 0 0 -0.2416195 -0.0879423 0.9663779 -0.1226545 -0.04464259 0.9914449 0.1226545 0.04464259 -0.9914449 0.2416195 0.0879423 -0.9663779 0 0 0 -0.2452255 -0.0773193 0.9663779 -0.124485 -0.03924998 0.9914449 0.124485 0.03924998 -0.9914449 0.2452255 0.0773193 -0.9663779 0 0 0 -0.2483647 -0.06654912 0.9663779 -0.1260786 -0.03378266 0.9914449 0.1260786 0.03378266 -0.9914449 0.2483647 0.06654912 -0.9663779 0 0 0 -0.2510312 -0.05565227 0.9663779 -0.1274322 -0.02825104 0.9914449 0.1274322 0.02825104 -0.9914449 0.2510312 0.05565227 -0.9663779 0 0 0 -0.2532197 -0.04464947 0.9663779 -0.1285432 -0.02266564 0.9914449 0.1285432 0.02266564 -0.9914449 0.2532197 0.04464947 -0.9663779 0 0 0 -0.2549263 -0.03356169 0.9663779 -0.1294095 -0.01703709 0.9914449 0.1294095 0.01703709 -0.9914449 0.2549263 0.03356169 -0.9663779 0 0 0 -0.2561476 -0.02241001 0.9663779 -0.1300295 -0.01137611 0.9914449 0.1300295 0.01137611 -0.9914449 0.2561476 0.02241001 -0.9663779 0 0 0 -0.2568813 -0.01121568 0.9663779 -0.130402 -0.005693473 0.9914449 0.130402 0.005693473 -0.9914449 0.2568813 0.01121568 -0.9663779 0 0 0 -0.2571261 5.583631e-16 0.9663779 -0.1305262 1.870038e-16 0.9914449 0.1305262 -1.870038e-16 -0.9914449 0.2571261 -5.583631e-16 -0.9663779 0 0 0 -0.130402 0.005693473 0.9914449 -0.2568813 0.01121568 0.9663779 0.130402 -0.005693473 -0.9914449 0.2568813 -0.01121568 -0.9663779 0 0 0 -0.1300295 0.01137611 0.9914449 -0.2561476 0.02241001 0.9663779 0.1300295 -0.01137611 -0.9914449 0.2561476 -0.02241001 -0.9663779 0 0 0 -0.1294095 0.01703709 0.9914449 -0.2549263 0.03356169 0.9663779 0.1294095 -0.01703709 -0.9914449 0.2549263 -0.03356169 -0.9663779 0 0 0 -0.1285432 0.02266564 0.9914449 -0.2532197 0.04464947 0.9663779 0.1285432 -0.02266564 -0.9914449 0.2532197 -0.04464947 -0.9663779 0 0 0 -0.1274322 0.02825104 0.9914449 -0.2510312 0.05565227 0.9663779 0.1274322 -0.02825104 -0.9914449 0.2510312 -0.05565227 -0.9663779 0 0 0 -0.1260786 0.03378266 0.9914449 -0.2483647 0.06654912 0.9663779 0.1260786 -0.03378266 -0.9914449 0.2483647 -0.06654912 -0.9663779 0 0 0 -0.124485 0.03924998 0.9914449 -0.2452255 0.0773193 0.9663779 0.124485 -0.03924998 -0.9914449 0.2452255 -0.0773193 -0.9663779 0 0 0 -0.1226545 0.04464259 0.9914449 -0.2416195 0.0879423 0.9663779 0.1226545 -0.04464259 -0.9914449 0.2416195 -0.0879423 -0.9663779 0 0 0 -0.1205905 0.04995021 0.9914449 -0.2375535 0.09839789 0.9663779 0.1205905 -0.04995021 -0.9914449 0.2375535 -0.09839789 -0.9663779 0 0 0 -0.1182969 0.05516275 0.9914449 -0.2330354 0.1086662 0.9663779 0.1182969 -0.05516275 -0.9914449 0.2330354 -0.1086662 -0.9663779 0 0 0 -0.1157781 0.06027029 0.9914449 -0.2280736 0.1187276 0.9663779 0.1157781 -0.06027029 -0.9914449 0.2280736 -0.1187276 -0.9663779 0 0 0 -0.113039 0.0652631 0.9914449 -0.2226777 0.128563 0.9663779 0.113039 -0.0652631 -0.9914449 0.2226777 -0.128563 -0.9663779 0 0 0 -0.1100847 0.07013167 0.9914449 -0.2168579 0.1381537 0.9663779 0.1100847 -0.07013167 -0.9914449 0.2168579 -0.1381537 -0.9663779 0 0 0 -0.1069208 0.07486675 0.9914449 -0.2106253 0.1474815 0.9663779 0.1069208 -0.07486675 -0.9914449 0.2106253 -0.1474815 -0.9663779 0 0 0 -0.1035534 0.07945931 0.9914449 -0.2039918 0.1565284 0.9663779 0.1035534 -0.07945931 -0.9914449 0.2039918 -0.1565284 -0.9663779 0 0 0 -0.09998886 0.08390062 0.9914449 -0.19697 0.1652775 0.9663779 0.09998886 -0.08390062 -0.9914449 0.19697 -0.1652775 -0.9663779 0 0 0 -0.096234 0.08818222 0.9914449 -0.1895732 0.1737119 0.9663779 0.096234 -0.08818222 -0.9914449 0.1895732 -0.1737119 -0.9663779 0 0 0 -0.09229596 0.09229596 0.9914449 -0.1818156 0.1818156 0.9663779 0.09229596 -0.09229596 -0.9914449 0.1818156 -0.1818156 -0.9663779 0 0 0 -0.08818222 0.096234 0.9914449 -0.1737119 0.1895732 0.9663779 0.08818222 -0.096234 -0.9914449 0.1737119 -0.1895732 -0.9663779 0 0 0 -0.08390062 0.09998886 0.9914449 -0.1652775 0.19697 0.9663779 0.08390062 -0.09998886 -0.9914449 0.1652775 -0.19697 -0.9663779 0 0 0 -0.07945931 0.1035534 0.9914449 -0.1565284 0.2039918 0.9663779 0.07945931 -0.1035534 -0.9914449 0.1565284 -0.2039918 -0.9663779 0 0 0 -0.07486675 0.1069208 0.9914449 -0.1474815 0.2106253 0.9663779 0.07486675 -0.1069208 -0.9914449 0.1474815 -0.2106253 -0.9663779 0 0 0 -0.07013167 0.1100847 0.9914449 -0.1381537 0.2168579 0.9663779 0.07013167 -0.1100847 -0.9914449 0.1381537 -0.2168579 -0.9663779 0 0 0 -0.0652631 0.113039 0.9914449 -0.128563 0.2226777 0.9663779 0.0652631 -0.113039 -0.9914449 0.128563 -0.2226777 -0.9663779 0 0 0 -0.06027029 0.1157781 0.9914449 -0.1187276 0.2280736 0.9663779 0.06027029 -0.1157781 -0.9914449 0.1187276 -0.2280736 -0.9663779 0 0 0 -0.05516275 0.1182969 0.9914449 -0.1086662 0.2330354 0.9663779 0.05516275 -0.1182969 -0.9914449 0.1086662 -0.2330354 -0.9663779 0 0 0 -0.04995021 0.1205905 0.9914449 -0.09839789 0.2375535 0.9663779 0.04995021 -0.1205905 -0.9914449 0.09839789 -0.2375535 -0.9663779 0 0 0 -0.04464259 0.1226545 0.9914449 -0.0879423 0.2416195 0.9663779 0.04464259 -0.1226545 -0.9914449 0.0879423 -0.2416195 -0.9663779 0 0 0 -0.03924998 0.124485 0.9914449 -0.0773193 0.2452255 0.9663779 0.03924998 -0.124485 -0.9914449 0.0773193 -0.2452255 -0.9663779 0 0 0 -0.03378266 0.1260786 0.9914449 -0.06654912 0.2483647 0.9663779 0.03378266 -0.1260786 -0.9914449 0.06654912 -0.2483647 -0.9663779 0 0 0 -0.02825104 0.1274322 0.9914449 -0.05565227 0.2510312 0.9663779 0.02825104 -0.1274322 -0.9914449 0.05565227 -0.2510312 -0.9663779 0 0 0 0.05565227 0.2510312 0.9663779 0.02825104 0.1274322 0.9914449 -0.05565227 -0.2510312 -0.9663779 -0.02825104 -0.1274322 -0.9914449 0 0 0 0.06654912 0.2483647 0.9663779 0.03378266 0.1260786 0.9914449 -0.06654912 -0.2483647 -0.9663779 -0.03378266 -0.1260786 -0.9914449 0 0 0 0.0773193 0.2452255 0.9663779 0.03924998 0.124485 0.9914449 -0.0773193 -0.2452255 -0.9663779 -0.03924998 -0.124485 -0.9914449 0 0 0 0.0879423 0.2416195 0.9663779 0.04464259 0.1226545 0.9914449 -0.0879423 -0.2416195 -0.9663779 -0.04464259 -0.1226545 -0.9914449 0 0 0 0.09839789 0.2375535 0.9663779 0.04995021 0.1205905 0.9914449 -0.09839789 -0.2375535 -0.9663779 -0.04995021 -0.1205905 -0.9914449 0 0 0 0.1086662 0.2330354 0.9663779 0.05516275 0.1182969 0.9914449 -0.1086662 -0.2330354 -0.9663779 -0.05516275 -0.1182969 -0.9914449 0 0 0 0.1187276 0.2280736 0.9663779 0.06027029 0.1157781 0.9914449 -0.1187276 -0.2280736 -0.9663779 -0.06027029 -0.1157781 -0.9914449 0 0 0 0.128563 0.2226777 0.9663779 0.0652631 0.113039 0.9914449 -0.128563 -0.2226777 -0.9663779 -0.0652631 -0.113039 -0.9914449 0 0 0 0.1381537 0.2168579 0.9663779 0.07013167 0.1100847 0.9914449 -0.1381537 -0.2168579 -0.9663779 -0.07013167 -0.1100847 -0.9914449 0 0 0 0.1474815 0.2106253 0.9663779 0.07486675 0.1069208 0.9914449 -0.1474815 -0.2106253 -0.9663779 -0.07486675 -0.1069208 -0.9914449 0 0 0 0.1565284 0.2039918 0.9663779 0.07945931 0.1035534 0.9914449 -0.1565284 -0.2039918 -0.9663779 -0.07945931 -0.1035534 -0.9914449 0 0 0 0.1652775 0.19697 0.9663779 0.08390062 0.09998886 0.9914449 -0.1652775 -0.19697 -0.9663779 -0.08390062 -0.09998886 -0.9914449 0 0 0 0.1737119 0.1895732 0.9663779 0.08818222 0.096234 0.9914449 -0.1737119 -0.1895732 -0.9663779 -0.08818222 -0.096234 -0.9914449 0 0 0 0.1818156 0.1818156 0.9663779 0.09229596 0.09229596 0.9914449 -0.1818156 -0.1818156 -0.9663779 -0.09229596 -0.09229596 -0.9914449 0 0 0 0.1895732 0.1737119 0.9663779 0.096234 0.08818222 0.9914449 -0.1895732 -0.1737119 -0.9663779 -0.096234 -0.08818222 -0.9914449 0 0 0 0.19697 0.1652775 0.9663779 0.09998886 0.08390062 0.9914449 -0.19697 -0.1652775 -0.9663779 -0.09998886 -0.08390062 -0.9914449 0 0 0 0.2039918 0.1565284 0.9663779 0.1035534 0.07945931 0.9914449 -0.2039918 -0.1565284 -0.9663779 -0.1035534 -0.07945931 -0.9914449 0 0 0 0.2106253 0.1474815 0.9663779 0.1069208 0.07486675 0.9914449 -0.2106253 -0.1474815 -0.9663779 -0.1069208 -0.07486675 -0.9914449 0 0 0 0.2168579 0.1381537 0.9663779 0.1100847 0.07013167 0.9914449 -0.2168579 -0.1381537 -0.9663779 -0.1100847 -0.07013167 -0.9914449 0 0 0 0.2226777 0.128563 0.9663779 0.113039 0.0652631 0.9914449 -0.2226777 -0.128563 -0.9663779 -0.113039 -0.0652631 -0.9914449 0 0 0 0.2280736 0.1187276 0.9663779 0.1157781 0.06027029 0.9914449 -0.2280736 -0.1187276 -0.9663779 -0.1157781 -0.06027029 -0.9914449 0 0 0 0.2330354 0.1086662 0.9663779 0.1182969 0.05516275 0.9914449 -0.2330354 -0.1086662 -0.9663779 -0.1182969 -0.05516275 -0.9914449 0 0 0 0.2375535 0.09839789 0.9663779 0.1205905 0.04995021 0.9914449 -0.2375535 -0.09839789 -0.9663779 -0.1205905 -0.04995021 -0.9914449 0 0 0 0.2416195 0.0879423 0.9663779 0.1226545 0.04464259 0.9914449 -0.2416195 -0.0879423 -0.9663779 -0.1226545 -0.04464259 -0.9914449 0 0 0 0.2452255 0.0773193 0.9663779 0.124485 0.03924998 0.9914449 -0.2452255 -0.0773193 -0.9663779 -0.124485 -0.03924998 -0.9914449 0 0 0 0.2483647 0.06654912 0.9663779 0.1260786 0.03378266 0.9914449 -0.2483647 -0.06654912 -0.9663779 -0.1260786 -0.03378266 -0.9914449 0 0 0 0.2510312 0.05565227 0.9663779 0.1274322 0.02825104 0.9914449 -0.2510312 -0.05565227 -0.9663779 -0.1274322 -0.02825104 -0.9914449 0 0 0 0.2532197 0.04464947 0.9663779 0.1285432 0.02266564 0.9914449 -0.2532197 -0.04464947 -0.9663779 -0.1285432 -0.02266564 -0.9914449 0 0 0 0.2549263 0.03356169 0.9663779 0.1294095 0.01703709 0.9914449 -0.2549263 -0.03356169 -0.9663779 -0.1294095 -0.01703709 -0.9914449 0 0 0 0.2561476 0.02241001 0.9663779 0.1300295 0.01137611 0.9914449 -0.2561476 -0.02241001 -0.9663779 -0.1300295 -0.01137611 -0.9914449 0 0 0 0.2568813 0.01121568 0.9663779 0.130402 0.005693473 0.9914449 -0.2568813 -0.01121568 -0.9663779 -0.130402 -0.005693473 -0.9914449 0 0 0 0.2571261 -4.665087e-16 0.9663779 0.1305262 -1.646081e-16 0.9914449 -0.2571261 4.665087e-16 -0.9663779 -0.1305262 1.646081e-16 -0.9914449 0 0 0 0.130402 -0.005693473 0.9914449 0.2568813 -0.01121568 0.9663779 -0.2568813 0.01121568 -0.9663779 -0.130402 0.005693473 -0.9914449 0 0 0 0.1300295 -0.01137611 0.9914449 0.2561476 -0.02241001 0.9663779 -0.2561476 0.02241001 -0.9663779 -0.1300295 0.01137611 -0.9914449 0 0 0 0.1294095 -0.01703709 0.9914449 0.2549263 -0.03356169 0.9663779 -0.2549263 0.03356169 -0.9663779 -0.1294095 0.01703709 -0.9914449 0 0 0 0.1285432 -0.02266564 0.9914449 0.2532197 -0.04464947 0.9663779 -0.2532197 0.04464947 -0.9663779 -0.1285432 0.02266564 -0.9914449 0 0 0 0.1274322 -0.02825104 0.9914449 0.2510312 -0.05565227 0.9663779 -0.2510312 0.05565227 -0.9663779 -0.1274322 0.02825104 -0.9914449 0 0 0 0.1260786 -0.03378266 0.9914449 0.2483647 -0.06654912 0.9663779 -0.2483647 0.06654912 -0.9663779 -0.1260786 0.03378266 -0.9914449 0 0 0 0.124485 -0.03924998 0.9914449 0.2452255 -0.0773193 0.9663779 -0.2452255 0.0773193 -0.9663779 -0.124485 0.03924998 -0.9914449 0 0 0 0.1226545 -0.04464259 0.9914449 0.2416195 -0.0879423 0.9663779 -0.2416195 0.0879423 -0.9663779 -0.1226545 0.04464259 -0.9914449 0 0 0 0.1205905 -0.04995021 0.9914449 0.2375535 -0.09839789 0.9663779 -0.2375535 0.09839789 -0.9663779 -0.1205905 0.04995021 -0.9914449 0 0 0 0.1182969 -0.05516275 0.9914449 0.2330354 -0.1086662 0.9663779 -0.2330354 0.1086662 -0.9663779 -0.1182969 0.05516275 -0.9914449 0 0 0 -0.3007058 0.953717 0 -0.3000608 0.9516713 0.06546249 0.3000608 -0.9516713 -0.06546249 0.3007058 -0.953717 -0 0 0 0 -0.2499685 0.932895 0.2592734 0.2499685 -0.932895 -0.2592734 0 0 0 -0.1873438 0.8450533 0.5007866 0.1873438 -0.8450533 -0.5007866 0 0 0 0.3412865 0.937677 0.06546249 0.3420201 0.9396926 0 -0.3412865 -0.937677 -0.06546249 -0.3420201 -0.9396926 -0 0 0 0 0.2904229 0.9211036 0.2592734 -0.2904229 -0.9211036 -0.2592734 0 0 0 0.2240262 0.8360772 0.5007866 -0.2240262 -0.8360772 -0.5007866 0 0 0 0.1528492 0.6894584 0.7080143 -0.1528492 -0.6894584 -0.7080143 0 0 0 -0.1528492 0.6894584 0.7080143 0.1528492 -0.6894584 -0.7080143 0 0 0 0.107925 0.4868182 0.8668104 -0.107925 -0.4868182 -0.8668104 0 0 0 -0.107925 0.4868182 0.8668104 0.107925 -0.4868182 -0.8668104 0 0 0 0.4422973 -0.2302454 0.8668104 0.4318331 -0.249319 0.8668104 -0.4318331 0.249319 -0.8668104 -0.4422973 0.2302454 -0.8668104 0 0 0 0 0 0 0.420547 -0.267918 0.8668104 -0.420547 0.267918 -0.8668104 0 0 0 0.4084603 -0.286007 0.8668104 -0.4084603 0.286007 -0.8668104 0 0 0 0.3955961 -0.3035516 0.8668104 -0.3955961 0.3035516 -0.8668104 0 0 0 0.3819788 -0.3205183 0.8668104 -0.3819788 0.3205183 -0.8668104 0 0 0 0.3676345 -0.3368749 0.8668104 -0.3676345 0.3368749 -0.8668104 0 0 0 0.3525903 -0.3525903 0.8668104 -0.3525903 0.3525903 -0.8668104 0 0 0 0.3368749 -0.3676345 0.8668104 -0.3368749 0.3676345 -0.8668104 0 0 0 0.3205183 -0.3819788 0.8668104 -0.3205183 0.3819788 -0.8668104 0 0 0 0.3035516 -0.3955961 0.8668104 -0.3035516 0.3955961 -0.8668104 0 0 0 0.286007 -0.4084603 0.8668104 -0.286007 0.4084603 -0.8668104 0 0 0 0.267918 -0.420547 0.8668104 -0.267918 0.420547 -0.8668104 0 0 0 0.249319 -0.4318331 0.8668104 -0.249319 0.4318331 -0.8668104 0 0 0 0.2302454 -0.4422973 0.8668104 -0.2302454 0.4422973 -0.8668104 0 0 0 0.2107335 -0.4519195 0.8668104 -0.2107335 0.4519195 -0.8668104 0 0 0 0.1908205 -0.4606814 0.8668104 -0.1908205 0.4606814 -0.8668104 0 0 0 0.1705442 -0.4685664 0.8668104 -0.1705442 0.4685664 -0.8668104 0 0 0 0.1499433 -0.4755595 0.8668104 -0.1499433 0.4755595 -0.8668104 0 0 0 0.129057 -0.4816473 0.8668104 -0.129057 0.4816473 -0.8668104 0 0 0 0.107925 -0.4868182 0.8668104 -0.107925 0.4868182 -0.8668104 0 0 0 0.08658757 -0.4910625 0.8668104 -0.08658757 0.4910625 -0.8668104 0 0 0 0.06508531 -0.494372 0.8668104 -0.06508531 0.494372 -0.8668104 0 0 0 0.04345916 -0.4967405 0.8668104 -0.04345916 0.4967405 -0.8668104 0 0 0 0.02175028 -0.4981634 0.8668104 -0.02175028 0.4981634 -0.8668104 0 0 0 8.458395e-17 -0.498638 0.8668104 -8.458395e-17 0.498638 -0.8668104 0 0 0 -0.02175028 -0.4981634 0.8668104 0.02175028 0.4981634 -0.8668104 0 0 0 -0.04345916 -0.4967405 0.8668104 0.04345916 0.4967405 -0.8668104 0 0 0 -0.06508531 -0.494372 0.8668104 0.06508531 0.494372 -0.8668104 0 0 0 -0.08658757 -0.4910625 0.8668104 0.08658757 0.4910625 -0.8668104 0 0 0 -0.107925 -0.4868182 0.8668104 0.107925 0.4868182 -0.8668104 0 0 0 -0.129057 -0.4816473 0.8668104 0.129057 0.4816473 -0.8668104 0 0 0 -0.1499433 -0.4755595 0.8668104 0.1499433 0.4755595 -0.8668104 0 0 0 -0.1705442 -0.4685664 0.8668104 0.1705442 0.4685664 -0.8668104 0 0 0 -0.1908205 -0.4606814 0.8668104 0.1908205 0.4606814 -0.8668104 0 0 0 -0.2107335 -0.4519195 0.8668104 0.2107335 0.4519195 -0.8668104 0 0 0 -0.2302454 -0.4422973 0.8668104 0.2302454 0.4422973 -0.8668104 0 0 0 -0.249319 -0.4318331 0.8668104 0.249319 0.4318331 -0.8668104 0 0 0 -0.267918 -0.420547 0.8668104 0.267918 0.420547 -0.8668104 0 0 0 -0.286007 -0.4084603 0.8668104 0.286007 0.4084603 -0.8668104 0 0 0 -0.3035516 -0.3955961 0.8668104 0.3035516 0.3955961 -0.8668104 0 0 0 -0.3205183 -0.3819788 0.8668104 0.3205183 0.3819788 -0.8668104 0 0 0 -0.3368749 -0.3676345 0.8668104 0.3368749 0.3676345 -0.8668104 0 0 0 -0.3525903 -0.3525903 0.8668104 0.3525903 0.3525903 -0.8668104 0 0 0 -0.3676345 -0.3368749 0.8668104 0.3676345 0.3368749 -0.8668104 0 0 0 -0.3819788 -0.3205183 0.8668104 0.3819788 0.3205183 -0.8668104 0 0 0 -0.3955961 -0.3035516 0.8668104 0.3955961 0.3035516 -0.8668104 0 0 0 -0.4084603 -0.286007 0.8668104 0.4084603 0.286007 -0.8668104 0 0 0 -0.420547 -0.267918 0.8668104 0.420547 0.267918 -0.8668104 0 0 0 -0.4318331 -0.249319 0.8668104 0.4318331 0.249319 -0.8668104 0 0 0 -0.4422973 -0.2302454 0.8668104 0.4422973 0.2302454 -0.8668104 0 0 0 -0.4519195 -0.2107335 0.8668104 0.4519195 0.2107335 -0.8668104 0 0 0 -0.4606814 -0.1908205 0.8668104 0.4606814 0.1908205 -0.8668104 0 0 0 -0.4685664 -0.1705442 0.8668104 0.4685664 0.1705442 -0.8668104 0 0 0 -0.4755595 -0.1499433 0.8668104 0.4755595 0.1499433 -0.8668104 0 0 0 -0.4816473 -0.129057 0.8668104 0.4816473 0.129057 -0.8668104 0 0 0 -0.4868182 -0.107925 0.8668104 0.4868182 0.107925 -0.8668104 0 0 0 -0.4910625 -0.08658757 0.8668104 0.4910625 0.08658757 -0.8668104 0 0 0 -0.494372 -0.06508531 0.8668104 0.494372 0.06508531 -0.8668104 0 0 0 -0.4967405 -0.04345916 0.8668104 0.4967405 0.04345916 -0.8668104 0 0 0 -0.4981634 -0.02175028 0.8668104 0.4981634 0.02175028 -0.8668104 0 0 0 -0.498638 8.92305e-16 0.8668104 0.498638 -8.92305e-16 -0.8668104 0 0 0 -0.4981634 0.02175028 0.8668104 0.4981634 -0.02175028 -0.8668104 0 0 0 -0.4967405 0.04345916 0.8668104 0.4967405 -0.04345916 -0.8668104 0 0 0 -0.494372 0.06508531 0.8668104 0.494372 -0.06508531 -0.8668104 0 0 0 -0.4910625 0.08658757 0.8668104 0.4910625 -0.08658757 -0.8668104 0 0 0 -0.4868182 0.107925 0.8668104 0.4868182 -0.107925 -0.8668104 0 0 0 -0.4816473 0.129057 0.8668104 0.4816473 -0.129057 -0.8668104 0 0 0 -0.4755595 0.1499433 0.8668104 0.4755595 -0.1499433 -0.8668104 0 0 0 -0.4685664 0.1705442 0.8668104 0.4685664 -0.1705442 -0.8668104 0 0 0 -0.4606814 0.1908205 0.8668104 0.4606814 -0.1908205 -0.8668104 0 0 0 -0.4519195 0.2107335 0.8668104 0.4519195 -0.2107335 -0.8668104 0 0 0 -0.4422973 0.2302454 0.8668104 0.4422973 -0.2302454 -0.8668104 0 0 0 -0.4318331 0.249319 0.8668104 0.4318331 -0.249319 -0.8668104 0 0 0 -0.420547 0.267918 0.8668104 0.420547 -0.267918 -0.8668104 0 0 0 -0.4084603 0.286007 0.8668104 0.4084603 -0.286007 -0.8668104 0 0 0 -0.3955961 0.3035516 0.8668104 0.3955961 -0.3035516 -0.8668104 0 0 0 -0.3819788 0.3205183 0.8668104 0.3819788 -0.3205183 -0.8668104 0 0 0 -0.3676345 0.3368749 0.8668104 0.3676345 -0.3368749 -0.8668104 0 0 0 -0.3525903 0.3525903 0.8668104 0.3525903 -0.3525903 -0.8668104 0 0 0 -0.3368749 0.3676345 0.8668104 0.3368749 -0.3676345 -0.8668104 0 0 0 -0.3205183 0.3819788 0.8668104 0.3205183 -0.3819788 -0.8668104 0 0 0 -0.3035516 0.3955961 0.8668104 0.3035516 -0.3955961 -0.8668104 0 0 0 -0.286007 0.4084603 0.8668104 0.286007 -0.4084603 -0.8668104 0 0 0 -0.267918 0.420547 0.8668104 0.267918 -0.420547 -0.8668104 0 0 0 -0.249319 0.4318331 0.8668104 0.249319 -0.4318331 -0.8668104 0 0 0 -0.2302454 0.4422973 0.8668104 0.2302454 -0.4422973 -0.8668104 0 0 0 -0.2107335 0.4519195 0.8668104 0.2107335 -0.4519195 -0.8668104 0 0 0 -0.1908205 0.4606814 0.8668104 0.1908205 -0.4606814 -0.8668104 0 0 0 -0.1705442 0.4685664 0.8668104 0.1705442 -0.4685664 -0.8668104 0 0 0 -0.1499433 0.4755595 0.8668104 0.1499433 -0.4755595 -0.8668104 0 0 0 -0.129057 0.4816473 0.8668104 0.129057 -0.4816473 -0.8668104 0 0 0 0.129057 0.4816473 0.8668104 -0.129057 -0.4816473 -0.8668104 0 0 0 0.1499433 0.4755595 0.8668104 -0.1499433 -0.4755595 -0.8668104 0 0 0 0.1705442 0.4685664 0.8668104 -0.1705442 -0.4685664 -0.8668104 0 0 0 0.1908205 0.4606814 0.8668104 -0.1908205 -0.4606814 -0.8668104 0 0 0 0.2107335 0.4519195 0.8668104 -0.2107335 -0.4519195 -0.8668104 0 0 0 0.2302454 0.4422973 0.8668104 -0.2302454 -0.4422973 -0.8668104 0 0 0 0.249319 0.4318331 0.8668104 -0.249319 -0.4318331 -0.8668104 0 0 0 0.267918 0.420547 0.8668104 -0.267918 -0.420547 -0.8668104 0 0 0 0.286007 0.4084603 0.8668104 -0.286007 -0.4084603 -0.8668104 0 0 0 0.3035516 0.3955961 0.8668104 -0.3035516 -0.3955961 -0.8668104 0 0 0 0.3205183 0.3819788 0.8668104 -0.3205183 -0.3819788 -0.8668104 0 0 0 0.3368749 0.3676345 0.8668104 -0.3368749 -0.3676345 -0.8668104 0 0 0 0.3525903 0.3525903 0.8668104 -0.3525903 -0.3525903 -0.8668104 0 0 0 0.3676345 0.3368749 0.8668104 -0.3676345 -0.3368749 -0.8668104 0 0 0 0.3819788 0.3205183 0.8668104 -0.3819788 -0.3205183 -0.8668104 0 0 0 0.3955961 0.3035516 0.8668104 -0.3955961 -0.3035516 -0.8668104 0 0 0 0.4084603 0.286007 0.8668104 -0.4084603 -0.286007 -0.8668104 0 0 0 0.420547 0.267918 0.8668104 -0.420547 -0.267918 -0.8668104 0 0 0 0.4318331 0.249319 0.8668104 -0.4318331 -0.249319 -0.8668104 0 0 0 0.4422973 0.2302454 0.8668104 -0.4422973 -0.2302454 -0.8668104 0 0 0 0.4519195 0.2107335 0.8668104 -0.4519195 -0.2107335 -0.8668104 0 0 0 0.4606814 0.1908205 0.8668104 -0.4606814 -0.1908205 -0.8668104 0 0 0 0.4685664 0.1705442 0.8668104 -0.4685664 -0.1705442 -0.8668104 0 0 0 0.4755595 0.1499433 0.8668104 -0.4755595 -0.1499433 -0.8668104 0 0 0 0.4816473 0.129057 0.8668104 -0.4816473 -0.129057 -0.8668104 0 0 0 0.4868182 0.107925 0.8668104 -0.4868182 -0.107925 -0.8668104 0 0 0 0.4910625 0.08658757 0.8668104 -0.4910625 -0.08658757 -0.8668104 0 0 0 0.494372 0.06508531 0.8668104 -0.494372 -0.06508531 -0.8668104 0 0 0 0.4967405 0.04345916 0.8668104 -0.4967405 -0.04345916 -0.8668104 0 0 0 0.4981634 0.02175028 0.8668104 -0.4981634 -0.02175028 -0.8668104 0 0 0 0.498638 -6.499608e-16 0.8668104 -0.498638 6.499608e-16 -0.8668104 0 0 0 0.4981634 -0.02175028 0.8668104 -0.4981634 0.02175028 -0.8668104 0 0 0 0.4967405 -0.04345916 0.8668104 -0.4967405 0.04345916 -0.8668104 0 0 0 0.494372 -0.06508531 0.8668104 -0.494372 0.06508531 -0.8668104 0 0 0 0.4910625 -0.08658757 0.8668104 -0.4910625 0.08658757 -0.8668104 0 0 0 0.4868182 -0.107925 0.8668104 -0.4868182 0.107925 -0.8668104 0 0 0 0.4816473 -0.129057 0.8668104 -0.4816473 0.129057 -0.8668104 0 0 0 0.4755595 -0.1499433 0.8668104 -0.4755595 0.1499433 -0.8668104 0 0 0 0.4685664 -0.1705442 0.8668104 -0.4685664 0.1705442 -0.8668104 0 0 0 0.4606814 -0.1908205 0.8668104 -0.4606814 0.1908205 -0.8668104 0 0 0 0.4519195 -0.2107335 0.8668104 -0.4519195 0.2107335 -0.8668104 0 0 0 -0.3420201 0.9396926 0 -0.3412865 0.937677 0.06546249 0.3412865 -0.937677 -0.06546249 0.3420201 -0.9396926 -0 0 0 0 -0.2904229 0.9211036 0.2592734 0.2904229 -0.9211036 -0.2592734 0 0 0 -0.2240262 0.8360772 0.5007866 0.2240262 -0.8360772 -0.5007866 0 0 0 0.3818626 0.9218978 0.06546249 0.3826834 0.9238795 0 -0.3818626 -0.9218978 -0.06546249 -0.3826834 -0.9238795 -0 0 0 0 0.3303244 0.9075589 0.2592734 -0.3303244 -0.9075589 -0.2592734 0 0 0 0.2602822 0.8255096 0.5007866 -0.2602822 -0.8255096 -0.5007866 0 0 0 0.1827775 0.682135 0.7080143 -0.1827775 -0.682135 -0.7080143 0 0 0 -0.1827775 0.682135 0.7080143 0.1827775 -0.682135 -0.7080143 0 0 0 0.6264054 -0.326086 0.7080143 0.6115855 -0.353099 0.7080143 -0.6115855 0.353099 -0.7080143 -0.6264054 0.326086 -0.7080143 0 0 0 0 0 0 0.5956014 -0.37944 0.7080143 -0.5956014 0.37944 -0.7080143 0 0 0 0.5784836 -0.4050586 0.7080143 -0.5784836 0.4050586 -0.7080143 0 0 0 0.5602646 -0.4299062 0.7080143 -0.5602646 0.4299062 -0.7080143 0 0 0 0.5409791 -0.4539354 0.7080143 -0.5409791 0.4539354 -0.7080143 0 0 0 0.5206639 -0.4771005 0.7080143 -0.5206639 0.4771005 -0.7080143 0 0 0 0.4993575 -0.4993575 0.7080143 -0.4993575 0.4993575 -0.7080143 0 0 0 0.4771005 -0.5206639 0.7080143 -0.4771005 0.5206639 -0.7080143 0 0 0 0.4539354 -0.5409791 0.7080143 -0.4539354 0.5409791 -0.7080143 0 0 0 0.4299062 -0.5602646 0.7080143 -0.4299062 0.5602646 -0.7080143 0 0 0 0.4050586 -0.5784836 0.7080143 -0.4050586 0.5784836 -0.7080143 0 0 0 0.37944 -0.5956014 0.7080143 -0.37944 0.5956014 -0.7080143 0 0 0 0.353099 -0.6115855 0.7080143 -0.353099 0.6115855 -0.7080143 0 0 0 0.326086 -0.6264054 0.7080143 -0.326086 0.6264054 -0.7080143 0 0 0 0.2984522 -0.6400328 0.7080143 -0.2984522 0.6400328 -0.7080143 0 0 0 0.2702503 -0.652442 0.7080143 -0.2702503 0.652442 -0.7080143 0 0 0 0.241534 -0.6636091 0.7080143 -0.241534 0.6636091 -0.7080143 0 0 0 0.2123579 -0.6735131 0.7080143 -0.2123579 0.6735131 -0.7080143 0 0 0 0.1827775 -0.682135 0.7080143 -0.1827775 0.682135 -0.7080143 0 0 0 0.1528492 -0.6894584 0.7080143 -0.1528492 0.6894584 -0.7080143 0 0 0 0.12263 -0.6954694 0.7080143 -0.12263 0.6954694 -0.7080143 0 0 0 0.09217735 -0.7001565 0.7080143 -0.09217735 0.7001565 -0.7080143 0 0 0 0.06154922 -0.7035108 0.7080143 -0.06154922 0.7035108 -0.7080143 0 0 0 0.03080393 -0.705526 0.7080143 -0.03080393 0.705526 -0.7080143 0 0 0 1.268357e-16 -0.7061981 0.7080143 -1.268357e-16 0.7061981 -0.7080143 0 0 0 -0.03080393 -0.705526 0.7080143 0.03080393 0.705526 -0.7080143 0 0 0 -0.06154922 -0.7035108 0.7080143 0.06154922 0.7035108 -0.7080143 0 0 0 -0.09217735 -0.7001565 0.7080143 0.09217735 0.7001565 -0.7080143 0 0 0 -0.12263 -0.6954694 0.7080143 0.12263 0.6954694 -0.7080143 0 0 0 -0.1528492 -0.6894584 0.7080143 0.1528492 0.6894584 -0.7080143 0 0 0 -0.1827775 -0.682135 0.7080143 0.1827775 0.682135 -0.7080143 0 0 0 -0.2123579 -0.6735131 0.7080143 0.2123579 0.6735131 -0.7080143 0 0 0 -0.241534 -0.6636091 0.7080143 0.241534 0.6636091 -0.7080143 0 0 0 -0.2702503 -0.652442 0.7080143 0.2702503 0.652442 -0.7080143 0 0 0 -0.2984522 -0.6400328 0.7080143 0.2984522 0.6400328 -0.7080143 0 0 0 -0.326086 -0.6264054 0.7080143 0.326086 0.6264054 -0.7080143 0 0 0 -0.353099 -0.6115855 0.7080143 0.353099 0.6115855 -0.7080143 0 0 0 -0.37944 -0.5956014 0.7080143 0.37944 0.5956014 -0.7080143 0 0 0 -0.4050586 -0.5784836 0.7080143 0.4050586 0.5784836 -0.7080143 0 0 0 -0.4299062 -0.5602646 0.7080143 0.4299062 0.5602646 -0.7080143 0 0 0 -0.4539354 -0.5409791 0.7080143 0.4539354 0.5409791 -0.7080143 0 0 0 -0.4771005 -0.5206639 0.7080143 0.4771005 0.5206639 -0.7080143 0 0 0 -0.4993575 -0.4993575 0.7080143 0.4993575 0.4993575 -0.7080143 0 0 0 -0.5206639 -0.4771005 0.7080143 0.5206639 0.4771005 -0.7080143 0 0 0 -0.5409791 -0.4539354 0.7080143 0.5409791 0.4539354 -0.7080143 0 0 0 -0.5602646 -0.4299062 0.7080143 0.5602646 0.4299062 -0.7080143 0 0 0 -0.5784836 -0.4050586 0.7080143 0.5784836 0.4050586 -0.7080143 0 0 0 -0.5956014 -0.37944 0.7080143 0.5956014 0.37944 -0.7080143 0 0 0 -0.6115855 -0.353099 0.7080143 0.6115855 0.353099 -0.7080143 0 0 0 -0.6264054 -0.326086 0.7080143 0.6264054 0.326086 -0.7080143 0 0 0 -0.6400328 -0.2984522 0.7080143 0.6400328 0.2984522 -0.7080143 0 0 0 -0.652442 -0.2702503 0.7080143 0.652442 0.2702503 -0.7080143 0 0 0 -0.6636091 -0.241534 0.7080143 0.6636091 0.241534 -0.7080143 0 0 0 -0.6735131 -0.2123579 0.7080143 0.6735131 0.2123579 -0.7080143 0 0 0 -0.682135 -0.1827775 0.7080143 0.682135 0.1827775 -0.7080143 0 0 0 -0.6894584 -0.1528492 0.7080143 0.6894584 0.1528492 -0.7080143 0 0 0 -0.6954694 -0.12263 0.7080143 0.6954694 0.12263 -0.7080143 0 0 0 -0.7001565 -0.09217735 0.7080143 0.7001565 0.09217735 -0.7080143 0 0 0 -0.7035108 -0.06154922 0.7080143 0.7035108 0.06154922 -0.7080143 0 0 0 -0.705526 -0.03080393 0.7080143 0.705526 0.03080393 -0.7080143 0 0 0 -0.7061981 2.14063e-15 0.7080143 0.7061981 -2.14063e-15 -0.7080143 0 0 0 -0.705526 0.03080393 0.7080143 0.705526 -0.03080393 -0.7080143 0 0 0 -0.7035108 0.06154922 0.7080143 0.7035108 -0.06154922 -0.7080143 0 0 0 -0.7001565 0.09217735 0.7080143 0.7001565 -0.09217735 -0.7080143 0 0 0 -0.6954694 0.12263 0.7080143 0.6954694 -0.12263 -0.7080143 0 0 0 -0.6894584 0.1528492 0.7080143 0.6894584 -0.1528492 -0.7080143 0 0 0 -0.682135 0.1827775 0.7080143 0.682135 -0.1827775 -0.7080143 0 0 0 -0.6735131 0.2123579 0.7080143 0.6735131 -0.2123579 -0.7080143 0 0 0 -0.6636091 0.241534 0.7080143 0.6636091 -0.241534 -0.7080143 0 0 0 -0.652442 0.2702503 0.7080143 0.652442 -0.2702503 -0.7080143 0 0 0 -0.6400328 0.2984522 0.7080143 0.6400328 -0.2984522 -0.7080143 0 0 0 -0.6264054 0.326086 0.7080143 0.6264054 -0.326086 -0.7080143 0 0 0 -0.6115855 0.353099 0.7080143 0.6115855 -0.353099 -0.7080143 0 0 0 -0.5956014 0.37944 0.7080143 0.5956014 -0.37944 -0.7080143 0 0 0 -0.5784836 0.4050586 0.7080143 0.5784836 -0.4050586 -0.7080143 0 0 0 -0.5602646 0.4299062 0.7080143 0.5602646 -0.4299062 -0.7080143 0 0 0 -0.5409791 0.4539354 0.7080143 0.5409791 -0.4539354 -0.7080143 0 0 0 -0.5206639 0.4771005 0.7080143 0.5206639 -0.4771005 -0.7080143 0 0 0 -0.4993575 0.4993575 0.7080143 0.4993575 -0.4993575 -0.7080143 0 0 0 -0.4771005 0.5206639 0.7080143 0.4771005 -0.5206639 -0.7080143 0 0 0 -0.4539354 0.5409791 0.7080143 0.4539354 -0.5409791 -0.7080143 0 0 0 -0.4299062 0.5602646 0.7080143 0.4299062 -0.5602646 -0.7080143 0 0 0 -0.4050586 0.5784836 0.7080143 0.4050586 -0.5784836 -0.7080143 0 0 0 -0.37944 0.5956014 0.7080143 0.37944 -0.5956014 -0.7080143 0 0 0 -0.353099 0.6115855 0.7080143 0.353099 -0.6115855 -0.7080143 0 0 0 -0.326086 0.6264054 0.7080143 0.326086 -0.6264054 -0.7080143 0 0 0 -0.2984522 0.6400328 0.7080143 0.2984522 -0.6400328 -0.7080143 0 0 0 -0.2702503 0.652442 0.7080143 0.2702503 -0.652442 -0.7080143 0 0 0 -0.241534 0.6636091 0.7080143 0.241534 -0.6636091 -0.7080143 0 0 0 -0.2123579 0.6735131 0.7080143 0.2123579 -0.6735131 -0.7080143 0 0 0 0.2123579 0.6735131 0.7080143 -0.2123579 -0.6735131 -0.7080143 0 0 0 0.241534 0.6636091 0.7080143 -0.241534 -0.6636091 -0.7080143 0 0 0 0.2702503 0.652442 0.7080143 -0.2702503 -0.652442 -0.7080143 0 0 0 0.2984522 0.6400328 0.7080143 -0.2984522 -0.6400328 -0.7080143 0 0 0 0.326086 0.6264054 0.7080143 -0.326086 -0.6264054 -0.7080143 0 0 0 0.353099 0.6115855 0.7080143 -0.353099 -0.6115855 -0.7080143 0 0 0 0.37944 0.5956014 0.7080143 -0.37944 -0.5956014 -0.7080143 0 0 0 0.4050586 0.5784836 0.7080143 -0.4050586 -0.5784836 -0.7080143 0 0 0 0.4299062 0.5602646 0.7080143 -0.4299062 -0.5602646 -0.7080143 0 0 0 0.4539354 0.5409791 0.7080143 -0.4539354 -0.5409791 -0.7080143 0 0 0 0.4771005 0.5206639 0.7080143 -0.4771005 -0.5206639 -0.7080143 0 0 0 0.4993575 0.4993575 0.7080143 -0.4993575 -0.4993575 -0.7080143 0 0 0 0.5206639 0.4771005 0.7080143 -0.5206639 -0.4771005 -0.7080143 0 0 0 0.5409791 0.4539354 0.7080143 -0.5409791 -0.4539354 -0.7080143 0 0 0 0.5602646 0.4299062 0.7080143 -0.5602646 -0.4299062 -0.7080143 0 0 0 0.5784836 0.4050586 0.7080143 -0.5784836 -0.4050586 -0.7080143 0 0 0 0.5956014 0.37944 0.7080143 -0.5956014 -0.37944 -0.7080143 0 0 0 0.6115855 0.353099 0.7080143 -0.6115855 -0.353099 -0.7080143 0 0 0 0.6264054 0.326086 0.7080143 -0.6264054 -0.326086 -0.7080143 0 0 0 0.6400328 0.2984522 0.7080143 -0.6400328 -0.2984522 -0.7080143 0 0 0 0.652442 0.2702503 0.7080143 -0.652442 -0.2702503 -0.7080143 0 0 0 0.6636091 0.241534 0.7080143 -0.6636091 -0.241534 -0.7080143 0 0 0 0.6735131 0.2123579 0.7080143 -0.6735131 -0.2123579 -0.7080143 0 0 0 0.682135 0.1827775 0.7080143 -0.682135 -0.1827775 -0.7080143 0 0 0 0.6894584 0.1528492 0.7080143 -0.6894584 -0.1528492 -0.7080143 0 0 0 0.6954694 0.12263 0.7080143 -0.6954694 -0.12263 -0.7080143 0 0 0 0.7001565 0.09217735 0.7080143 -0.7001565 -0.09217735 -0.7080143 0 0 0 0.7035108 0.06154922 0.7080143 -0.7035108 -0.06154922 -0.7080143 0 0 0 0.705526 0.03080393 0.7080143 -0.705526 -0.03080393 -0.7080143 0 0 0 0.7061981 -1.199376e-15 0.7080143 -0.7061981 1.199376e-15 -0.7080143 0 0 0 0.705526 -0.03080393 0.7080143 -0.705526 0.03080393 -0.7080143 0 0 0 0.7035108 -0.06154922 0.7080143 -0.7035108 0.06154922 -0.7080143 0 0 0 0.7001565 -0.09217735 0.7080143 -0.7001565 0.09217735 -0.7080143 0 0 0 0.6954694 -0.12263 0.7080143 -0.6954694 0.12263 -0.7080143 0 0 0 0.6894584 -0.1528492 0.7080143 -0.6894584 0.1528492 -0.7080143 0 0 0 0.682135 -0.1827775 0.7080143 -0.682135 0.1827775 -0.7080143 0 0 0 0.6735131 -0.2123579 0.7080143 -0.6735131 0.2123579 -0.7080143 0 0 0 0.6636091 -0.241534 0.7080143 -0.6636091 0.241534 -0.7080143 0 0 0 0.652442 -0.2702503 0.7080143 -0.652442 0.2702503 -0.7080143 0 0 0 0.6400328 -0.2984522 0.7080143 -0.6400328 0.2984522 -0.7080143 0 0 0 -0.3826834 0.9238795 0 -0.3818626 0.9218978 0.06546249 0.3818626 -0.9218978 -0.06546249 0.3826834 -0.9238795 -0 0 0 0 -0.3303244 0.9075589 0.2592734 0.3303244 -0.9075589 -0.2592734 0 0 0 -0.2602822 0.8255096 0.5007866 0.2602822 -0.8255096 -0.5007866 0 0 0 0.4217118 0.9043638 0.06546249 0.4226183 0.9063078 0 -0.4217118 -0.9043638 -0.06546249 -0.4226183 -0.9063078 -0 0 0 0 0.3695972 0.8922865 0.2592734 -0.3695972 -0.8922865 -0.2592734 0 0 0 0.2960427 0.8133705 0.5007866 -0.2960427 -0.8133705 -0.5007866 0 0 0 0.7496063 -0.4327854 0.5007866 0.7677707 -0.3996761 0.5007866 -0.7496063 0.4327854 -0.5007866 -0.7677707 0.3996761 -0.5007866 0 0 0 0 0 0 0.730015 -0.4650709 0.5007866 -0.730015 0.4650709 -0.5007866 0 0 0 0.7090341 -0.496471 0.5007866 -0.7090341 0.496471 -0.5007866 0 0 0 0.6867035 -0.5269261 0.5007866 -0.6867035 0.5269261 -0.5007866 0 0 0 0.6630657 -0.5563782 0.5007866 -0.6630657 0.5563782 -0.5007866 0 0 0 0.6381657 -0.5847712 0.5007866 -0.6381657 0.5847712 -0.5007866 0 0 0 0.612051 -0.612051 0.5007866 -0.612051 0.612051 -0.5007866 0 0 0 0.5847712 -0.6381657 0.5007866 -0.5847712 0.6381657 -0.5007866 0 0 0 0.5563782 -0.6630657 0.5007866 -0.5563782 0.6630657 -0.5007866 0 0 0 0.5269261 -0.6867035 0.5007866 -0.5269261 0.6867035 -0.5007866 0 0 0 0.496471 -0.7090341 0.5007866 -0.496471 0.7090341 -0.5007866 0 0 0 0.4650709 -0.730015 0.5007866 -0.4650709 0.730015 -0.5007866 0 0 0 0.4327854 -0.7496063 0.5007866 -0.4327854 0.7496063 -0.5007866 0 0 0 0.3996761 -0.7677707 0.5007866 -0.3996761 0.7677707 -0.5007866 0 0 0 0.365806 -0.7844736 0.5007866 -0.365806 0.7844736 -0.5007866 0 0 0 0.3312396 -0.7996832 0.5007866 -0.3312396 0.7996832 -0.5007866 0 0 0 0.2960427 -0.8133705 0.5007866 -0.2960427 0.8133705 -0.5007866 0 0 0 0.2602822 -0.8255096 0.5007866 -0.2602822 0.8255096 -0.5007866 0 0 0 0.2240262 -0.8360772 0.5007866 -0.2240262 0.8360772 -0.5007866 0 0 0 0.1873438 -0.8450533 0.5007866 -0.1873438 0.8450533 -0.5007866 0 0 0 0.1503048 -0.8524208 0.5007866 -0.1503048 0.8524208 -0.5007866 0 0 0 0.1129797 -0.8581657 0.5007866 -0.1129797 0.8581657 -0.5007866 0 0 0 0.07543947 -0.8622771 0.5007866 -0.07543947 0.8622771 -0.5007866 0 0 0 0.03775567 -0.864747 0.5007866 -0.03775567 0.864747 -0.5007866 0 0 0 1.384861e-16 -0.8655708 0.5007866 -1.384861e-16 0.8655708 -0.5007866 0 0 0 -0.03775567 -0.864747 0.5007866 0.03775567 0.864747 -0.5007866 0 0 0 -0.07543947 -0.8622771 0.5007866 0.07543947 0.8622771 -0.5007866 0 0 0 -0.1129797 -0.8581657 0.5007866 0.1129797 0.8581657 -0.5007866 0 0 0 -0.1503048 -0.8524208 0.5007866 0.1503048 0.8524208 -0.5007866 0 0 0 -0.1873438 -0.8450533 0.5007866 0.1873438 0.8450533 -0.5007866 0 0 0 -0.2240262 -0.8360772 0.5007866 0.2240262 0.8360772 -0.5007866 0 0 0 -0.2602822 -0.8255096 0.5007866 0.2602822 0.8255096 -0.5007866 0 0 0 -0.2960427 -0.8133705 0.5007866 0.2960427 0.8133705 -0.5007866 0 0 0 -0.3312396 -0.7996832 0.5007866 0.3312396 0.7996832 -0.5007866 0 0 0 -0.365806 -0.7844736 0.5007866 0.365806 0.7844736 -0.5007866 0 0 0 -0.3996761 -0.7677707 0.5007866 0.3996761 0.7677707 -0.5007866 0 0 0 -0.4327854 -0.7496063 0.5007866 0.4327854 0.7496063 -0.5007866 0 0 0 -0.4650709 -0.730015 0.5007866 0.4650709 0.730015 -0.5007866 0 0 0 -0.496471 -0.7090341 0.5007866 0.496471 0.7090341 -0.5007866 0 0 0 -0.5269261 -0.6867035 0.5007866 0.5269261 0.6867035 -0.5007866 0 0 0 -0.5563782 -0.6630657 0.5007866 0.5563782 0.6630657 -0.5007866 0 0 0 -0.5847712 -0.6381657 0.5007866 0.5847712 0.6381657 -0.5007866 0 0 0 -0.612051 -0.612051 0.5007866 0.612051 0.612051 -0.5007866 0 0 0 -0.6381657 -0.5847712 0.5007866 0.6381657 0.5847712 -0.5007866 0 0 0 -0.6630657 -0.5563782 0.5007866 0.6630657 0.5563782 -0.5007866 0 0 0 -0.6867035 -0.5269261 0.5007866 0.6867035 0.5269261 -0.5007866 0 0 0 -0.7090341 -0.496471 0.5007866 0.7090341 0.496471 -0.5007866 0 0 0 -0.730015 -0.4650709 0.5007866 0.730015 0.4650709 -0.5007866 0 0 0 -0.7496063 -0.4327854 0.5007866 0.7496063 0.4327854 -0.5007866 0 0 0 -0.7677707 -0.3996761 0.5007866 0.7677707 0.3996761 -0.5007866 0 0 0 -0.7844736 -0.365806 0.5007866 0.7844736 0.365806 -0.5007866 0 0 0 -0.7996832 -0.3312396 0.5007866 0.7996832 0.3312396 -0.5007866 0 0 0 -0.8133705 -0.2960427 0.5007866 0.8133705 0.2960427 -0.5007866 0 0 0 -0.8255096 -0.2602822 0.5007866 0.8255096 0.2602822 -0.5007866 0 0 0 -0.8360772 -0.2240262 0.5007866 0.8360772 0.2240262 -0.5007866 0 0 0 -0.8450533 -0.1873438 0.5007866 0.8450533 0.1873438 -0.5007866 0 0 0 -0.8524208 -0.1503048 0.5007866 0.8524208 0.1503048 -0.5007866 0 0 0 -0.8581657 -0.1129797 0.5007866 0.8581657 0.1129797 -0.5007866 0 0 0 -0.8622771 -0.07543947 0.5007866 0.8622771 0.07543947 -0.5007866 0 0 0 -0.864747 -0.03775567 0.5007866 0.864747 0.03775567 -0.5007866 0 0 0 -0.8655708 1.744703e-15 0.5007866 0.8655708 -1.744703e-15 -0.5007866 0 0 0 -0.864747 0.03775567 0.5007866 0.864747 -0.03775567 -0.5007866 0 0 0 -0.8622771 0.07543947 0.5007866 0.8622771 -0.07543947 -0.5007866 0 0 0 -0.8581657 0.1129797 0.5007866 0.8581657 -0.1129797 -0.5007866 0 0 0 -0.8524208 0.1503048 0.5007866 0.8524208 -0.1503048 -0.5007866 0 0 0 -0.8450533 0.1873438 0.5007866 0.8450533 -0.1873438 -0.5007866 0 0 0 -0.8360772 0.2240262 0.5007866 0.8360772 -0.2240262 -0.5007866 0 0 0 -0.8255096 0.2602822 0.5007866 0.8255096 -0.2602822 -0.5007866 0 0 0 -0.8133705 0.2960427 0.5007866 0.8133705 -0.2960427 -0.5007866 0 0 0 -0.7996832 0.3312396 0.5007866 0.7996832 -0.3312396 -0.5007866 0 0 0 -0.7844736 0.365806 0.5007866 0.7844736 -0.365806 -0.5007866 0 0 0 -0.7677707 0.3996761 0.5007866 0.7677707 -0.3996761 -0.5007866 0 0 0 -0.7496063 0.4327854 0.5007866 0.7496063 -0.4327854 -0.5007866 0 0 0 -0.730015 0.4650709 0.5007866 0.730015 -0.4650709 -0.5007866 0 0 0 -0.7090341 0.496471 0.5007866 0.7090341 -0.496471 -0.5007866 0 0 0 -0.6867035 0.5269261 0.5007866 0.6867035 -0.5269261 -0.5007866 0 0 0 -0.6630657 0.5563782 0.5007866 0.6630657 -0.5563782 -0.5007866 0 0 0 -0.6381657 0.5847712 0.5007866 0.6381657 -0.5847712 -0.5007866 0 0 0 -0.612051 0.612051 0.5007866 0.612051 -0.612051 -0.5007866 0 0 0 -0.5847712 0.6381657 0.5007866 0.5847712 -0.6381657 -0.5007866 0 0 0 -0.5563782 0.6630657 0.5007866 0.5563782 -0.6630657 -0.5007866 0 0 0 -0.5269261 0.6867035 0.5007866 0.5269261 -0.6867035 -0.5007866 0 0 0 -0.496471 0.7090341 0.5007866 0.496471 -0.7090341 -0.5007866 0 0 0 -0.4650709 0.730015 0.5007866 0.4650709 -0.730015 -0.5007866 0 0 0 -0.4327854 0.7496063 0.5007866 0.4327854 -0.7496063 -0.5007866 0 0 0 -0.3996761 0.7677707 0.5007866 0.3996761 -0.7677707 -0.5007866 0 0 0 -0.365806 0.7844736 0.5007866 0.365806 -0.7844736 -0.5007866 0 0 0 -0.3312396 0.7996832 0.5007866 0.3312396 -0.7996832 -0.5007866 0 0 0 -0.2960427 0.8133705 0.5007866 0.2960427 -0.8133705 -0.5007866 0 0 0 0.3312396 0.7996832 0.5007866 -0.3312396 -0.7996832 -0.5007866 0 0 0 0.365806 0.7844736 0.5007866 -0.365806 -0.7844736 -0.5007866 0 0 0 0.3996761 0.7677707 0.5007866 -0.3996761 -0.7677707 -0.5007866 0 0 0 0.4327854 0.7496063 0.5007866 -0.4327854 -0.7496063 -0.5007866 0 0 0 0.4650709 0.730015 0.5007866 -0.4650709 -0.730015 -0.5007866 0 0 0 0.496471 0.7090341 0.5007866 -0.496471 -0.7090341 -0.5007866 0 0 0 0.5269261 0.6867035 0.5007866 -0.5269261 -0.6867035 -0.5007866 0 0 0 0.5563782 0.6630657 0.5007866 -0.5563782 -0.6630657 -0.5007866 0 0 0 0.5847712 0.6381657 0.5007866 -0.5847712 -0.6381657 -0.5007866 0 0 0 0.612051 0.612051 0.5007866 -0.612051 -0.612051 -0.5007866 0 0 0 0.6381657 0.5847712 0.5007866 -0.6381657 -0.5847712 -0.5007866 0 0 0 0.6630657 0.5563782 0.5007866 -0.6630657 -0.5563782 -0.5007866 0 0 0 0.6867035 0.5269261 0.5007866 -0.6867035 -0.5269261 -0.5007866 0 0 0 0.7090341 0.496471 0.5007866 -0.7090341 -0.496471 -0.5007866 0 0 0 0.730015 0.4650709 0.5007866 -0.730015 -0.4650709 -0.5007866 0 0 0 0.7496063 0.4327854 0.5007866 -0.7496063 -0.4327854 -0.5007866 0 0 0 0.7677707 0.3996761 0.5007866 -0.7677707 -0.3996761 -0.5007866 0 0 0 0.7844736 0.365806 0.5007866 -0.7844736 -0.365806 -0.5007866 0 0 0 0.7996832 0.3312396 0.5007866 -0.7996832 -0.3312396 -0.5007866 0 0 0 0.8133705 0.2960427 0.5007866 -0.8133705 -0.2960427 -0.5007866 0 0 0 0.8255096 0.2602822 0.5007866 -0.8255096 -0.2602822 -0.5007866 0 0 0 0.8360772 0.2240262 0.5007866 -0.8360772 -0.2240262 -0.5007866 0 0 0 0.8450533 0.1873438 0.5007866 -0.8450533 -0.1873438 -0.5007866 0 0 0 0.8524208 0.1503048 0.5007866 -0.8524208 -0.1503048 -0.5007866 0 0 0 0.8581657 0.1129797 0.5007866 -0.8581657 -0.1129797 -0.5007866 0 0 0 0.8622771 0.07543947 0.5007866 -0.8622771 -0.07543947 -0.5007866 0 0 0 0.864747 0.03775567 0.5007866 -0.864747 -0.03775567 -0.5007866 0 0 0 0.8655708 -1.371513e-15 0.5007866 -0.8655708 1.371513e-15 -0.5007866 0 0 0 0.864747 -0.03775567 0.5007866 -0.864747 0.03775567 -0.5007866 0 0 0 0.8622771 -0.07543947 0.5007866 -0.8622771 0.07543947 -0.5007866 0 0 0 0.8581657 -0.1129797 0.5007866 -0.8581657 0.1129797 -0.5007866 0 0 0 0.8524208 -0.1503048 0.5007866 -0.8524208 0.1503048 -0.5007866 0 0 0 0.8450533 -0.1873438 0.5007866 -0.8450533 0.1873438 -0.5007866 0 0 0 0.8360772 -0.2240262 0.5007866 -0.8360772 0.2240262 -0.5007866 0 0 0 0.8255096 -0.2602822 0.5007866 -0.8255096 0.2602822 -0.5007866 0 0 0 0.8133705 -0.2960427 0.5007866 -0.8133705 0.2960427 -0.5007866 0 0 0 0.7996832 -0.3312396 0.5007866 -0.7996832 0.3312396 -0.5007866 0 0 0 0.7844736 -0.365806 0.5007866 -0.7844736 0.365806 -0.5007866 0 0 0 -0.4226183 0.9063078 0 -0.4217118 0.9043638 0.06546249 0.4217118 -0.9043638 -0.06546249 0.4226183 -0.9063078 -0 0 0 0 -0.3695972 0.8922865 0.2592734 0.3695972 -0.8922865 -0.2592734 0 0 0 0.4607582 0.8851082 0.06546249 0.4617486 0.8870108 0 -0.4607582 -0.8851082 -0.06546249 -0.4617486 -0.8870108 -0 0 0 0 0.4081664 0.8753157 0.2592734 -0.4081664 -0.8753157 -0.2592734 0 0 0 0.8364108 -0.482902 0.2592734 0.8566786 -0.4459586 0.2592734 -0.8364108 0.482902 -0.2592734 -0.8566786 0.4459586 -0.2592734 0 0 0 0 0 0 0.8145508 -0.5189261 0.2592734 -0.8145508 0.5189261 -0.2592734 0 0 0 0.7911403 -0.5539624 0.2592734 -0.7911403 0.5539624 -0.2592734 0 0 0 0.7662238 -0.5879442 0.2592734 -0.7662238 0.5879442 -0.2592734 0 0 0 0.7398488 -0.6208068 0.2592734 -0.7398488 0.6208068 -0.2592734 0 0 0 0.7120654 -0.6524877 0.2592734 -0.7120654 0.6524877 -0.2592734 0 0 0 0.6829265 -0.6829265 0.2592734 -0.6829265 0.6829265 -0.2592734 0 0 0 0.6524877 -0.7120654 0.2592734 -0.6524877 0.7120654 -0.2592734 0 0 0 0.6208068 -0.7398488 0.2592734 -0.6208068 0.7398488 -0.2592734 0 0 0 0.5879442 -0.7662238 0.2592734 -0.5879442 0.7662238 -0.2592734 0 0 0 0.5539624 -0.7911403 0.2592734 -0.5539624 0.7911403 -0.2592734 0 0 0 0.5189261 -0.8145508 0.2592734 -0.5189261 0.8145508 -0.2592734 0 0 0 0.482902 -0.8364108 0.2592734 -0.482902 0.8364108 -0.2592734 0 0 0 0.4459586 -0.8566786 0.2592734 -0.4459586 0.8566786 -0.2592734 0 0 0 0.4081664 -0.8753157 0.2592734 -0.4081664 0.8753157 -0.2592734 0 0 0 0.3695972 -0.8922865 0.2592734 -0.3695972 0.8922865 -0.2592734 0 0 0 0.3303244 -0.9075589 0.2592734 -0.3303244 0.9075589 -0.2592734 0 0 0 0.2904229 -0.9211036 0.2592734 -0.2904229 0.9211036 -0.2592734 0 0 0 0.2499685 -0.932895 0.2592734 -0.2499685 0.932895 -0.2592734 0 0 0 0.2090382 -0.9429106 0.2592734 -0.2090382 0.9429106 -0.2592734 0 0 0 0.1677101 -0.9511312 0.2592734 -0.1677101 0.9511312 -0.2592734 0 0 0 0.1260627 -0.9575414 0.2592734 -0.1260627 0.9575414 -0.2592734 0 0 0 0.08417536 -0.9621288 0.2592734 -0.08417536 0.9621288 -0.2592734 0 0 0 0.04212778 -0.9648847 0.2592734 -0.04212778 0.9648847 -0.2592734 0 0 0 1.690521e-16 -0.965804 0.2592734 -1.690521e-16 0.965804 -0.2592734 0 0 0 -0.04212778 -0.9648847 0.2592734 0.04212778 0.9648847 -0.2592734 0 0 0 -0.08417536 -0.9621288 0.2592734 0.08417536 0.9621288 -0.2592734 0 0 0 -0.1260627 -0.9575414 0.2592734 0.1260627 0.9575414 -0.2592734 0 0 0 -0.1677101 -0.9511312 0.2592734 0.1677101 0.9511312 -0.2592734 0 0 0 -0.2090382 -0.9429106 0.2592734 0.2090382 0.9429106 -0.2592734 0 0 0 -0.2499685 -0.932895 0.2592734 0.2499685 0.932895 -0.2592734 0 0 0 -0.2904229 -0.9211036 0.2592734 0.2904229 0.9211036 -0.2592734 0 0 0 -0.3303244 -0.9075589 0.2592734 0.3303244 0.9075589 -0.2592734 0 0 0 -0.3695972 -0.8922865 0.2592734 0.3695972 0.8922865 -0.2592734 0 0 0 -0.4081664 -0.8753157 0.2592734 0.4081664 0.8753157 -0.2592734 0 0 0 -0.4459586 -0.8566786 0.2592734 0.4459586 0.8566786 -0.2592734 0 0 0 -0.482902 -0.8364108 0.2592734 0.482902 0.8364108 -0.2592734 0 0 0 -0.5189261 -0.8145508 0.2592734 0.5189261 0.8145508 -0.2592734 0 0 0 -0.5539624 -0.7911403 0.2592734 0.5539624 0.7911403 -0.2592734 0 0 0 -0.5879442 -0.7662238 0.2592734 0.5879442 0.7662238 -0.2592734 0 0 0 -0.6208068 -0.7398488 0.2592734 0.6208068 0.7398488 -0.2592734 0 0 0 -0.6524877 -0.7120654 0.2592734 0.6524877 0.7120654 -0.2592734 0 0 0 -0.6829265 -0.6829265 0.2592734 0.6829265 0.6829265 -0.2592734 0 0 0 -0.7120654 -0.6524877 0.2592734 0.7120654 0.6524877 -0.2592734 0 0 0 -0.7398488 -0.6208068 0.2592734 0.7398488 0.6208068 -0.2592734 0 0 0 -0.7662238 -0.5879442 0.2592734 0.7662238 0.5879442 -0.2592734 0 0 0 -0.7911403 -0.5539624 0.2592734 0.7911403 0.5539624 -0.2592734 0 0 0 -0.8145508 -0.5189261 0.2592734 0.8145508 0.5189261 -0.2592734 0 0 0 -0.8364108 -0.482902 0.2592734 0.8364108 0.482902 -0.2592734 0 0 0 -0.8566786 -0.4459586 0.2592734 0.8566786 0.4459586 -0.2592734 0 0 0 -0.8753157 -0.4081664 0.2592734 0.8753157 0.4081664 -0.2592734 0 0 0 -0.8922865 -0.3695972 0.2592734 0.8922865 0.3695972 -0.2592734 0 0 0 -0.9075589 -0.3303244 0.2592734 0.9075589 0.3303244 -0.2592734 0 0 0 -0.9211036 -0.2904229 0.2592734 0.9211036 0.2904229 -0.2592734 0 0 0 -0.932895 -0.2499685 0.2592734 0.932895 0.2499685 -0.2592734 0 0 0 -0.9429106 -0.2090382 0.2592734 0.9429106 0.2090382 -0.2592734 0 0 0 -0.9511312 -0.1677101 0.2592734 0.9511312 0.1677101 -0.2592734 0 0 0 -0.9575414 -0.1260627 0.2592734 0.9575414 0.1260627 -0.2592734 0 0 0 -0.9621288 -0.08417536 0.2592734 0.9621288 0.08417536 -0.2592734 0 0 0 -0.9648847 -0.04212778 0.2592734 0.9648847 0.04212778 -0.2592734 0 0 0 -0.965804 1.691633e-15 0.2592734 0.965804 -1.691633e-15 -0.2592734 0 0 0 -0.9648847 0.04212778 0.2592734 0.9648847 -0.04212778 -0.2592734 0 0 0 -0.9621288 0.08417536 0.2592734 0.9621288 -0.08417536 -0.2592734 0 0 0 -0.9575414 0.1260627 0.2592734 0.9575414 -0.1260627 -0.2592734 0 0 0 -0.9511312 0.1677101 0.2592734 0.9511312 -0.1677101 -0.2592734 0 0 0 -0.9429106 0.2090382 0.2592734 0.9429106 -0.2090382 -0.2592734 0 0 0 -0.932895 0.2499685 0.2592734 0.932895 -0.2499685 -0.2592734 0 0 0 -0.9211036 0.2904229 0.2592734 0.9211036 -0.2904229 -0.2592734 0 0 0 -0.9075589 0.3303244 0.2592734 0.9075589 -0.3303244 -0.2592734 0 0 0 -0.8922865 0.3695972 0.2592734 0.8922865 -0.3695972 -0.2592734 0 0 0 -0.8753157 0.4081664 0.2592734 0.8753157 -0.4081664 -0.2592734 0 0 0 -0.8566786 0.4459586 0.2592734 0.8566786 -0.4459586 -0.2592734 0 0 0 -0.8364108 0.482902 0.2592734 0.8364108 -0.482902 -0.2592734 0 0 0 -0.8145508 0.5189261 0.2592734 0.8145508 -0.5189261 -0.2592734 0 0 0 -0.7911403 0.5539624 0.2592734 0.7911403 -0.5539624 -0.2592734 0 0 0 -0.7662238 0.5879442 0.2592734 0.7662238 -0.5879442 -0.2592734 0 0 0 -0.7398488 0.6208068 0.2592734 0.7398488 -0.6208068 -0.2592734 0 0 0 -0.7120654 0.6524877 0.2592734 0.7120654 -0.6524877 -0.2592734 0 0 0 -0.6829265 0.6829265 0.2592734 0.6829265 -0.6829265 -0.2592734 0 0 0 -0.6524877 0.7120654 0.2592734 0.6524877 -0.7120654 -0.2592734 0 0 0 -0.6208068 0.7398488 0.2592734 0.6208068 -0.7398488 -0.2592734 0 0 0 -0.5879442 0.7662238 0.2592734 0.5879442 -0.7662238 -0.2592734 0 0 0 -0.5539624 0.7911403 0.2592734 0.5539624 -0.7911403 -0.2592734 0 0 0 -0.5189261 0.8145508 0.2592734 0.5189261 -0.8145508 -0.2592734 0 0 0 -0.482902 0.8364108 0.2592734 0.482902 -0.8364108 -0.2592734 0 0 0 -0.4459586 0.8566786 0.2592734 0.4459586 -0.8566786 -0.2592734 0 0 0 -0.4081664 0.8753157 0.2592734 0.4081664 -0.8753157 -0.2592734 0 0 0 0.4459586 0.8566786 0.2592734 -0.4459586 -0.8566786 -0.2592734 0 0 0 0.482902 0.8364108 0.2592734 -0.482902 -0.8364108 -0.2592734 0 0 0 0.5189261 0.8145508 0.2592734 -0.5189261 -0.8145508 -0.2592734 0 0 0 0.5539624 0.7911403 0.2592734 -0.5539624 -0.7911403 -0.2592734 0 0 0 0.5879442 0.7662238 0.2592734 -0.5879442 -0.7662238 -0.2592734 0 0 0 0.6208068 0.7398488 0.2592734 -0.6208068 -0.7398488 -0.2592734 0 0 0 0.6524877 0.7120654 0.2592734 -0.6524877 -0.7120654 -0.2592734 0 0 0 0.6829265 0.6829265 0.2592734 -0.6829265 -0.6829265 -0.2592734 0 0 0 0.7120654 0.6524877 0.2592734 -0.7120654 -0.6524877 -0.2592734 0 0 0 0.7398488 0.6208068 0.2592734 -0.7398488 -0.6208068 -0.2592734 0 0 0 0.7662238 0.5879442 0.2592734 -0.7662238 -0.5879442 -0.2592734 0 0 0 0.7911403 0.5539624 0.2592734 -0.7911403 -0.5539624 -0.2592734 0 0 0 0.8145508 0.5189261 0.2592734 -0.8145508 -0.5189261 -0.2592734 0 0 0 0.8364108 0.482902 0.2592734 -0.8364108 -0.482902 -0.2592734 0 0 0 0.8566786 0.4459586 0.2592734 -0.8566786 -0.4459586 -0.2592734 0 0 0 0.8753157 0.4081664 0.2592734 -0.8753157 -0.4081664 -0.2592734 0 0 0 0.8922865 0.3695972 0.2592734 -0.8922865 -0.3695972 -0.2592734 0 0 0 0.9075589 0.3303244 0.2592734 -0.9075589 -0.3303244 -0.2592734 0 0 0 0.9211036 0.2904229 0.2592734 -0.9211036 -0.2904229 -0.2592734 0 0 0 0.932895 0.2499685 0.2592734 -0.932895 -0.2499685 -0.2592734 0 0 0 0.9429106 0.2090382 0.2592734 -0.9429106 -0.2090382 -0.2592734 0 0 0 0.9511312 0.1677101 0.2592734 -0.9511312 -0.1677101 -0.2592734 0 0 0 0.9575414 0.1260627 0.2592734 -0.9575414 -0.1260627 -0.2592734 0 0 0 0.9621288 0.08417536 0.2592734 -0.9621288 -0.08417536 -0.2592734 0 0 0 0.9648847 0.04212778 0.2592734 -0.9648847 -0.04212778 -0.2592734 0 0 0 0.965804 -1.670501e-15 0.2592734 -0.965804 1.670501e-15 -0.2592734 0 0 0 0.9648847 -0.04212778 0.2592734 -0.9648847 0.04212778 -0.2592734 0 0 0 0.9621288 -0.08417536 0.2592734 -0.9621288 0.08417536 -0.2592734 0 0 0 0.9575414 -0.1260627 0.2592734 -0.9575414 0.1260627 -0.2592734 0 0 0 0.9511312 -0.1677101 0.2592734 -0.9511312 0.1677101 -0.2592734 0 0 0 0.9429106 -0.2090382 0.2592734 -0.9429106 0.2090382 -0.2592734 0 0 0 0.932895 -0.2499685 0.2592734 -0.932895 0.2499685 -0.2592734 0 0 0 0.9211036 -0.2904229 0.2592734 -0.9211036 0.2904229 -0.2592734 0 0 0 0.9075589 -0.3303244 0.2592734 -0.9075589 0.3303244 -0.2592734 0 0 0 0.8922865 -0.3695972 0.2592734 -0.8922865 0.3695972 -0.2592734 0 0 0 0.8753157 -0.4081664 0.2592734 -0.8753157 0.4081664 -0.2592734 0 0 0 -0.4617486 0.8870108 0 -0.4607582 0.8851082 0.06546249 0.4607582 -0.8851082 -0.06546249 0.4617486 -0.8870108 -0 0 0 0 0.4989275 0.8641678 0.06546249 0.5 0.8660254 0 -0.4989275 -0.8641678 -0.06546249 -0.5 -0.8660254 -0 0 0 0 0.8641678 -0.4989275 0.06546249 0.8851082 -0.4607582 0.06546249 -0.8641678 0.4989275 -0.06546249 -0.8851082 0.4607582 -0.06546249 0 0 0 0 0 0 0.8415824 -0.5361471 0.06546249 -0.8415824 0.5361471 -0.06546249 0 0 0 0.817395 -0.5723461 0.06546249 -0.817395 0.5723461 -0.06546249 0 0 0 0.7916516 -0.6074557 0.06546249 -0.7916516 0.6074557 -0.06546249 0 0 0 0.7644013 -0.6414089 0.06546249 -0.7644013 0.6414089 -0.06546249 0 0 0 0.7356959 -0.6741411 0.06546249 -0.7356959 0.6741411 -0.06546249 0 0 0 0.7055901 -0.7055901 0.06546249 -0.7055901 0.7055901 -0.06546249 0 0 0 0.6741411 -0.7356959 0.06546249 -0.6741411 0.7356959 -0.06546249 0 0 0 0.6414089 -0.7644013 0.06546249 -0.6414089 0.7644013 -0.06546249 0 0 0 0.6074557 -0.7916516 0.06546249 -0.6074557 0.7916516 -0.06546249 0 0 0 0.5723461 -0.817395 0.06546249 -0.5723461 0.817395 -0.06546249 0 0 0 0.5361471 -0.8415824 0.06546249 -0.5361471 0.8415824 -0.06546249 0 0 0 0.4989275 -0.8641678 0.06546249 -0.4989275 0.8641678 -0.06546249 0 0 0 0.4607582 -0.8851082 0.06546249 -0.4607582 0.8851082 -0.06546249 0 0 0 0.4217118 -0.9043638 0.06546249 -0.4217118 0.9043638 -0.06546249 0 0 0 0.3818626 -0.9218978 0.06546249 -0.3818626 0.9218978 -0.06546249 0 0 0 0.3412865 -0.937677 0.06546249 -0.3412865 0.937677 -0.06546249 0 0 0 0.3000608 -0.9516713 0.06546249 -0.3000608 0.9516713 -0.06546249 0 0 0 0.2582639 -0.9638539 0.06546249 -0.2582639 0.9638539 -0.06546249 0 0 0 0.2159754 -0.9742019 0.06546249 -0.2159754 0.9742019 -0.06546249 0 0 0 0.1732757 -0.9826954 0.06546249 -0.1732757 0.9826954 -0.06546249 0 0 0 0.1302462 -0.9893182 0.06546249 -0.1302462 0.9893182 -0.06546249 0 0 0 0.0869688 -0.9940579 0.06546249 -0.0869688 0.9940579 -0.06546249 0 0 0 0.04352583 -0.9969053 0.06546249 -0.04352583 0.9969053 -0.06546249 0 0 0 1.636862e-16 -0.997855 0.06546249 -1.636862e-16 0.997855 -0.06546249 0 0 0 -0.04352583 -0.9969053 0.06546249 0.04352583 0.9969053 -0.06546249 0 0 0 -0.0869688 -0.9940579 0.06546249 0.0869688 0.9940579 -0.06546249 0 0 0 -0.1302462 -0.9893182 0.06546249 0.1302462 0.9893182 -0.06546249 0 0 0 -0.1732757 -0.9826954 0.06546249 0.1732757 0.9826954 -0.06546249 0 0 0 -0.2159754 -0.9742019 0.06546249 0.2159754 0.9742019 -0.06546249 0 0 0 -0.2582639 -0.9638539 0.06546249 0.2582639 0.9638539 -0.06546249 0 0 0 -0.3000608 -0.9516713 0.06546249 0.3000608 0.9516713 -0.06546249 0 0 0 -0.3412865 -0.937677 0.06546249 0.3412865 0.937677 -0.06546249 0 0 0 -0.3818626 -0.9218978 0.06546249 0.3818626 0.9218978 -0.06546249 0 0 0 -0.4217118 -0.9043638 0.06546249 0.4217118 0.9043638 -0.06546249 0 0 0 -0.4607582 -0.8851082 0.06546249 0.4607582 0.8851082 -0.06546249 0 0 0 -0.4989275 -0.8641678 0.06546249 0.4989275 0.8641678 -0.06546249 0 0 0 -0.5361471 -0.8415824 0.06546249 0.5361471 0.8415824 -0.06546249 0 0 0 -0.5723461 -0.817395 0.06546249 0.5723461 0.817395 -0.06546249 0 0 0 -0.6074557 -0.7916516 0.06546249 0.6074557 0.7916516 -0.06546249 0 0 0 -0.6414089 -0.7644013 0.06546249 0.6414089 0.7644013 -0.06546249 0 0 0 -0.6741411 -0.7356959 0.06546249 0.6741411 0.7356959 -0.06546249 0 0 0 -0.7055901 -0.7055901 0.06546249 0.7055901 0.7055901 -0.06546249 0 0 0 -0.7356959 -0.6741411 0.06546249 0.7356959 0.6741411 -0.06546249 0 0 0 -0.7644013 -0.6414089 0.06546249 0.7644013 0.6414089 -0.06546249 0 0 0 -0.7916516 -0.6074557 0.06546249 0.7916516 0.6074557 -0.06546249 0 0 0 -0.817395 -0.5723461 0.06546249 0.817395 0.5723461 -0.06546249 0 0 0 -0.8415824 -0.5361471 0.06546249 0.8415824 0.5361471 -0.06546249 0 0 0 -0.8641678 -0.4989275 0.06546249 0.8641678 0.4989275 -0.06546249 0 0 0 -0.8851082 -0.4607582 0.06546249 0.8851082 0.4607582 -0.06546249 0 0 0 -0.9043638 -0.4217118 0.06546249 0.9043638 0.4217118 -0.06546249 0 0 0 -0.9218978 -0.3818626 0.06546249 0.9218978 0.3818626 -0.06546249 0 0 0 -0.937677 -0.3412865 0.06546249 0.937677 0.3412865 -0.06546249 0 0 0 -0.9516713 -0.3000608 0.06546249 0.9516713 0.3000608 -0.06546249 0 0 0 -0.9638539 -0.2582639 0.06546249 0.9638539 0.2582639 -0.06546249 0 0 0 -0.9742019 -0.2159754 0.06546249 0.9742019 0.2159754 -0.06546249 0 0 0 -0.9826954 -0.1732757 0.06546249 0.9826954 0.1732757 -0.06546249 0 0 0 -0.9893182 -0.1302462 0.06546249 0.9893182 0.1302462 -0.06546249 0 0 0 -0.9940579 -0.0869688 0.06546249 0.9940579 0.0869688 -0.06546249 0 0 0 -0.9969053 -0.04352583 0.06546249 0.9969053 0.04352583 -0.06546249 0 0 0 -0.997855 1.75299e-15 0.06546249 0.997855 -1.75299e-15 -0.06546249 0 0 0 -0.9969053 0.04352583 0.06546249 0.9969053 -0.04352583 -0.06546249 0 0 0 -0.9940579 0.0869688 0.06546249 0.9940579 -0.0869688 -0.06546249 0 0 0 -0.9893182 0.1302462 0.06546249 0.9893182 -0.1302462 -0.06546249 0 0 0 -0.9826954 0.1732757 0.06546249 0.9826954 -0.1732757 -0.06546249 0 0 0 -0.9742019 0.2159754 0.06546249 0.9742019 -0.2159754 -0.06546249 0 0 0 -0.9638539 0.2582639 0.06546249 0.9638539 -0.2582639 -0.06546249 0 0 0 -0.9516713 0.3000608 0.06546249 0.9516713 -0.3000608 -0.06546249 0 0 0 -0.937677 0.3412865 0.06546249 0.937677 -0.3412865 -0.06546249 0 0 0 -0.9218978 0.3818626 0.06546249 0.9218978 -0.3818626 -0.06546249 0 0 0 -0.9043638 0.4217118 0.06546249 0.9043638 -0.4217118 -0.06546249 0 0 0 -0.8851082 0.4607582 0.06546249 0.8851082 -0.4607582 -0.06546249 0 0 0 -0.8641678 0.4989275 0.06546249 0.8641678 -0.4989275 -0.06546249 0 0 0 -0.8415824 0.5361471 0.06546249 0.8415824 -0.5361471 -0.06546249 0 0 0 -0.817395 0.5723461 0.06546249 0.817395 -0.5723461 -0.06546249 0 0 0 -0.7916516 0.6074557 0.06546249 0.7916516 -0.6074557 -0.06546249 0 0 0 -0.7644013 0.6414089 0.06546249 0.7644013 -0.6414089 -0.06546249 0 0 0 -0.7356959 0.6741411 0.06546249 0.7356959 -0.6741411 -0.06546249 0 0 0 -0.7055901 0.7055901 0.06546249 0.7055901 -0.7055901 -0.06546249 0 0 0 -0.6741411 0.7356959 0.06546249 0.6741411 -0.7356959 -0.06546249 0 0 0 -0.6414089 0.7644013 0.06546249 0.6414089 -0.7644013 -0.06546249 0 0 0 -0.6074557 0.7916516 0.06546249 0.6074557 -0.7916516 -0.06546249 0 0 0 -0.5723461 0.817395 0.06546249 0.5723461 -0.817395 -0.06546249 0 0 0 -0.5361471 0.8415824 0.06546249 0.5361471 -0.8415824 -0.06546249 0 0 0 -0.4989275 0.8641678 0.06546249 0.4989275 -0.8641678 -0.06546249 0 0 0 0.5361471 0.8415824 0.06546249 -0.5361471 -0.8415824 -0.06546249 0 0 0 0.5723461 0.817395 0.06546249 -0.5723461 -0.817395 -0.06546249 0 0 0 0.6074557 0.7916516 0.06546249 -0.6074557 -0.7916516 -0.06546249 0 0 0 0.6414089 0.7644013 0.06546249 -0.6414089 -0.7644013 -0.06546249 0 0 0 0.6741411 0.7356959 0.06546249 -0.6741411 -0.7356959 -0.06546249 0 0 0 0.7055901 0.7055901 0.06546249 -0.7055901 -0.7055901 -0.06546249 0 0 0 0.7356959 0.6741411 0.06546249 -0.7356959 -0.6741411 -0.06546249 0 0 0 0.7644013 0.6414089 0.06546249 -0.7644013 -0.6414089 -0.06546249 0 0 0 0.7916516 0.6074557 0.06546249 -0.7916516 -0.6074557 -0.06546249 0 0 0 0.817395 0.5723461 0.06546249 -0.817395 -0.5723461 -0.06546249 0 0 0 0.8415824 0.5361471 0.06546249 -0.8415824 -0.5361471 -0.06546249 0 0 0 0.8641678 0.4989275 0.06546249 -0.8641678 -0.4989275 -0.06546249 0 0 0 0.8851082 0.4607582 0.06546249 -0.8851082 -0.4607582 -0.06546249 0 0 0 0.9043638 0.4217118 0.06546249 -0.9043638 -0.4217118 -0.06546249 0 0 0 0.9218978 0.3818626 0.06546249 -0.9218978 -0.3818626 -0.06546249 0 0 0 0.937677 0.3412865 0.06546249 -0.937677 -0.3412865 -0.06546249 0 0 0 0.9516713 0.3000608 0.06546249 -0.9516713 -0.3000608 -0.06546249 0 0 0 0.9638539 0.2582639 0.06546249 -0.9638539 -0.2582639 -0.06546249 0 0 0 0.9742019 0.2159754 0.06546249 -0.9742019 -0.2159754 -0.06546249 0 0 0 0.9826954 0.1732757 0.06546249 -0.9826954 -0.1732757 -0.06546249 0 0 0 0.9893182 0.1302462 0.06546249 -0.9893182 -0.1302462 -0.06546249 0 0 0 0.9940579 0.0869688 0.06546249 -0.9940579 -0.0869688 -0.06546249 0 0 0 0.9969053 0.04352583 0.06546249 -0.9969053 -0.04352583 -0.06546249 0 0 0 0.997855 -1.458798e-15 0.06546249 -0.997855 1.458798e-15 -0.06546249 0 0 0 0.9969053 -0.04352583 0.06546249 -0.9969053 0.04352583 -0.06546249 0 0 0 0.9940579 -0.0869688 0.06546249 -0.9940579 0.0869688 -0.06546249 0 0 0 0.9893182 -0.1302462 0.06546249 -0.9893182 0.1302462 -0.06546249 0 0 0 0.9826954 -0.1732757 0.06546249 -0.9826954 0.1732757 -0.06546249 0 0 0 0.9742019 -0.2159754 0.06546249 -0.9742019 0.2159754 -0.06546249 0 0 0 0.9638539 -0.2582639 0.06546249 -0.9638539 0.2582639 -0.06546249 0 0 0 0.9516713 -0.3000608 0.06546249 -0.9516713 0.3000608 -0.06546249 0 0 0 0.937677 -0.3412865 0.06546249 -0.937677 0.3412865 -0.06546249 0 0 0 0.9218978 -0.3818626 0.06546249 -0.9218978 0.3818626 -0.06546249 0 0 0 0.9043638 -0.4217118 0.06546249 -0.9043638 0.4217118 -0.06546249 0 0 0 -0.5 0.8660254 0 0.5 -0.8660254 -0 0.5372996 0.8433914 0 -0.5372996 -0.8433914 -0 0.8660254 -0.5 0 0.8870108 -0.4617486 0 -0.8660254 0.5 -0 -0.8870108 0.4617486 -0 0.8433914 -0.5372996 0 -0.8433914 0.5372996 -0 0.819152 -0.5735764 0 -0.819152 0.5735764 -0 0.7933533 -0.6087614 0 -0.7933533 0.6087614 -0 0.7660444 -0.6427876 0 -0.7660444 0.6427876 -0 0.7372773 -0.6755902 0 -0.7372773 0.6755902 -0 0.7071068 -0.7071068 0 -0.7071068 0.7071068 -0 0.6755902 -0.7372773 0 -0.6755902 0.7372773 -0 0.6427876 -0.7660444 0 -0.6427876 0.7660444 -0 0.6087614 -0.7933533 0 -0.6087614 0.7933533 -0 0.5735764 -0.819152 0 -0.5735764 0.819152 -0 0.5372996 -0.8433914 0 -0.5372996 0.8433914 -0 0.5 -0.8660254 0 -0.5 0.8660254 -0 0.4617486 -0.8870108 0 -0.4617486 0.8870108 -0 0.4226183 -0.9063078 0 -0.4226183 0.9063078 -0 0.3826834 -0.9238795 0 -0.3826834 0.9238795 -0 0.3420201 -0.9396926 0 -0.3420201 0.9396926 -0 0.3007058 -0.953717 0 -0.3007058 0.953717 -0 0.258819 -0.9659258 0 -0.258819 0.9659258 -0 0.2164396 -0.976296 0 -0.2164396 0.976296 -0 0.1736482 -0.9848078 0 -0.1736482 0.9848078 -0 0.1305262 -0.9914449 0 -0.1305262 0.9914449 -0 0.08715574 -0.9961947 2.928597e-18 -0.08715574 0.9961947 -2.928597e-18 0.04361939 -0.9990482 3.905415e-18 -0.04361939 0.9990482 -3.905415e-18 1.701118e-16 -1 1.532971e-32 -1.701118e-16 1 -1.532971e-32 -0.04361939 -0.9990482 -2.441117e-18 0.04361939 0.9990482 2.441117e-18 -0.08715574 -0.9961947 -1.464298e-18 0.08715574 0.9961947 1.464298e-18 -0.1305262 -0.9914449 0 0.1305262 0.9914449 -0 -0.1736482 -0.9848078 0 0.1736482 0.9848078 -0 -0.2164396 -0.976296 0 0.2164396 0.976296 -0 -0.258819 -0.9659258 0 0.258819 0.9659258 -0 -0.3007058 -0.953717 0 0.3007058 0.953717 -0 -0.3420201 -0.9396926 0 0.3420201 0.9396926 -0 -0.3826834 -0.9238795 0 0.3826834 0.9238795 -0 -0.4226183 -0.9063078 0 0.4226183 0.9063078 -0 -0.4617486 -0.8870108 0 0.4617486 0.8870108 -0 -0.5 -0.8660254 0 0.5 0.8660254 -0 -0.5372996 -0.8433914 0 0.5372996 0.8433914 -0 -0.5735764 -0.819152 0 0.5735764 0.819152 -0 -0.6087614 -0.7933533 0 0.6087614 0.7933533 -0 -0.6427876 -0.7660444 0 0.6427876 0.7660444 -0 -0.6755902 -0.7372773 0 0.6755902 0.7372773 -0 -0.7071068 -0.7071068 0 0.7071068 0.7071068 -0 -0.7372773 -0.6755902 0 0.7372773 0.6755902 -0 -0.7660444 -0.6427876 0 0.7660444 0.6427876 -0 -0.7933533 -0.6087614 0 0.7933533 0.6087614 -0 -0.819152 -0.5735764 0 0.819152 0.5735764 -0 -0.8433914 -0.5372996 0 0.8433914 0.5372996 -0 -0.8660254 -0.5 0 0.8660254 0.5 -0 -0.8870108 -0.4617486 0 0.8870108 0.4617486 -0 -0.9063078 -0.4226183 0 0.9063078 0.4226183 -0 -0.9238795 -0.3826834 0 0.9238795 0.3826834 -0 -0.9396926 -0.3420201 0 0.9396926 0.3420201 -0 -0.953717 -0.3007058 0 0.953717 0.3007058 -0 -0.9659258 -0.258819 0 0.9659258 0.258819 -0 -0.976296 -0.2164396 0 0.976296 0.2164396 -0 -0.9848078 -0.1736482 0 0.9848078 0.1736482 -0 -0.9914449 -0.1305262 0 0.9914449 0.1305262 -0 -0.9961947 -0.08715574 0 0.9961947 0.08715574 -0 -0.9990482 -0.04361939 0 0.9990482 0.04361939 -0 -1 1.758558e-15 0 1 -1.758558e-15 -0 -0.9990482 0.04361939 0 0.9990482 -0.04361939 -0 -0.9961947 0.08715574 0 0.9961947 -0.08715574 -0 -0.9914449 0.1305262 0 0.9914449 -0.1305262 -0 -0.9848078 0.1736482 0 0.9848078 -0.1736482 -0 -0.976296 0.2164396 0 0.976296 -0.2164396 -0 -0.9659258 0.258819 0 0.9659258 -0.258819 -0 -0.953717 0.3007058 0 0.953717 -0.3007058 -0 -0.9396926 0.3420201 0 0.9396926 -0.3420201 -0 -0.9238795 0.3826834 0 0.9238795 -0.3826834 -0 -0.9063078 0.4226183 0 0.9063078 -0.4226183 -0 -0.8870108 0.4617486 0 0.8870108 -0.4617486 -0 -0.8660254 0.5 0 0.8660254 -0.5 -0 -0.8433914 0.5372996 0 0.8433914 -0.5372996 -0 -0.819152 0.5735764 0 0.819152 -0.5735764 -0 -0.7933533 0.6087614 0 0.7933533 -0.6087614 -0 -0.7660444 0.6427876 0 0.7660444 -0.6427876 -0 -0.7372773 0.6755902 0 0.7372773 -0.6755902 -0 -0.7071068 0.7071068 0 0.7071068 -0.7071068 -0 -0.6755902 0.7372773 0 0.6755902 -0.7372773 -0 -0.6427876 0.7660444 0 0.6427876 -0.7660444 -0 -0.6087614 0.7933533 0 0.6087614 -0.7933533 -0 -0.5735764 0.819152 0 0.5735764 -0.819152 -0 -0.5372996 0.8433914 0 0.5372996 -0.8433914 -0 0.5735764 0.819152 0 -0.5735764 -0.819152 -0 0.6087614 0.7933533 0 -0.6087614 -0.7933533 -0 0.6427876 0.7660444 0 -0.6427876 -0.7660444 -0 0.6755902 0.7372773 0 -0.6755902 -0.7372773 -0 0.7071068 0.7071068 0 -0.7071068 -0.7071068 -0 0.7372773 0.6755902 0 -0.7372773 -0.6755902 -0 0.7660444 0.6427876 0 -0.7660444 -0.6427876 -0 0.7933533 0.6087614 0 -0.7933533 -0.6087614 -0 0.819152 0.5735764 0 -0.819152 -0.5735764 -0 0.8433914 0.5372996 0 -0.8433914 -0.5372996 -0 0.8660254 0.5 0 -0.8660254 -0.5 -0 0.8870108 0.4617486 0 -0.8870108 -0.4617486 -0 0.9063078 0.4226183 0 -0.9063078 -0.4226183 -0 0.9238795 0.3826834 0 -0.9238795 -0.3826834 -0 0.9396926 0.3420201 0 -0.9396926 -0.3420201 -0 0.953717 0.3007058 0 -0.953717 -0.3007058 -0 0.9659258 0.258819 0 -0.9659258 -0.258819 -0 0.976296 0.2164396 0 -0.976296 -0.2164396 -0 0.9848078 0.1736482 0 -0.9848078 -0.1736482 -0 0.9914449 0.1305262 0 -0.9914449 -0.1305262 -0 0.9961947 0.08715574 0 -0.9961947 -0.08715574 -0 0.9990482 0.04361939 0 -0.9990482 -0.04361939 -0 1 -1.595074e-15 0 -1 1.595074e-15 -0 0.9990482 -0.04361939 0 -0.9990482 0.04361939 -0 0.9961947 -0.08715574 0 -0.9961947 0.08715574 -0 0.9914449 -0.1305262 0 -0.9914449 0.1305262 -0 0.9848078 -0.1736482 0 -0.9848078 0.1736482 -0 0.976296 -0.2164396 0 -0.976296 0.2164396 -0 0.9659258 -0.258819 0 -0.9659258 0.258819 -0 0.953717 -0.3007058 0 -0.953717 0.3007058 -0 0.9396926 -0.3420201 0 -0.9396926 0.3420201 -0 0.9238795 -0.3826834 0 -0.9238795 0.3826834 -0 0.9063078 -0.4226183 0 -0.9063078 0.4226183 -0</float_array>
                    <technique_common>
                        <accessor count="4789" source="#ID15" stride="3">
                            <param name="X" type="float" />
                            <param name="Y" type="float" />
                            <param name="Z" type="float" />
                        </accessor>
                    </technique_common>
                </source>
                <source id="ID8">
                    <Name_array id="ID16" count="0" />
                    <technique_common>
                        <accessor count="0" source="#ID16" stride="1">
                            <param name="skp_material" type="Name" />
                        </accessor>
                    </technique_common>
                </source>
                <vertices id="ID9">
                    <input semantic="POSITION" source="#ID6" />
                    <input semantic="NORMAL" source="#ID7" />
                </vertices>
                <triangles count="2600" material="Material2">
                    <input offset="0" semantic="VERTEX" source="#ID9" />
                    <p>0 1 2 1 0 3 3 12 1 12 3 13 18 2 19 2 18 0 24 3 0 3 24 25 13 30 12 30 13 31 36 13 3 13 36 37 41 19 42 19 41 18 47 0 18 0 47 24 50 51 52 51 50 53 53 50 54 54 50 55 55 50 56 56 50 57 72 25 24 25 72 73 31 77 30 77 31 78 37 31 13 31 37 83 86 37 36 37 86 87 91 42 92 42 91 41 97 18 41 18 97 47 100 24 47 24 100 72 103 73 72 73 103 104 108 87 86 87 108 109 113 103 114 103 113 104 118 109 108 109 118 119 123 114 124 114 123 113 128 119 118 119 128 129 133 124 134 124 133 123 138 129 128 129 138 139 143 144 145 144 143 146 146 143 147 155 156 157 156 155 158 158 155 159 78 166 77 166 78 167 83 78 31 78 83 172 87 83 37 83 87 175 178 92 179 92 178 91 184 41 91 41 184 97 187 47 97 47 187 100 190 72 100 72 190 103 109 175 87 175 109 193 114 190 196 190 114 103 119 193 109 193 119 199 124 196 202 196 124 114 129 199 119 199 129 205 134 202 208 202 134 124 139 205 129 205 139 211 146 214 144 214 146 215 219 220 221 220 219 222 222 219 223 223 219 224 223 224 225 225 224 226 226 224 227 227 224 228 227 228 229 229 228 230 229 230 231 231 230 232 232 230 233 232 233 234 234 233 235 234 235 236 236 235 237 236 237 238 238 237 239 238 239 240 240 239 241 240 241 242 242 241 243 242 243 244 244 243 245 245 243 246 245 246 247 247 246 248 247 248 249 249 248 250 249 250 251 251 250 252 251 252 253 253 252 254 253 254 255 255 254 256 255 256 257 257 256 258 257 258 259 259 258 260 259 260 261 261 260 262 261 262 263 263 262 264 263 264 265 265 264 266 265 266 267 267 266 268 267 268 269 269 268 270 269 270 271 271 270 272 271 272 273 273 272 274 273 274 275 275 274 276 275 276 277 277 276 278 277 278 279 279 278 280 279 280 281 281 280 282 281 282 283 283 282 284 283 284 285 285 284 286 285 286 287 287 286 288 287 288 289 289 288 290 290 288 291 290 291 292 292 291 293 292 293 294 294 293 295 294 295 296 296 295 297 296 297 298 298 297 299 298 299 300 300 299 301 300 301 302 302 301 303 302 303 304 304 303 305 304 305 306 306 305 307 306 307 308 308 307 309 308 309 310 310 309 311 310 311 312 312 311 313 312 313 314 314 313 315 314 315 316 316 315 317 316 317 318 318 317 319 318 319 320 320 319 321 320 321 322 322 321 323 322 323 324 324 323 325 324 325 326 326 325 327 326 327 328 328 327 329 328 329 330 330 329 331 330 331 332 332 331 333 333 331 334 333 334 335 335 334 336 335 336 337 337 336 338 337 338 339 339 338 340 339 340 341 341 340 342 341 342 343 343 342 344 343 344 345 345 344 346 346 344 347 346 347 348 348 347 349 348 349 350 350 349 351 351 349 352 352 349 353 352 353 354 355 356 357 356 355 358 358 355 359 358 359 360 360 359 361 360 361 362 362 361 363 362 363 364 364 363 221 364 221 365 365 221 220 365 220 366 365 366 367 365 367 368 368 367 369 368 369 370 368 370 371 368 371 372 372 371 373 372 373 374 374 373 375 374 375 376 374 376 377 377 376 378 377 378 379 379 378 380 379 380 381 381 380 382 381 382 383 383 382 384 383 384 385 385 384 386 385 386 387 387 386 388 387 388 389 387 389 390 390 389 391 390 391 392 392 391 393 392 393 394 394 393 395 394 395 396 396 395 397 396 397 398 398 397 399 398 399 400 400 399 401 400 401 402 402 401 403 402 403 404 404 403 405 404 405 406 406 405 407 406 407 408 408 407 409 408 409 410 410 409 411 410 411 412 412 411 413 412 413 414 414 413 415 414 415 416 416 415 417 416 417 418 418 417 419 418 419 420 420 419 421 420 421 422 422 421 423 422 423 424 424 423 425 424 425 426 426 425 427 426 427 428 428 427 429 428 429 430 430 429 431 430 431 432 430 432 433 433 432 434 433 434 435 435 434 436 435 436 437 437 436 438 437 438 439 439 438 440 439 440 441 441 440 442 441 442 443 443 442 444 443 444 445 445 444 446 445 446 447 447 446 448 447 448 449 449 448 450 449 450 451 451 450 452 451 452 453 453 452 454 453 454 455 455 454 456 455 456 457 457 456 458 457 458 459 459 458 460 459 460 461 461 460 462 461 462 463 463 462 464 463 464 465 465 464 466 465 466 467 467 466 468 467 468 469 469 468 470 469 470 471 471 470 472 471 472 473 473 472 474 473 474 475 475 474 476 475 476 477 475 477 478 478 477 479 478 479 480 480 479 481 480 481 482 482 481 483 482 483 484 484 483 485 484 485 486 486 485 487 486 487 488 488 487 489 488 489 490 488 490 491 491 490 492 491 492 493 493 492 494 493 494 495 493 495 496 493 496 497 497 496 354 497 354 353 497 353 498 497 498 499 499 498 500 499 500 501 501 500 502 501 502 503 503 502 504 504 502 505 504 505 506 1069 157 1070 157 1069 155 167 1073 166 1073 167 1074 172 167 78 167 172 1078 175 172 83 172 175 1081 1084 179 1085 179 1084 178 1089 91 178 91 1089 184 1092 97 184 97 1092 187 1095 100 187 100 1095 190 193 1081 175 1081 193 1098 196 1095 1101 1095 196 190 199 1098 193 1098 199 1104 202 1101 1107 1101 202 196 205 1104 199 1104 205 1110 208 1107 1113 1107 208 202 211 1110 205 1110 211 1116 215 1119 214 1119 215 1120 1123 1124 1125 1124 1123 1126 1133 1126 1123 1126 1133 1134 1138 1134 1133 1134 1138 1139 1143 1139 1138 1139 1143 1144 1148 1144 1143 1144 1148 1149 1153 1149 1148 1149 1153 1154 1158 1154 1153 1154 1158 1159 1158 1163 1159 1163 1158 1164 1164 1168 1163 1168 1164 1169 1169 1173 1168 1173 1169 1174 1174 1178 1173 1178 1174 1179 1179 1183 1178 1183 1179 1184 1184 1188 1183 1188 1184 1189 1189 1193 1188 1193 1189 1194 1194 1198 1193 1198 1194 1199 1199 1203 1198 1203 1199 1204 1204 1208 1203 1208 1204 1209 1209 1213 1208 1213 1209 1214 1214 1218 1213 1218 1214 1219 1219 1223 1218 1223 1219 1224 1224 1228 1223 1228 1224 1229 1229 1233 1228 1233 1229 1234 1234 1238 1233 1238 1234 1239 1239 1243 1238 1243 1239 1244 1244 1248 1243 1248 1244 1249 1249 1253 1248 1253 1249 1254 1254 1258 1253 1258 1254 1259 1259 1263 1258 1263 1259 1264 1264 1268 1263 1268 1264 1269 1269 1273 1268 1273 1269 1274 1274 1278 1273 1278 1274 1279 1279 1283 1278 1283 1279 1284 1284 1288 1283 1288 1284 1289 1289 1293 1288 1293 1289 1294 1294 1298 1293 1298 1294 1299 1299 1303 1298 1303 1299 1304 1304 1308 1303 1308 1304 1309 1309 1313 1308 1313 1309 1314 1314 1318 1313 1318 1314 1319 1319 1323 1318 1323 1319 1324 1324 1328 1323 1328 1324 1329 1329 1333 1328 1333 1329 1334 1334 1338 1333 1338 1334 1339 1338 1343 1344 1343 1338 1339 1344 1348 1349 1348 1344 1343 1349 1353 1354 1353 1349 1348 1354 1358 1359 1358 1354 1353 1359 1363 1364 1363 1359 1358 1364 1368 1369 1368 1364 1363 1369 1373 1374 1373 1369 1368 1374 1378 1379 1378 1374 1373 1379 1383 1384 1383 1379 1378 1384 1388 1389 1388 1384 1383 1389 1393 1394 1393 1389 1388 1394 1398 1399 1398 1394 1393 1399 1403 1404 1403 1399 1398 1404 1408 1409 1408 1404 1403 1409 1413 1414 1413 1409 1408 1414 1418 1419 1418 1414 1413 1419 1423 1424 1423 1419 1418 1424 1428 1429 1428 1424 1423 1429 1433 1434 1433 1429 1428 1434 1438 1439 1438 1434 1433 1439 1443 1444 1443 1439 1438 1444 1448 1449 1448 1444 1443 1449 1453 1454 1453 1449 1448 1454 1458 1459 1458 1454 1453 1459 1463 1464 1463 1459 1458 1464 1468 1469 1468 1464 1463 1469 1473 1474 1473 1469 1468 1474 1478 1479 1478 1474 1473 1479 1483 1484 1483 1479 1478 1484 1488 1489 1488 1484 1483 1489 1493 1494 1493 1489 1488 1494 1498 1499 1498 1494 1493 1499 1503 1504 1503 1499 1498 1504 1508 1509 1508 1504 1503 1509 1513 1514 1513 1509 1508 1514 1518 1519 1518 1514 1513 1518 1523 1519 1523 1518 1524 1524 1528 1523 1528 1524 1529 1529 1533 1528 1533 1529 1534 1534 1538 1533 1538 1534 1539 1539 1543 1538 1543 1539 1544 1544 1548 1543 1548 1544 1549 1549 1553 1548 1553 1549 1554 1554 1558 1553 1558 1554 1559 1559 1563 1558 1563 1559 1564 1564 1568 1563 1568 1564 1569 1569 1573 1568 1573 1569 1574 1574 1578 1573 1578 1574 1579 1579 1583 1578 1583 1579 1584 1584 1588 1583 1588 1584 1589 1589 1593 1588 1593 1589 1594 1594 1070 1593 1070 1594 1069 1120 1597 1119 1597 1120 1598 1598 1602 1597 1602 1598 1603 1603 1607 1602 1607 1603 1608 1608 1612 1607 1612 1608 1613 1613 1617 1612 1617 1613 1618 1618 1622 1617 1622 1618 1623 1623 1627 1622 1627 1623 1628 1628 1632 1627 1632 1628 1633 1633 1637 1632 1637 1633 1638 1638 1642 1637 1642 1638 1643 1643 1647 1642 1647 1643 1648 1648 1652 1647 1652 1648 1653 1653 1657 1652 1657 1653 1658 1658 1662 1657 1662 1658 1663 1663 1667 1662 1667 1663 1668 1672 1667 1668 1667 1672 1673 1677 1673 1672 1673 1677 1678 1682 1678 1677 1678 1682 1683 1687 1683 1682 1683 1687 1688 1692 1688 1687 1688 1692 1693 1697 1693 1692 1693 1697 1698 1702 1698 1697 1698 1702 1703 1707 1703 1702 1703 1707 1708 1712 1708 1707 1708 1712 1713 1717 1713 1712 1713 1717 1718 1722 1718 1717 1718 1722 1723 1727 1723 1722 1723 1727 1728 1732 1728 1727 1728 1732 1733 1737 1733 1732 1733 1737 1738 1742 1738 1737 1738 1742 1743 1747 1743 1742 1743 1747 1748 1752 1748 1747 1748 1752 1753 1757 1753 1752 1753 1757 1758 1762 1758 1757 1758 1762 1763 1767 1763 1762 1763 1767 1768 1772 1768 1767 1768 1772 1773 1777 1773 1772 1773 1777 1778 1782 1778 1777 1778 1782 1783 1787 1783 1782 1783 1787 1788 1792 1788 1787 1788 1792 1793 1797 1793 1792 1793 1797 1798 1802 1798 1797 1798 1802 1803 1807 1803 1802 1803 1807 1808 1125 1808 1807 1808 1125 1124 1074 1812 1073 1812 1074 1813 1078 1074 167 1074 1078 1817 1081 1078 172 1078 1081 1820 1823 1085 1824 1085 1823 1084 1828 178 1084 178 1828 1089 1831 184 1089 184 1831 1092 1834 187 1092 187 1834 1095 1098 1820 1081 1820 1098 1837 1101 1834 1840 1834 1101 1095 1104 1837 1098 1837 1104 1843 1107 1840 1846 1840 1107 1101 1110 1843 1104 1843 1110 1849 1113 1846 1852 1846 1113 1107 1116 1849 1110 1849 1116 1854 1856 1857 1858 1857 1856 1859 1859 1866 1857 1866 1859 1867 1867 1871 1866 1871 1867 1872 1872 1876 1871 1876 1872 1877 1877 1881 1876 1881 1877 1882 1882 1886 1881 1886 1882 1887 1887 1891 1886 1891 1887 1892 1892 1896 1891 1896 1892 1897 1897 1901 1896 1901 1897 1902 1902 1906 1901 1906 1902 1907 1907 1911 1906 1911 1907 1912 1912 1916 1911 1916 1912 1917 1917 1921 1916 1921 1917 1922 1922 1926 1921 1926 1922 1927 1927 1931 1926 1931 1927 1932 1932 1936 1931 1936 1932 1937 1937 1941 1936 1941 1937 1942 1942 1946 1941 1946 1942 1947 1947 1951 1946 1951 1947 1952 1952 1956 1951 1956 1952 1957 1957 1961 1956 1961 1957 1962 1962 1966 1961 1966 1962 1967 1967 1971 1966 1971 1967 1972 1972 1976 1971 1976 1972 1977 1977 1981 1976 1981 1977 1982 1982 1986 1981 1986 1982 1987 1991 1986 1987 1986 1991 1992 1996 1992 1991 1992 1996 1997 2001 1997 1996 1997 2001 2002 2006 2002 2001 2002 2006 2007 2011 2007 2006 2007 2011 2012 2016 2012 2011 2012 2016 2017 2021 2017 2016 2017 2021 2022 2026 2022 2021 2022 2026 2027 2031 2027 2026 2027 2031 2032 2036 2032 2031 2032 2036 2037 2041 2037 2036 2037 2041 2042 2046 2042 2041 2042 2046 2047 2051 2047 2046 2047 2051 2052 2056 2052 2051 2052 2056 2057 2061 2057 2056 2057 2061 2062 2066 2062 2061 2062 2066 2067 2071 2067 2066 2067 2071 2072 2076 2072 2071 2072 2076 2077 2081 2077 2076 2077 2081 2082 2086 2082 2081 2082 2086 2087 2091 2087 2086 2087 2091 2092 2096 2092 2091 2092 2096 2097 2101 2097 2096 2097 2101 2102 2106 2102 2101 2102 2106 2107 2111 2107 2106 2107 2111 2112 2116 2112 2111 2112 2116 2117 2121 2117 2116 2117 2121 2122 2126 2122 2121 2122 2126 2127 2131 2127 2126 2127 2131 2132 2136 2132 2131 2132 2136 2137 2141 2137 2136 2137 2141 2142 2146 2142 2141 2142 2146 2147 2151 2147 2146 2147 2151 2152 2156 2152 2151 2152 2156 2157 2161 2157 2156 2157 2161 2162 2166 2161 2167 2161 2166 2162 2171 2167 2172 2167 2171 2166 2176 2172 2177 2172 2176 2171 2181 2177 2182 2177 2181 2176 2186 2182 2187 2182 2186 2181 2191 2187 2192 2187 2191 2186 2196 2192 2197 2192 2196 2191 2201 2197 2202 2197 2201 2196 2206 2202 2207 2202 2206 2201 2211 2207 2212 2207 2211 2206 2216 2212 2217 2212 2216 2211 2221 2217 2222 2217 2221 2216 2226 2222 2227 2222 2226 2221 2231 2227 2232 2227 2231 2226 2236 2232 2237 2232 2236 2231 2241 2237 2242 2237 2241 2236 2246 2242 2247 2242 2246 2241 2251 2247 2252 2247 2251 2246 2256 2252 2257 2252 2256 2251 2261 2257 2262 2257 2261 2256 2266 2262 2267 2262 2266 2261 2271 2267 2272 2267 2271 2266 2276 2272 2277 2272 2276 2271 2281 2277 2282 2277 2281 2276 2286 2282 2287 2282 2286 2281 2291 2287 2292 2287 2291 2286 2296 2292 2297 2292 2296 2291 2301 2297 2302 2297 2301 2296 2306 2302 2307 2302 2306 2301 2311 2307 2312 2307 2311 2306 2316 2312 2317 2312 2316 2311 1854 2317 1849 2317 1854 2316 1852 2321 2322 2321 1852 1846 2322 2326 2327 2326 2322 2321 2327 2331 2332 2331 2327 2326 2332 2336 2337 2336 2332 2331 2337 2341 2342 2341 2337 2336 2342 2346 2347 2346 2342 2341 2347 2351 2352 2351 2347 2346 2352 2356 2357 2356 2352 2351 2357 2361 2362 2361 2357 2356 2362 2366 2367 2366 2362 2361 2367 2371 2372 2371 2367 2366 2372 2376 2377 2376 2372 2371 2377 2381 2382 2381 2377 2376 2382 2386 2387 2386 2382 2381 2387 2391 2392 2391 2387 2386 2392 2396 2397 2396 2392 2391 2397 2401 2402 2401 2397 2396 2402 2406 2407 2406 2402 2401 2407 2411 2412 2411 2407 2406 2412 2416 2417 2416 2412 2411 2417 2421 2422 2421 2417 2416 2422 2426 2427 2426 2422 2421 2427 2431 2432 2431 2427 2426 2432 2436 2437 2436 2432 2431 2437 2441 2442 2441 2437 2436 2442 2446 2447 2446 2442 2441 2447 2451 2452 2451 2447 2446 2452 2456 2457 2456 2452 2451 2457 2461 2462 2461 2457 2456 2462 2466 2467 2466 2462 2461 2467 2471 2472 2471 2467 2466 2472 2476 2477 2476 2472 2471 2476 2481 2477 2481 2476 2482 2482 2486 2481 2486 2482 2487 2487 2491 2486 2491 2487 2492 2492 2496 2491 2496 2492 2497 2497 2501 2496 2501 2497 2502 2502 2506 2501 2506 2502 2507 2507 2511 2506 2511 2507 2512 2512 2516 2511 2516 2512 2517 2517 2521 2516 2521 2517 2522 2522 2526 2521 2526 2522 2527 2527 1858 2526 1858 2527 1856 1813 2531 1812 2531 1813 2532 1817 1813 1074 1813 1817 2536 1820 1817 1078 1817 1820 2539 2542 1824 2543 1824 2542 1823 2547 1084 1823 1084 2547 1828 2550 1089 1828 1089 2550 1831 2553 1092 1831 1092 2553 1834 1837 2539 1820 2539 1837 2556 1840 2553 2559 2553 1840 1834 1843 2556 1837 2556 1843 2562 1846 2559 2321 2559 1846 1840 1849 2562 1843 2562 1849 2317 2565 1859 1856 1859 2565 2566 2566 1867 1859 1867 2566 2571 2571 1872 1867 1872 2571 2574 2574 1877 1872 1877 2574 2577 2577 1882 1877 1882 2577 2580 2580 1887 1882 1887 2580 2583 2583 1892 1887 1892 2583 2586 2586 1897 1892 1897 2586 2589 2589 1902 1897 1902 2589 2592 2592 1907 1902 1907 2592 2595 2595 1912 1907 1912 2595 2598 2598 1917 1912 1917 2598 2601 2601 1922 1917 1922 2601 2604 2604 1927 1922 1927 2604 2607 2607 1932 1927 1932 2607 2610 2610 1937 1932 1937 2610 2613 2613 1942 1937 1942 2613 2616 2616 1947 1942 1947 2616 2619 2619 1952 1947 1952 2619 2622 2622 1957 1952 1957 2622 2625 2625 1962 1957 1962 2625 2628 2628 1967 1962 1967 2628 2631 2631 1972 1967 1972 2631 2634 2634 1977 1972 1977 2634 2637 2637 1982 1977 1982 2637 2640 2643 1982 2640 1982 2643 1987 2646 1987 2643 1987 2646 1991 2649 1991 2646 1991 2649 1996 2652 1996 2649 1996 2652 2001 2655 2001 2652 2001 2655 2006 2658 2006 2655 2006 2658 2011 2661 2011 2658 2011 2661 2016 2664 2016 2661 2016 2664 2021 2667 2021 2664 2021 2667 2026 2670 2026 2667 2026 2670 2031 2673 2031 2670 2031 2673 2036 2676 2036 2673 2036 2676 2041 2679 2041 2676 2041 2679 2046 2682 2046 2679 2046 2682 2051 2685 2051 2682 2051 2685 2056 2688 2056 2685 2056 2688 2061 2691 2061 2688 2061 2691 2066 2694 2066 2691 2066 2694 2071 2697 2071 2694 2071 2697 2076 2700 2076 2697 2076 2700 2081 2703 2081 2700 2081 2703 2086 2706 2086 2703 2086 2706 2091 2709 2091 2706 2091 2709 2096 2712 2096 2709 2096 2712 2101 2715 2101 2712 2101 2715 2106 2718 2106 2715 2106 2718 2111 2721 2111 2718 2111 2721 2116 2724 2116 2721 2116 2724 2121 2727 2121 2724 2121 2727 2126 2730 2126 2727 2126 2730 2131 2733 2131 2730 2131 2733 2136 2736 2136 2733 2136 2736 2141 2739 2141 2736 2141 2739 2146 2742 2146 2739 2146 2742 2151 2745 2151 2742 2151 2745 2156 2748 2156 2745 2156 2748 2161 2167 2748 2751 2748 2167 2161 2172 2751 2754 2751 2172 2167 2177 2754 2757 2754 2177 2172 2182 2757 2760 2757 2182 2177 2187 2760 2763 2760 2187 2182 2192 2763 2766 2763 2192 2187 2197 2766 2769 2766 2197 2192 2202 2769 2772 2769 2202 2197 2207 2772 2775 2772 2207 2202 2212 2775 2778 2775 2212 2207 2217 2778 2781 2778 2217 2212 2222 2781 2784 2781 2222 2217 2227 2784 2787 2784 2227 2222 2232 2787 2790 2787 2232 2227 2237 2790 2793 2790 2237 2232 2242 2793 2796 2793 2242 2237 2247 2796 2799 2796 2247 2242 2252 2799 2802 2799 2252 2247 2257 2802 2805 2802 2257 2252 2262 2805 2808 2805 2262 2257 2267 2808 2811 2808 2267 2262 2272 2811 2814 2811 2272 2267 2277 2814 2817 2814 2277 2272 2282 2817 2820 2817 2282 2277 2287 2820 2823 2820 2287 2282 2292 2823 2826 2823 2292 2287 2297 2826 2829 2826 2297 2292 2302 2829 2832 2829 2302 2297 2307 2832 2835 2832 2307 2302 2312 2835 2838 2835 2312 2307 2317 2838 2562 2838 2317 2312 2321 2841 2326 2841 2321 2559 2326 2844 2331 2844 2326 2841 2331 2847 2336 2847 2331 2844 2336 2850 2341 2850 2336 2847 2341 2853 2346 2853 2341 2850 2346 2856 2351 2856 2346 2853 2351 2859 2356 2859 2351 2856 2356 2862 2361 2862 2356 2859 2361 2865 2366 2865 2361 2862 2366 2868 2371 2868 2366 2865 2371 2871 2376 2871 2371 2868 2376 2874 2381 2874 2376 2871 2381 2877 2386 2877 2381 2874 2386 2880 2391 2880 2386 2877 2391 2883 2396 2883 2391 2880 2396 2886 2401 2886 2396 2883 2401 2889 2406 2889 2401 2886 2406 2892 2411 2892 2406 2889 2411 2895 2416 2895 2411 2892 2416 2898 2421 2898 2416 2895 2421 2901 2426 2901 2421 2898 2426 2904 2431 2904 2426 2901 2431 2907 2436 2907 2431 2904 2436 2910 2441 2910 2436 2907 2441 2913 2446 2913 2441 2910 2446 2916 2451 2916 2446 2913 2451 2919 2456 2919 2451 2916 2456 2922 2461 2922 2456 2919 2461 2925 2466 2925 2461 2922 2466 2928 2471 2928 2466 2925 2471 2931 2476 2931 2471 2928 2931 2482 2476 2482 2931 2934 2934 2487 2482 2487 2934 2937 2937 2492 2487 2492 2937 2940 2940 2497 2492 2497 2940 2943 2943 2502 2497 2502 2943 2946 2946 2507 2502 2507 2946 2949 2949 2512 2507 2512 2949 2952 2952 2517 2512 2517 2952 2955 2955 2522 2517 2522 2955 2958 2958 2527 2522 2527 2958 2961 2961 1856 2527 1856 2961 2565 2532 2964 2531 2964 2532 2965 2536 2532 1813 2532 2536 2969 2539 2536 1817 2536 2539 2972 2975 2543 2976 2543 2975 2542 2980 1823 2542 1823 2980 2547 2983 1828 2547 1828 2983 2550 2986 1831 2550 1831 2986 2553 2556 2972 2539 2972 2556 2989 2559 2986 2841 2986 2559 2553 2562 2989 2556 2989 2562 2838 2992 2566 2565 2566 2992 2993 2993 2571 2566 2571 2993 2998 2998 2574 2571 2574 2998 3001 3001 2577 2574 2577 3001 3004 3004 2580 2577 2580 3004 3007 3007 2583 2580 2583 3007 3010 3010 2586 2583 2586 3010 3013 3013 2589 2586 2589 3013 3016 3016 2592 2589 2592 3016 3019 3019 2595 2592 2595 3019 3022 3022 2598 2595 2598 3022 3025 3025 2601 2598 2601 3025 3028 3028 2604 2601 2604 3028 3031 3031 2607 2604 2607 3031 3034 3034 2610 2607 2610 3034 3037 3037 2613 2610 2613 3037 3040 3040 2616 2613 2616 3040 3043 3043 2619 2616 2619 3043 3046 3046 2622 2619 2622 3046 3049 3049 2625 2622 2625 3049 3052 3052 2628 2625 2628 3052 3055 3055 2631 2628 2631 3055 3058 3058 2634 2631 2634 3058 3061 3061 2637 2634 2637 3061 3064 3064 2640 2637 2640 3064 3067 3070 2640 3067 2640 3070 2643 3073 2643 3070 2643 3073 2646 3076 2646 3073 2646 3076 2649 3079 2649 3076 2649 3079 2652 3082 2652 3079 2652 3082 2655 3085 2655 3082 2655 3085 2658 3088 2658 3085 2658 3088 2661 3091 2661 3088 2661 3091 2664 3094 2664 3091 2664 3094 2667 3097 2667 3094 2667 3097 2670 3100 2670 3097 2670 3100 2673 3103 2673 3100 2673 3103 2676 3106 2676 3103 2676 3106 2679 3109 2679 3106 2679 3109 2682 3112 2682 3109 2682 3112 2685 3115 2685 3112 2685 3115 2688 3118 2688 3115 2688 3118 2691 3121 2691 3118 2691 3121 2694 3124 2694 3121 2694 3124 2697 3127 2697 3124 2697 3127 2700 3130 2700 3127 2700 3130 2703 3133 2703 3130 2703 3133 2706 3136 2706 3133 2706 3136 2709 3139 2709 3136 2709 3139 2712 3142 2712 3139 2712 3142 2715 3145 2715 3142 2715 3145 2718 3148 2718 3145 2718 3148 2721 3151 2721 3148 2721 3151 2724 3154 2724 3151 2724 3154 2727 3157 2727 3154 2727 3157 2730 3160 2730 3157 2730 3160 2733 3163 2733 3160 2733 3163 2736 3166 2736 3163 2736 3166 2739 3169 2739 3166 2739 3169 2742 3172 2742 3169 2742 3172 2745 3175 2745 3172 2745 3175 2748 2751 3175 3178 3175 2751 2748 2754 3178 3181 3178 2754 2751 2757 3181 3184 3181 2757 2754 2760 3184 3187 3184 2760 2757 2763 3187 3190 3187 2763 2760 2766 3190 3193 3190 2766 2763 2769 3193 3196 3193 2769 2766 2772 3196 3199 3196 2772 2769 2775 3199 3202 3199 2775 2772 2778 3202 3205 3202 2778 2775 2781 3205 3208 3205 2781 2778 2784 3208 3211 3208 2784 2781 2787 3211 3214 3211 2787 2784 2790 3214 3217 3214 2790 2787 2793 3217 3220 3217 2793 2790 2796 3220 3223 3220 2796 2793 2799 3223 3226 3223 2799 2796 2802 3226 3229 3226 2802 2799 2805 3229 3232 3229 2805 2802 2808 3232 3235 3232 2808 2805 2811 3235 3238 3235 2811 2808 2814 3238 3241 3238 2814 2811 2817 3241 3244 3241 2817 2814 2820 3244 3247 3244 2820 2817 2823 3247 3250 3247 2823 2820 2826 3250 3253 3250 2826 2823 2829 3253 3256 3253 2829 2826 2832 3256 3259 3256 2832 2829 2835 3259 3262 3259 2835 2832 2838 3262 2989 3262 2838 2835 2841 3265 2844 3265 2841 2986 2844 3268 2847 3268 2844 3265 2847 3271 2850 3271 2847 3268 2850 3274 2853 3274 2850 3271 2853 3277 2856 3277 2853 3274 2856 3280 2859 3280 2856 3277 2859 3283 2862 3283 2859 3280 2862 3286 2865 3286 2862 3283 2865 3289 2868 3289 2865 3286 2868 3292 2871 3292 2868 3289 2871 3295 2874 3295 2871 3292 2874 3298 2877 3298 2874 3295 2877 3301 2880 3301 2877 3298 2880 3304 2883 3304 2880 3301 2883 3307 2886 3307 2883 3304 2886 3310 2889 3310 2886 3307 2889 3313 2892 3313 2889 3310 2892 3316 2895 3316 2892 3313 2895 3319 2898 3319 2895 3316 2898 3322 2901 3322 2898 3319 2901 3325 2904 3325 2901 3322 2904 3328 2907 3328 2904 3325 2907 3331 2910 3331 2907 3328 2910 3334 2913 3334 2910 3331 2913 3337 2916 3337 2913 3334 2916 3340 2919 3340 2916 3337 2919 3343 2922 3343 2919 3340 2922 3346 2925 3346 2922 3343 2925 3349 2928 3349 2925 3346 2928 3352 2931 3352 2928 3349 3352 2934 2931 2934 3352 3355 3355 2937 2934 2937 3355 3358 3358 2940 2937 2940 3358 3361 3361 2943 2940 2943 3361 3364 3364 2946 2943 2946 3364 3367 3367 2949 2946 2949 3367 3370 3370 2952 2949 2952 3370 3373 3373 2955 2952 2955 3373 3376 3376 2958 2955 2958 3376 3379 3379 2961 2958 2961 3379 3382 3382 2565 2961 2565 3382 2992 2965 3385 2964 3385 2965 3386 2969 2965 2532 2965 2969 3390 2972 2969 2536 2969 2972 3393 3396 2976 3397 2976 3396 2975 3401 2542 2975 2542 3401 2980 3404 2547 2980 2547 3404 2983 3265 2550 2983 2550 3265 2986 2989 3393 2972 3393 2989 3262 3407 2992 3408 2992 3407 2993 3413 2993 3407 2993 3413 2998 3416 2998 3413 2998 3416 3001 3419 3001 3416 3001 3419 3004 3422 3004 3419 3004 3422 3007 3422 3010 3007 3010 3422 3425 3425 3013 3010 3013 3425 3428 3428 3016 3013 3016 3428 3431 3431 3019 3016 3019 3431 3434 3022 3434 3437 3434 3022 3019 3025 3437 3440 3437 3025 3022 3028 3440 3443 3440 3028 3025 3031 3443 3446 3443 3031 3028 3034 3446 3449 3446 3034 3031 3037 3449 3452 3449 3037 3034 3040 3452 3455 3452 3040 3037 3043 3455 3458 3455 3043 3040 3046 3458 3461 3458 3046 3043 3049 3461 3464 3461 3049 3046 3052 3464 3467 3464 3052 3049 3055 3467 3470 3467 3055 3052 3058 3470 3473 3470 3058 3055 3061 3473 3476 3473 3061 3058 3064 3476 3479 3476 3064 3061 3067 3479 3482 3479 3067 3064 3070 3482 3485 3482 3070 3067 3073 3485 3488 3485 3073 3070 3076 3488 3491 3488 3076 3073 3079 3491 3494 3491 3079 3076 3082 3494 3497 3494 3082 3079 3085 3497 3500 3497 3085 3082 3088 3500 3503 3500 3088 3085 3091 3503 3506 3503 3091 3088 3094 3506 3509 3506 3094 3091 3097 3509 3512 3509 3097 3094 3100 3512 3515 3512 3100 3097 3103 3515 3518 3515 3103 3100 3106 3518 3521 3518 3106 3103 3109 3521 3524 3521 3109 3106 3112 3524 3527 3524 3112 3109 3115 3527 3530 3527 3115 3112 3533 3115 3530 3115 3533 3118 3536 3118 3533 3118 3536 3121 3539 3121 3536 3121 3539 3124 3542 3124 3539 3124 3542 3127 3130 3542 3545 3542 3130 3127 3133 3545 3548 3545 3133 3130 3136 3548 3551 3548 3136 3133 3139 3551 3554 3551 3139 3136 3142 3554 3557 3554 3142 3139 3145 3557 3560 3557 3145 3142 3148 3560 3563 3560 3148 3145 3151 3563 3566 3563 3151 3148 3154 3566 3569 3566 3154 3151 3157 3569 3572 3569 3157 3154 3160 3572 3575 3572 3160 3157 3163 3575 3578 3575 3163 3160 3166 3578 3581 3578 3166 3163 3169 3581 3584 3581 3169 3166 3172 3584 3587 3584 3172 3169 3172 3590 3175 3590 3172 3587 3175 3593 3178 3593 3175 3590 3178 3596 3181 3596 3178 3593 3181 3599 3184 3599 3181 3596 3184 3602 3187 3602 3184 3599 3187 3605 3190 3605 3187 3602 3190 3608 3193 3608 3190 3605 3193 3611 3196 3611 3193 3608 3196 3614 3199 3614 3196 3611 3199 3617 3202 3617 3199 3614 3202 3620 3205 3620 3202 3617 3205 3623 3208 3623 3205 3620 3208 3626 3211 3626 3208 3623 3211 3629 3214 3629 3211 3626 3214 3632 3217 3632 3214 3629 3217 3635 3220 3635 3217 3632 3220 3638 3223 3638 3220 3635 3226 3638 3641 3638 3226 3223 3229 3641 3644 3641 3229 3226 3232 3644 3647 3644 3232 3229 3235 3647 3650 3647 3235 3232 3238 3650 3653 3650 3238 3235 3241 3653 3656 3653 3241 3238 3244 3656 3659 3656 3244 3241 3247 3659 3662 3659 3247 3244 3250 3662 3665 3662 3250 3247 3253 3665 3668 3665 3253 3250 3256 3668 3671 3668 3256 3253 3259 3671 3674 3671 3259 3256 3262 3674 3393 3674 3262 3259 3268 2983 3404 2983 3268 3265 3271 3404 3677 3404 3271 3268 3274 3677 3680 3677 3274 3271 3277 3680 3683 3680 3277 3274 3280 3683 3686 3683 3280 3277 3283 3686 3689 3686 3283 3280 3286 3689 3692 3689 3286 3283 3289 3692 3695 3692 3289 3286 3292 3695 3698 3695 3292 3289 3292 3701 3295 3701 3292 3698 3295 3704 3298 3704 3295 3701 3298 3707 3301 3707 3298 3704 3301 3710 3304 3710 3301 3707 3710 3307 3304 3307 3710 3713 3713 3310 3307 3310 3713 3716 3716 3313 3310 3313 3716 3719 3719 3316 3313 3316 3719 3722 3722 3319 3316 3319 3722 3725 3725 3322 3319 3322 3725 3728 3728 3325 3322 3325 3728 3731 3731 3328 3325 3328 3731 3734 3734 3331 3328 3331 3734 3737 3737 3334 3331 3334 3737 3740 3740 3337 3334 3337 3740 3743 3743 3340 3337 3340 3743 3746 3746 3343 3340 3343 3746 3749 3749 3346 3343 3346 3749 3752 3752 3349 3346 3349 3752 3755 3755 3352 3349 3352 3755 3758 3761 3352 3758 3352 3761 3355 3764 3355 3761 3355 3764 3358 3767 3358 3764 3358 3767 3361 3770 3361 3767 3361 3770 3364 3773 3364 3770 3364 3773 3367 3776 3367 3773 3367 3776 3370 3779 3370 3776 3370 3779 3373 3782 3373 3779 3373 3782 3376 3785 3376 3782 3376 3785 3379 3788 3379 3785 3379 3788 3382 3408 3382 3788 3382 3408 2992 3386 3791 3385 3791 3386 3792 3390 3386 2965 3386 3390 3796 3393 3390 2969 3390 3393 3674 3799 3397 3800 3397 3799 3396 3804 2975 3396 2975 3804 3401 3677 2980 3401 2980 3677 3404 3807 3408 3808 3408 3807 3407 3813 3407 3807 3407 3813 3413 3816 3413 3813 3413 3816 3416 3819 3416 3816 3416 3819 3419 3822 3419 3819 3419 3822 3422 3825 3422 3822 3422 3825 3425 3828 3425 3825 3425 3828 3428 3431 3828 3831 3828 3431 3428 3434 3831 3834 3831 3434 3431 3437 3834 3837 3834 3437 3434 3440 3837 3840 3837 3440 3437 3443 3840 3843 3840 3443 3440 3446 3843 3846 3843 3446 3443 3449 3846 3849 3846 3449 3446 3452 3849 3852 3849 3452 3449 3455 3852 3855 3852 3455 3452 3458 3855 3858 3855 3458 3455 3461 3858 3861 3858 3461 3458 3464 3861 3864 3861 3464 3461 3467 3864 3867 3864 3467 3464 3470 3867 3870 3867 3470 3467 3473 3870 3873 3870 3473 3470 3476 3873 3876 3873 3476 3473 3479 3876 3879 3876 3479 3476 3482 3879 3882 3879 3482 3479 3485 3882 3885 3882 3485 3482 3488 3885 3888 3885 3488 3485 3491 3888 3891 3888 3491 3488 3494 3891 3894 3891 3494 3491 3497 3894 3897 3894 3497 3494 3500 3897 3900 3897 3500 3497 3503 3900 3903 3900 3503 3500 3506 3903 3906 3903 3506 3503 3509 3906 3909 3906 3509 3506 3512 3909 3912 3909 3512 3509 3515 3912 3915 3912 3515 3512 3518 3915 3918 3915 3518 3515 3521 3918 3921 3918 3521 3518 3524 3921 3924 3921 3524 3521 3527 3924 3927 3924 3527 3524 3530 3927 3930 3927 3530 3527 3533 3930 3933 3930 3533 3530 3536 3933 3936 3933 3536 3533 3539 3936 3939 3936 3539 3536 3542 3939 3942 3939 3542 3539 3545 3942 3945 3942 3545 3542 3548 3945 3948 3945 3548 3545 3551 3948 3951 3948 3551 3548 3554 3951 3954 3951 3554 3551 3557 3954 3957 3954 3557 3554 3560 3957 3960 3957 3560 3557 3563 3960 3963 3960 3563 3560 3566 3963 3966 3963 3566 3563 3569 3966 3969 3966 3569 3566 3572 3969 3972 3969 3572 3569 3575 3972 3975 3972 3575 3572 3578 3975 3978 3975 3578 3575 3581 3978 3981 3978 3581 3578 3584 3981 3984 3981 3584 3581 3587 3984 3987 3984 3587 3584 3587 3990 3590 3990 3587 3987 3590 3993 3593 3993 3590 3990 3593 3996 3596 3996 3593 3993 3596 3999 3599 3999 3596 3996 3599 4002 3602 4002 3599 3999 3602 4005 3605 4005 3602 4002 3605 4008 3608 4008 3605 4005 3608 4011 3611 4011 3608 4008 3611 4014 3614 4014 3611 4011 3614 4017 3617 4017 3614 4014 3617 4020 3620 4020 3617 4017 3620 4023 3623 4023 3620 4020 3623 4026 3626 4026 3623 4023 3626 4029 3629 4029 3626 4026 3629 4032 3632 4032 3629 4029 3632 4035 3635 4035 3632 4032 3635 4038 3638 4038 3635 4035 3638 4041 3641 4041 3638 4038 3641 4044 3644 4044 3641 4041 3647 4044 4047 4044 3647 3644 3650 4047 4050 4047 3650 3647 3653 4050 4053 4050 3653 3650 3656 4053 4056 4053 3656 3653 3659 4056 4059 4056 3659 3656 3662 4059 4062 4059 3662 3659 3665 4062 4065 4062 3665 3662 3668 4065 4068 4065 3668 3665 3671 4068 3796 4068 3671 3668 3674 3796 3390 3796 3674 3671 3680 3401 3804 3401 3680 3677 3683 3804 4071 3804 3683 3680 3686 4071 4074 4071 3686 3683 3689 4074 4077 4074 3689 3686 3692 4077 4080 4077 3692 3689 3695 4080 4083 4080 3695 3692 3698 4083 4086 4083 3698 3695 3701 4086 4089 4086 3701 3698 3704 4089 4092 4089 3704 3701 4092 3707 3704 3707 4092 4095 4095 3710 3707 3710 4095 4098 4098 3713 3710 3713 4098 4101 4101 3716 3713 3716 4101 4104 4104 3719 3716 3719 4104 4107 4107 3722 3719 3722 4107 4110 4110 3725 3722 3725 4110 4113 4113 3728 3725 3728 4113 4116 4116 3731 3728 3731 4116 4119 4119 3734 3731 3734 4119 4122 4122 3737 3734 3737 4122 4125 4125 3740 3737 3740 4125 4128 4128 3743 3740 3743 4128 4131 4131 3746 3743 3746 4131 4134 4134 3749 3746 3749 4134 4137 4137 3752 3749 3752 4137 4140 4140 3755 3752 3755 4140 4143 4143 3758 3755 3758 4143 4146 4149 3758 4146 3758 4149 3761 4152 3761 4149 3761 4152 3764 4155 3764 4152 3764 4155 3767 4158 3767 4155 3767 4158 3770 4161 3770 4158 3770 4161 3773 4164 3773 4161 3773 4164 3776 4167 3776 4164 3776 4167 3779 4170 3779 4167 3779 4170 3782 4173 3782 4170 3782 4173 3785 4176 3785 4173 3785 4176 3788 3808 3788 4176 3788 3808 3408 3792 4179 3791 4179 3792 4180 3796 3792 3386 3792 3796 4068 4184 3800 4185 3800 4184 3799 4071 3396 3799 3396 4071 3804 4189 3808 4190 3808 4189 3807 4195 3807 4189 3807 4195 3813 4198 3813 4195 3813 4198 3816 4201 3816 4198 3816 4201 3819 4204 3819 4201 3819 4204 3822 4207 3822 4204 3822 4207 3825 4210 3825 4207 3825 4210 3828 3831 4210 4213 4210 3831 3828 3834 4213 4216 4213 3834 3831 3837 4216 4219 4216 3837 3834 3840 4219 4222 4219 3840 3837 3843 4222 4225 4222 3843 3840 3846 4225 4228 4225 3846 3843 3849 4228 4231 4228 3849 3846 3852 4231 4234 4231 3852 3849 3855 4234 4237 4234 3855 3852 3858 4237 4240 4237 3858 3855 3861 4240 4243 4240 3861 3858 3864 4243 4246 4243 3864 3861 3867 4246 4249 4246 3867 3864 3870 4249 4252 4249 3870 3867 3873 4252 4255 4252 3873 3870 3876 4255 4258 4255 3876 3873 3879 4258 4261 4258 3879 3876 3882 4261 4264 4261 3882 3879 3885 4264 4267 4264 3885 3882 3888 4267 4270 4267 3888 3885 3891 4270 4273 4270 3891 3888 3894 4273 4276 4273 3894 3891 3897 4276 4279 4276 3897 3894 3900 4279 4282 4279 3900 3897 3903 4282 4285 4282 3903 3900 3906 4285 4288 4285 3906 3903 3909 4288 4291 4288 3909 3906 3912 4291 4294 4291 3912 3909 3915 4294 4297 4294 3915 3912 3918 4297 4300 4297 3918 3915 3921 4300 4303 4300 3921 3918 3924 4303 4306 4303 3924 3921 3927 4306 4309 4306 3927 3924 3930 4309 4312 4309 3930 3927 3933 4312 4315 4312 3933 3930 3936 4315 4318 4315 3936 3933 3939 4318 4321 4318 3939 3936 3942 4321 4324 4321 3942 3939 3945 4324 4327 4324 3945 3942 3948 4327 4330 4327 3948 3945 3951 4330 4333 4330 3951 3948 3954 4333 4336 4333 3954 3951 3957 4336 4339 4336 3957 3954 3960 4339 4342 4339 3960 3957 3963 4342 4345 4342 3963 3960 3966 4345 4348 4345 3966 3963 3969 4348 4351 4348 3969 3966 3972 4351 4354 4351 3972 3969 3975 4354 4357 4354 3975 3972 3978 4357 4360 4357 3978 3975 3981 4360 4363 4360 3981 3978 3984 4363 4366 4363 3984 3981 3987 4366 4369 4366 3987 3984 3987 4372 3990 4372 3987 4369 3990 4375 3993 4375 3990 4372 3993 4378 3996 4378 3993 4375 3996 4381 3999 4381 3996 4378 3999 4384 4002 4384 3999 4381 4002 4387 4005 4387 4002 4384 4005 4390 4008 4390 4005 4387 4008 4393 4011 4393 4008 4390 4011 4396 4014 4396 4011 4393 4014 4399 4017 4399 4014 4396 4017 4402 4020 4402 4017 4399 4020 4405 4023 4405 4020 4402 4023 4408 4026 4408 4023 4405 4026 4411 4029 4411 4026 4408 4029 4414 4032 4414 4029 4411 4032 4417 4035 4417 4032 4414 4035 4420 4038 4420 4035 4417 4038 4423 4041 4423 4038 4420 4041 4426 4044 4426 4041 4423 4047 4426 4429 4426 4047 4044 4050 4429 4432 4429 4050 4047 4053 4432 4435 4432 4053 4050 4056 4435 4438 4435 4056 4053 4059 4438 4441 4438 4059 4056 4062 4441 4444 4441 4062 4059 4065 4444 4180 4444 4065 4062 4068 4180 3792 4180 4068 4065 4074 3799 4184 3799 4074 4071 4077 4184 4447 4184 4077 4074 4080 4447 4450 4447 4080 4077 4083 4450 4453 4450 4083 4080 4086 4453 4456 4453 4086 4083 4089 4456 4459 4456 4089 4086 4092 4459 4462 4459 4092 4089 4462 4095 4092 4095 4462 4465 4465 4098 4095 4098 4465 4468 4468 4101 4098 4101 4468 4471 4471 4104 4101 4104 4471 4474 4474 4107 4104 4107 4474 4477 4477 4110 4107 4110 4477 4480 4480 4113 4110 4113 4480 4483 4483 4116 4113 4116 4483 4486 4486 4119 4116 4119 4486 4489 4489 4122 4119 4122 4489 4492 4492 4125 4122 4125 4492 4495 4495 4128 4125 4128 4495 4498 4498 4131 4128 4131 4498 4501 4501 4134 4131 4134 4501 4504 4504 4137 4134 4137 4504 4507 4507 4140 4137 4140 4507 4510 4510 4143 4140 4143 4510 4513 4513 4146 4143 4146 4513 4516 4519 4146 4516 4146 4519 4149 4522 4149 4519 4149 4522 4152 4525 4152 4522 4152 4525 4155 4528 4155 4525 4155 4528 4158 4531 4158 4528 4158 4531 4161 4534 4161 4531 4161 4534 4164 4537 4164 4534 4164 4537 4167 4540 4167 4537 4167 4540 4170 4543 4170 4540 4170 4543 4173 4546 4173 4543 4173 4546 4176 4190 4176 4546 4176 4190 3808 4180 4549 4179 4549 4180 4444 4447 4185 4551 4185 4447 4184 4553 4190 4554 4190 4553 4189 4557 4189 4553 4189 4557 4195 4559 4195 4557 4195 4559 4198 4561 4198 4559 4198 4561 4201 4563 4201 4561 4201 4563 4204 4565 4204 4563 4204 4565 4207 4567 4207 4565 4207 4567 4210 4213 4567 4569 4567 4213 4210 4216 4569 4571 4569 4216 4213 4219 4571 4573 4571 4219 4216 4222 4573 4575 4573 4222 4219 4225 4575 4577 4575 4225 4222 4228 4577 4579 4577 4228 4225 4231 4579 4581 4579 4231 4228 4234 4581 4583 4581 4234 4231 4237 4583 4585 4583 4237 4234 4240 4585 4587 4585 4240 4237 4243 4587 4589 4587 4243 4240 4246 4589 4591 4589 4246 4243 4249 4591 4593 4591 4249 4246 4252 4593 4595 4593 4252 4249 4255 4595 4597 4595 4255 4252 4258 4597 4599 4597 4258 4255 4261 4599 4601 4599 4261 4258 4264 4601 4603 4601 4264 4261 4267 4603 4605 4603 4267 4264 4270 4605 4607 4605 4270 4267 4273 4607 4609 4607 4273 4270 4276 4609 4611 4609 4276 4273 4279 4611 4613 4611 4279 4276 4282 4613 4615 4613 4282 4279 4285 4615 4617 4615 4285 4282 4288 4617 4619 4617 4288 4285 4291 4619 4621 4619 4291 4288 4294 4621 4623 4621 4294 4291 4297 4623 4625 4623 4297 4294 4300 4625 4627 4625 4300 4297 4303 4627 4629 4627 4303 4300 4306 4629 4631 4629 4306 4303 4309 4631 4633 4631 4309 4306 4312 4633 4635 4633 4312 4309 4315 4635 4637 4635 4315 4312 4318 4637 4639 4637 4318 4315 4318 4641 4321 4641 4318 4639 4321 4643 4324 4643 4321 4641 4324 4645 4327 4645 4324 4643 4327 4647 4330 4647 4327 4645 4330 4649 4333 4649 4330 4647 4333 4651 4336 4651 4333 4649 4336 4653 4339 4653 4336 4651 4339 4655 4342 4655 4339 4653 4342 4657 4345 4657 4342 4655 4345 4659 4348 4659 4345 4657 4348 4661 4351 4661 4348 4659 4351 4663 4354 4663 4351 4661 4354 4665 4357 4665 4354 4663 4357 4667 4360 4667 4357 4665 4360 4669 4363 4669 4360 4667 4363 4671 4366 4671 4363 4669 4366 4673 4369 4673 4366 4671 4369 4675 4372 4675 4369 4673 4372 4677 4375 4677 4372 4675 4375 4679 4378 4679 4375 4677 4378 4681 4381 4681 4378 4679 4381 4683 4384 4683 4381 4681 4384 4685 4387 4685 4384 4683 4387 4687 4390 4687 4387 4685 4390 4689 4393 4689 4390 4687 4393 4691 4396 4691 4393 4689 4396 4693 4399 4693 4396 4691 4399 4695 4402 4695 4399 4693 4402 4697 4405 4697 4402 4695 4405 4699 4408 4699 4405 4697 4408 4701 4411 4701 4408 4699 4411 4703 4414 4703 4411 4701 4414 4705 4417 4705 4414 4703 4417 4707 4420 4707 4417 4705 4420 4709 4423 4709 4420 4707 4423 4711 4426 4711 4423 4709 4429 4711 4713 4711 4429 4426 4432 4713 4715 4713 4432 4429 4435 4715 4717 4715 4435 4432 4438 4717 4719 4717 4438 4435 4441 4719 4721 4719 4441 4438 4444 4721 4549 4721 4444 4441 4450 4551 4723 4551 4450 4447 4453 4723 4725 4723 4453 4450 4456 4725 4727 4725 4456 4453 4459 4727 4729 4727 4459 4456 4462 4729 4731 4729 4462 4459 4733 4462 4731 4462 4733 4465 4735 4465 4733 4465 4735 4468 4737 4468 4735 4468 4737 4471 4739 4471 4737 4471 4739 4474 4741 4474 4739 4474 4741 4477 4743 4477 4741 4477 4743 4480 4745 4480 4743 4480 4745 4483 4747 4483 4745 4483 4747 4486 4749 4486 4747 4486 4749 4489 4751 4489 4749 4489 4751 4492 4753 4492 4751 4492 4753 4495 4755 4495 4753 4495 4755 4498 4757 4498 4755 4498 4757 4501 4759 4501 4757 4501 4759 4504 4761 4504 4759 4504 4761 4507 4763 4507 4761 4507 4763 4510 4765 4510 4763 4510 4765 4513 4767 4513 4765 4513 4767 4516 4769 4516 4767 4516 4769 4519 4771 4519 4769 4519 4771 4522 4773 4522 4771 4522 4773 4525 4775 4525 4773 4525 4775 4528 4777 4528 4775 4528 4777 4531 4779 4531 4777 4531 4779 4534 4781 4534 4779 4534 4781 4537 4783 4537 4781 4537 4783 4540 4785 4540 4783 4540 4785 4543 4787 4543 4785 4543 4787 4546 4554 4546 4787 4546 4554 4190</p>
                </triangles>
                <triangles count="2600" material="Material3">
                    <input offset="0" semantic="VERTEX" source="#ID9" />
                    <p>4 5 6 7 6 5 14 4 15 6 15 4 5 20 7 21 7 20 26 27 4 5 4 27 32 14 33 15 33 14 38 39 14 4 14 39 20 43 21 44 21 43 27 48 5 20 5 48 58 59 60 60 59 61 61 59 62 62 59 63 63 59 64 65 64 59 74 75 26 27 26 75 79 32 80 33 80 32 84 38 32 14 32 38 88 89 38 39 38 89 43 93 44 94 44 93 48 98 20 43 20 98 75 101 27 48 27 101 105 106 74 75 74 106 110 111 88 89 88 111 105 115 106 116 106 115 120 121 110 111 110 121 115 125 116 126 116 125 130 131 120 121 120 131 125 135 126 136 126 135 140 141 130 131 130 141 148 149 150 150 149 151 152 151 149 160 161 162 162 161 163 164 163 161 168 79 169 80 169 79 173 84 79 32 79 84 176 88 84 38 84 88 93 180 94 181 94 180 98 185 43 93 43 185 101 188 48 98 48 188 106 191 75 101 75 191 194 110 176 88 176 110 106 116 191 197 191 116 200 120 194 110 194 120 116 126 197 203 197 126 206 130 200 120 200 130 126 136 203 209 203 136 212 140 206 130 206 140 216 150 217 151 217 150 507 508 509 508 510 509 509 510 511 511 510 512 510 513 512 512 513 514 513 515 514 514 515 516 515 517 516 517 518 516 518 519 516 516 519 520 519 521 520 521 522 520 522 523 520 520 523 524 523 525 524 524 525 526 525 527 526 527 528 526 526 528 529 528 530 529 529 530 531 530 532 531 531 532 533 532 534 533 533 534 535 534 536 535 535 536 537 536 538 537 537 538 539 538 540 539 540 541 539 539 541 542 541 543 542 542 543 544 543 545 544 544 545 546 545 547 546 546 547 548 547 549 548 548 549 550 549 551 550 550 551 552 551 553 552 552 553 554 553 555 554 554 555 556 555 557 556 556 557 558 557 559 558 558 559 560 559 561 560 560 561 562 561 563 562 562 563 564 563 565 564 564 565 566 565 567 566 566 567 568 567 569 568 568 569 570 569 571 570 570 571 572 571 573 572 572 573 574 573 575 574 574 575 576 575 577 576 576 577 578 577 579 578 578 579 580 579 581 580 580 581 582 581 583 582 582 583 584 583 585 584 585 586 584 584 586 587 586 588 587 587 588 589 588 590 589 589 590 591 590 592 591 591 592 593 592 594 593 593 594 595 594 596 595 595 596 597 596 598 597 597 598 599 598 600 599 599 600 601 600 602 601 601 602 603 602 604 603 603 604 605 604 606 605 605 606 607 606 608 607 607 608 609 608 610 609 609 610 611 610 612 611 611 612 613 612 614 613 613 614 615 614 616 615 615 616 617 616 618 617 617 618 619 618 620 619 619 620 621 620 622 621 621 622 623 622 624 623 623 624 625 624 626 625 625 626 627 626 628 627 628 629 627 627 629 630 629 631 630 630 631 632 631 633 632 632 633 634 633 635 634 634 635 636 635 637 636 636 637 638 637 639 638 638 639 640 639 641 640 641 642 640 640 642 643 642 644 643 643 644 645 644 646 645 646 647 645 647 648 645 645 648 649 648 650 649 650 651 649 651 652 649 649 652 653 652 654 653 653 654 655 654 656 655 655 656 657 656 658 657 657 658 659 658 660 659 659 660 661 662 661 660 518 517 663 517 664 663 663 664 665 665 664 666 666 664 667 664 668 667 667 668 669 668 670 669 669 670 671 671 670 672 670 673 672 672 673 674 673 675 674 674 675 676 675 677 676 676 677 678 677 679 678 678 679 680 679 681 680 680 681 682 681 683 682 682 683 684 684 683 685 683 686 685 685 686 687 686 688 687 687 688 689 688 690 689 689 690 691 690 692 691 691 692 693 692 694 693 693 694 695 694 696 695 695 696 697 696 698 697 697 698 699 698 700 699 699 700 701 700 702 701 701 702 703 702 704 703 703 704 705 704 706 705 705 706 707 706 708 707 707 708 709 708 710 709 709 710 711 710 712 711 711 712 713 712 714 713 713 714 715 714 716 715 715 716 717 716 718 717 717 718 719 718 720 719 719 720 721 720 722 721 721 722 723 722 724 723 723 724 725 724 726 725 725 726 727 727 726 728 726 729 728 728 729 730 729 731 730 730 731 732 731 733 732 732 733 734 733 735 734 734 735 736 735 737 736 736 737 738 737 739 738 738 739 740 739 741 740 740 741 742 741 743 742 742 743 744 743 745 744 744 745 746 745 747 746 746 747 748 747 749 748 748 749 750 749 751 750 750 751 752 751 753 752 752 753 754 753 755 754 754 755 756 755 757 756 756 757 758 757 759 758 758 759 760 759 761 760 760 761 762 761 763 762 762 763 764 763 765 764 764 765 766 765 767 766 766 767 768 767 769 768 768 769 770 769 771 770 770 771 772 772 771 773 771 774 773 773 774 775 774 776 775 775 776 777 776 778 777 777 778 779 778 780 779 779 780 781 780 782 781 781 782 783 782 784 783 783 784 785 785 784 786 784 787 786 786 787 788 787 789 788 788 789 790 790 789 791 791 789 792 789 793 792 792 793 794 794 793 651 652 651 793 161 1071 164 1072 164 1071 1075 168 1076 169 1076 168 1079 173 168 79 168 173 1082 176 173 84 173 176 180 1086 181 1087 181 1086 185 1090 93 180 93 1090 188 1093 98 185 98 1093 191 1096 101 188 101 1096 1099 194 1082 176 1082 194 191 197 1096 1102 1096 197 1105 200 1099 194 1099 200 197 203 1102 1108 1102 203 1111 206 1105 200 1105 206 203 209 1108 1114 1108 209 1117 212 1111 206 1111 212 1121 216 1122 217 1122 216 1127 1128 1129 1130 1129 1128 1135 1136 1127 1128 1127 1136 1140 1141 1135 1136 1135 1141 1145 1146 1140 1141 1140 1146 1150 1151 1145 1146 1145 1151 1155 1156 1150 1151 1150 1156 1160 1161 1155 1156 1155 1161 1165 1161 1166 1160 1166 1161 1170 1165 1171 1166 1171 1165 1175 1170 1176 1171 1176 1170 1180 1175 1181 1176 1181 1175 1185 1180 1186 1181 1186 1180 1190 1185 1191 1186 1191 1185 1195 1190 1196 1191 1196 1190 1200 1195 1201 1196 1201 1195 1205 1200 1206 1201 1206 1200 1210 1205 1211 1206 1211 1205 1215 1210 1216 1211 1216 1210 1220 1215 1221 1216 1221 1215 1225 1220 1226 1221 1226 1220 1230 1225 1231 1226 1231 1225 1235 1230 1236 1231 1236 1230 1240 1235 1241 1236 1241 1235 1245 1240 1246 1241 1246 1240 1250 1245 1251 1246 1251 1245 1255 1250 1256 1251 1256 1250 1260 1255 1261 1256 1261 1255 1265 1260 1266 1261 1266 1260 1270 1265 1271 1266 1271 1265 1275 1270 1276 1271 1276 1270 1280 1275 1281 1276 1281 1275 1285 1280 1286 1281 1286 1280 1290 1285 1291 1286 1291 1285 1295 1290 1296 1291 1296 1290 1300 1295 1301 1296 1301 1295 1305 1300 1306 1301 1306 1300 1310 1305 1311 1306 1311 1305 1315 1310 1316 1311 1316 1310 1320 1315 1321 1316 1321 1315 1325 1320 1326 1321 1326 1320 1330 1325 1331 1326 1331 1325 1335 1330 1336 1331 1336 1330 1340 1335 1341 1336 1341 1335 1340 1341 1345 1346 1345 1341 1345 1346 1350 1351 1350 1346 1350 1351 1355 1356 1355 1351 1355 1356 1360 1361 1360 1356 1360 1361 1365 1366 1365 1361 1365 1366 1370 1371 1370 1366 1370 1371 1375 1376 1375 1371 1375 1376 1380 1381 1380 1376 1380 1381 1385 1386 1385 1381 1385 1386 1390 1391 1390 1386 1390 1391 1395 1396 1395 1391 1395 1396 1400 1401 1400 1396 1400 1401 1405 1406 1405 1401 1405 1406 1410 1411 1410 1406 1410 1411 1415 1416 1415 1411 1415 1416 1420 1421 1420 1416 1420 1421 1425 1426 1425 1421 1425 1426 1430 1431 1430 1426 1430 1431 1435 1436 1435 1431 1435 1436 1440 1441 1440 1436 1440 1441 1445 1446 1445 1441 1445 1446 1450 1451 1450 1446 1450 1451 1455 1456 1455 1451 1455 1456 1460 1461 1460 1456 1460 1461 1465 1466 1465 1461 1465 1466 1470 1471 1470 1466 1470 1471 1475 1476 1475 1471 1475 1476 1480 1481 1480 1476 1480 1481 1485 1486 1485 1481 1485 1486 1490 1491 1490 1486 1490 1491 1495 1496 1495 1491 1495 1496 1500 1501 1500 1496 1500 1501 1505 1506 1505 1501 1505 1506 1510 1511 1510 1506 1510 1511 1515 1516 1515 1511 1515 1516 1520 1521 1520 1516 1525 1520 1526 1521 1526 1520 1530 1525 1531 1526 1531 1525 1535 1530 1536 1531 1536 1530 1540 1535 1541 1536 1541 1535 1545 1540 1546 1541 1546 1540 1550 1545 1551 1546 1551 1545 1555 1550 1556 1551 1556 1550 1560 1555 1561 1556 1561 1555 1565 1560 1566 1561 1566 1560 1570 1565 1571 1566 1571 1565 1575 1570 1576 1571 1576 1570 1580 1575 1581 1576 1581 1575 1585 1580 1586 1581 1586 1580 1590 1585 1591 1586 1591 1585 1595 1590 1596 1591 1596 1590 1071 1595 1072 1596 1072 1595 1599 1121 1600 1122 1600 1121 1604 1599 1605 1600 1605 1599 1609 1604 1610 1605 1610 1604 1614 1609 1615 1610 1615 1609 1619 1614 1620 1615 1620 1614 1624 1619 1625 1620 1625 1619 1629 1624 1630 1625 1630 1624 1634 1629 1635 1630 1635 1629 1639 1634 1640 1635 1640 1634 1644 1639 1645 1640 1645 1639 1649 1644 1650 1645 1650 1644 1654 1649 1655 1650 1655 1649 1659 1654 1660 1655 1660 1654 1664 1659 1665 1660 1665 1659 1669 1664 1670 1665 1670 1664 1674 1675 1670 1669 1670 1675 1679 1680 1674 1675 1674 1680 1684 1685 1679 1680 1679 1685 1689 1690 1684 1685 1684 1690 1694 1695 1689 1690 1689 1695 1699 1700 1694 1695 1694 1700 1704 1705 1699 1700 1699 1705 1709 1710 1704 1705 1704 1710 1714 1715 1709 1710 1709 1715 1719 1720 1714 1715 1714 1720 1724 1725 1719 1720 1719 1725 1729 1730 1724 1725 1724 1730 1734 1735 1729 1730 1729 1735 1739 1740 1734 1735 1734 1740 1744 1745 1739 1740 1739 1745 1749 1750 1744 1745 1744 1750 1754 1755 1749 1750 1749 1755 1759 1760 1754 1755 1754 1760 1764 1765 1759 1760 1759 1765 1769 1770 1764 1765 1764 1770 1774 1775 1769 1770 1769 1775 1779 1780 1774 1775 1774 1780 1784 1785 1779 1780 1779 1785 1789 1790 1784 1785 1784 1790 1794 1795 1789 1790 1789 1795 1799 1800 1794 1795 1794 1800 1804 1805 1799 1800 1799 1805 1809 1810 1804 1805 1804 1810 1129 1130 1809 1810 1809 1130 1814 1075 1815 1076 1815 1075 1818 1079 1075 168 1075 1079 1821 1082 1079 173 1079 1082 1086 1825 1087 1826 1087 1825 1090 1829 180 1086 180 1829 1093 1832 185 1090 185 1832 1096 1835 188 1093 188 1835 1838 1099 1821 1082 1821 1099 1096 1102 1835 1841 1835 1102 1844 1105 1838 1099 1838 1105 1102 1108 1841 1847 1841 1108 1850 1111 1844 1105 1844 1111 1108 1114 1847 1853 1847 1114 1855 1117 1850 1111 1850 1117 1860 1861 1862 1863 1862 1861 1868 1860 1869 1862 1869 1860 1873 1868 1874 1869 1874 1868 1878 1873 1879 1874 1879 1873 1883 1878 1884 1879 1884 1878 1888 1883 1889 1884 1889 1883 1893 1888 1894 1889 1894 1888 1898 1893 1899 1894 1899 1893 1903 1898 1904 1899 1904 1898 1908 1903 1909 1904 1909 1903 1913 1908 1914 1909 1914 1908 1918 1913 1919 1914 1919 1913 1923 1918 1924 1919 1924 1918 1928 1923 1929 1924 1929 1923 1933 1928 1934 1929 1934 1928 1938 1933 1939 1934 1939 1933 1943 1938 1944 1939 1944 1938 1948 1943 1949 1944 1949 1943 1953 1948 1954 1949 1954 1948 1958 1953 1959 1954 1959 1953 1963 1958 1964 1959 1964 1958 1968 1963 1969 1964 1969 1963 1973 1968 1974 1969 1974 1968 1978 1973 1979 1974 1979 1973 1983 1978 1984 1979 1984 1978 1988 1983 1989 1984 1989 1983 1993 1994 1989 1988 1989 1994 1998 1999 1993 1994 1993 1999 2003 2004 1998 1999 1998 2004 2008 2009 2003 2004 2003 2009 2013 2014 2008 2009 2008 2014 2018 2019 2013 2014 2013 2019 2023 2024 2018 2019 2018 2024 2028 2029 2023 2024 2023 2029 2033 2034 2028 2029 2028 2034 2038 2039 2033 2034 2033 2039 2043 2044 2038 2039 2038 2044 2048 2049 2043 2044 2043 2049 2053 2054 2048 2049 2048 2054 2058 2059 2053 2054 2053 2059 2063 2064 2058 2059 2058 2064 2068 2069 2063 2064 2063 2069 2073 2074 2068 2069 2068 2074 2078 2079 2073 2074 2073 2079 2083 2084 2078 2079 2078 2084 2088 2089 2083 2084 2083 2089 2093 2094 2088 2089 2088 2094 2098 2099 2093 2094 2093 2099 2103 2104 2098 2099 2098 2104 2108 2109 2103 2104 2103 2109 2113 2114 2108 2109 2108 2114 2118 2119 2113 2114 2113 2119 2123 2124 2118 2119 2118 2124 2128 2129 2123 2124 2123 2129 2133 2134 2128 2129 2128 2134 2138 2139 2133 2134 2133 2139 2143 2144 2138 2139 2138 2144 2148 2149 2143 2144 2143 2149 2153 2154 2148 2149 2148 2154 2158 2159 2153 2154 2153 2159 2163 2164 2158 2159 2158 2164 2163 2168 2164 2169 2164 2168 2168 2173 2169 2174 2169 2173 2173 2178 2174 2179 2174 2178 2178 2183 2179 2184 2179 2183 2183 2188 2184 2189 2184 2188 2188 2193 2189 2194 2189 2193 2193 2198 2194 2199 2194 2198 2198 2203 2199 2204 2199 2203 2203 2208 2204 2209 2204 2208 2208 2213 2209 2214 2209 2213 2213 2218 2214 2219 2214 2218 2218 2223 2219 2224 2219 2223 2223 2228 2224 2229 2224 2228 2228 2233 2229 2234 2229 2233 2233 2238 2234 2239 2234 2238 2238 2243 2239 2244 2239 2243 2243 2248 2244 2249 2244 2248 2248 2253 2249 2254 2249 2253 2253 2258 2254 2259 2254 2258 2258 2263 2259 2264 2259 2263 2263 2268 2264 2269 2264 2268 2268 2273 2269 2274 2269 2273 2273 2278 2274 2279 2274 2278 2278 2283 2279 2284 2279 2283 2283 2288 2284 2289 2284 2288 2288 2293 2289 2294 2289 2293 2293 2298 2294 2299 2294 2298 2298 2303 2299 2304 2299 2303 2303 2308 2304 2309 2304 2308 2308 2313 2309 2314 2309 2313 2313 2318 2314 2319 2314 2318 2318 1855 2319 1850 2319 1855 1847 1853 2323 2324 2323 1853 2323 2324 2328 2329 2328 2324 2328 2329 2333 2334 2333 2329 2333 2334 2338 2339 2338 2334 2338 2339 2343 2344 2343 2339 2343 2344 2348 2349 2348 2344 2348 2349 2353 2354 2353 2349 2353 2354 2358 2359 2358 2354 2358 2359 2363 2364 2363 2359 2363 2364 2368 2369 2368 2364 2368 2369 2373 2374 2373 2369 2373 2374 2378 2379 2378 2374 2378 2379 2383 2384 2383 2379 2383 2384 2388 2389 2388 2384 2388 2389 2393 2394 2393 2389 2393 2394 2398 2399 2398 2394 2398 2399 2403 2404 2403 2399 2403 2404 2408 2409 2408 2404 2408 2409 2413 2414 2413 2409 2413 2414 2418 2419 2418 2414 2418 2419 2423 2424 2423 2419 2423 2424 2428 2429 2428 2424 2428 2429 2433 2434 2433 2429 2433 2434 2438 2439 2438 2434 2438 2439 2443 2444 2443 2439 2443 2444 2448 2449 2448 2444 2448 2449 2453 2454 2453 2449 2453 2454 2458 2459 2458 2454 2458 2459 2463 2464 2463 2459 2463 2464 2468 2469 2468 2464 2468 2469 2473 2474 2473 2469 2473 2474 2478 2479 2478 2474 2483 2478 2484 2479 2484 2478 2488 2483 2489 2484 2489 2483 2493 2488 2494 2489 2494 2488 2498 2493 2499 2494 2499 2493 2503 2498 2504 2499 2504 2498 2508 2503 2509 2504 2509 2503 2513 2508 2514 2509 2514 2508 2518 2513 2519 2514 2519 2513 2523 2518 2524 2519 2524 2518 2528 2523 2529 2524 2529 2523 1861 2528 1863 2529 1863 2528 2533 1814 2534 1815 2534 1814 2537 1818 1814 1075 1814 1818 2540 1821 1818 1079 1818 1821 1825 2544 1826 2545 1826 2544 1829 2548 1086 1825 1086 2548 1832 2551 1090 1829 1090 2551 1835 2554 1093 1832 1093 2554 2557 1838 2540 1821 2540 1838 1835 1841 2554 2560 2554 1841 2563 1844 2557 1838 2557 1844 1841 1847 2560 2323 2560 1847 2319 1850 2563 1844 2563 1850 2567 2568 1860 1861 1860 2568 2572 2567 1868 1860 1868 2567 2575 2572 1873 1868 1873 2572 2578 2575 1878 1873 1878 2575 2581 2578 1883 1878 1883 2578 2584 2581 1888 1883 1888 2581 2587 2584 1893 1888 1893 2584 2590 2587 1898 1893 1898 2587 2593 2590 1903 1898 1903 2590 2596 2593 1908 1903 1908 2593 2599 2596 1913 1908 1913 2596 2602 2599 1918 1913 1918 2599 2605 2602 1923 1918 1923 2602 2608 2605 1928 1923 1928 2605 2611 2608 1933 1928 1933 2608 2614 2611 1938 1933 1938 2611 2617 2614 1943 1938 1943 2614 2620 2617 1948 1943 1948 2617 2623 2620 1953 1948 1953 2620 2626 2623 1958 1953 1958 2623 2629 2626 1963 1958 1963 2626 2632 2629 1968 1963 1968 2629 2635 2632 1973 1968 1973 2632 2638 2635 1978 1973 1978 2635 2641 2638 1983 1978 1983 2638 1988 2644 1983 2641 1983 2644 1994 2647 1988 2644 1988 2647 1999 2650 1994 2647 1994 2650 2004 2653 1999 2650 1999 2653 2009 2656 2004 2653 2004 2656 2014 2659 2009 2656 2009 2659 2019 2662 2014 2659 2014 2662 2024 2665 2019 2662 2019 2665 2029 2668 2024 2665 2024 2668 2034 2671 2029 2668 2029 2671 2039 2674 2034 2671 2034 2674 2044 2677 2039 2674 2039 2677 2049 2680 2044 2677 2044 2680 2054 2683 2049 2680 2049 2683 2059 2686 2054 2683 2054 2686 2064 2689 2059 2686 2059 2689 2069 2692 2064 2689 2064 2692 2074 2695 2069 2692 2069 2695 2079 2698 2074 2695 2074 2698 2084 2701 2079 2698 2079 2701 2089 2704 2084 2701 2084 2704 2094 2707 2089 2704 2089 2707 2099 2710 2094 2707 2094 2710 2104 2713 2099 2710 2099 2713 2109 2716 2104 2713 2104 2716 2114 2719 2109 2716 2109 2719 2119 2722 2114 2719 2114 2722 2124 2725 2119 2722 2119 2725 2129 2728 2124 2725 2124 2728 2134 2731 2129 2728 2129 2731 2139 2734 2134 2731 2134 2734 2144 2737 2139 2734 2139 2737 2149 2740 2144 2737 2144 2740 2154 2743 2149 2740 2149 2743 2159 2746 2154 2743 2154 2746 2164 2749 2159 2746 2159 2749 2164 2169 2749 2752 2749 2169 2169 2174 2752 2755 2752 2174 2174 2179 2755 2758 2755 2179 2179 2184 2758 2761 2758 2184 2184 2189 2761 2764 2761 2189 2189 2194 2764 2767 2764 2194 2194 2199 2767 2770 2767 2199 2199 2204 2770 2773 2770 2204 2204 2209 2773 2776 2773 2209 2209 2214 2776 2779 2776 2214 2214 2219 2779 2782 2779 2219 2219 2224 2782 2785 2782 2224 2224 2229 2785 2788 2785 2229 2229 2234 2788 2791 2788 2234 2234 2239 2791 2794 2791 2239 2239 2244 2794 2797 2794 2244 2244 2249 2797 2800 2797 2249 2249 2254 2800 2803 2800 2254 2254 2259 2803 2806 2803 2259 2259 2264 2806 2809 2806 2264 2264 2269 2809 2812 2809 2269 2269 2274 2812 2815 2812 2274 2274 2279 2815 2818 2815 2279 2279 2284 2818 2821 2818 2284 2284 2289 2821 2824 2821 2289 2289 2294 2824 2827 2824 2294 2294 2299 2827 2830 2827 2299 2299 2304 2830 2833 2830 2304 2304 2309 2833 2836 2833 2309 2309 2314 2836 2839 2836 2314 2314 2319 2839 2563 2839 2319 2560 2323 2842 2328 2842 2323 2842 2328 2845 2333 2845 2328 2845 2333 2848 2338 2848 2333 2848 2338 2851 2343 2851 2338 2851 2343 2854 2348 2854 2343 2854 2348 2857 2353 2857 2348 2857 2353 2860 2358 2860 2353 2860 2358 2863 2363 2863 2358 2863 2363 2866 2368 2866 2363 2866 2368 2869 2373 2869 2368 2869 2373 2872 2378 2872 2373 2872 2378 2875 2383 2875 2378 2875 2383 2878 2388 2878 2383 2878 2388 2881 2393 2881 2388 2881 2393 2884 2398 2884 2393 2884 2398 2887 2403 2887 2398 2887 2403 2890 2408 2890 2403 2890 2408 2893 2413 2893 2408 2893 2413 2896 2418 2896 2413 2896 2418 2899 2423 2899 2418 2899 2423 2902 2428 2902 2423 2902 2428 2905 2433 2905 2428 2905 2433 2908 2438 2908 2433 2908 2438 2911 2443 2911 2438 2911 2443 2914 2448 2914 2443 2914 2448 2917 2453 2917 2448 2917 2453 2920 2458 2920 2453 2920 2458 2923 2463 2923 2458 2923 2463 2926 2468 2926 2463 2926 2468 2929 2473 2929 2468 2929 2473 2932 2478 2932 2473 2935 2932 2483 2478 2483 2932 2938 2935 2488 2483 2488 2935 2941 2938 2493 2488 2493 2938 2944 2941 2498 2493 2498 2941 2947 2944 2503 2498 2503 2944 2950 2947 2508 2503 2508 2947 2953 2950 2513 2508 2513 2950 2956 2953 2518 2513 2518 2953 2959 2956 2523 2518 2523 2956 2962 2959 2528 2523 2528 2959 2568 2962 1861 2528 1861 2962 2966 2533 2967 2534 2967 2533 2970 2537 2533 1814 2533 2537 2973 2540 2537 1818 2537 2540 2544 2977 2545 2978 2545 2977 2548 2981 1825 2544 1825 2981 2551 2984 1829 2548 1829 2984 2554 2987 1832 2551 1832 2987 2990 2557 2973 2540 2973 2557 2554 2560 2987 2842 2987 2560 2839 2563 2990 2557 2990 2563 2994 2995 2567 2568 2567 2995 2999 2994 2572 2567 2572 2994 3002 2999 2575 2572 2575 2999 3005 3002 2578 2575 2578 3002 3008 3005 2581 2578 2581 3005 3011 3008 2584 2581 2584 3008 3014 3011 2587 2584 2587 3011 3017 3014 2590 2587 2590 3014 3020 3017 2593 2590 2593 3017 3023 3020 2596 2593 2596 3020 3026 3023 2599 2596 2599 3023 3029 3026 2602 2599 2602 3026 3032 3029 2605 2602 2605 3029 3035 3032 2608 2605 2608 3032 3038 3035 2611 2608 2611 3035 3041 3038 2614 2611 2614 3038 3044 3041 2617 2614 2617 3041 3047 3044 2620 2617 2620 3044 3050 3047 2623 2620 2623 3047 3053 3050 2626 2623 2626 3050 3056 3053 2629 2626 2629 3053 3059 3056 2632 2629 2632 3056 3062 3059 2635 2632 2635 3059 3065 3062 2638 2635 2638 3062 3068 3065 2641 2638 2641 3065 2644 3071 2641 3068 2641 3071 2647 3074 2644 3071 2644 3074 2650 3077 2647 3074 2647 3077 2653 3080 2650 3077 2650 3080 2656 3083 2653 3080 2653 3083 2659 3086 2656 3083 2656 3086 2662 3089 2659 3086 2659 3089 2665 3092 2662 3089 2662 3092 2668 3095 2665 3092 2665 3095 2671 3098 2668 3095 2668 3098 2674 3101 2671 3098 2671 3101 2677 3104 2674 3101 2674 3104 2680 3107 2677 3104 2677 3107 2683 3110 2680 3107 2680 3110 2686 3113 2683 3110 2683 3113 2689 3116 2686 3113 2686 3116 2692 3119 2689 3116 2689 3119 2695 3122 2692 3119 2692 3122 2698 3125 2695 3122 2695 3125 2701 3128 2698 3125 2698 3128 2704 3131 2701 3128 2701 3131 2707 3134 2704 3131 2704 3134 2710 3137 2707 3134 2707 3137 2713 3140 2710 3137 2710 3140 2716 3143 2713 3140 2713 3143 2719 3146 2716 3143 2716 3146 2722 3149 2719 3146 2719 3149 2725 3152 2722 3149 2722 3152 2728 3155 2725 3152 2725 3155 2731 3158 2728 3155 2728 3158 2734 3161 2731 3158 2731 3161 2737 3164 2734 3161 2734 3164 2740 3167 2737 3164 2737 3167 2743 3170 2740 3167 2740 3170 2746 3173 2743 3170 2743 3173 2749 3176 2746 3173 2746 3176 2749 2752 3176 3179 3176 2752 2752 2755 3179 3182 3179 2755 2755 2758 3182 3185 3182 2758 2758 2761 3185 3188 3185 2761 2761 2764 3188 3191 3188 2764 2764 2767 3191 3194 3191 2767 2767 2770 3194 3197 3194 2770 2770 2773 3197 3200 3197 2773 2773 2776 3200 3203 3200 2776 2776 2779 3203 3206 3203 2779 2779 2782 3206 3209 3206 2782 2782 2785 3209 3212 3209 2785 2785 2788 3212 3215 3212 2788 2788 2791 3215 3218 3215 2791 2791 2794 3218 3221 3218 2794 2794 2797 3221 3224 3221 2797 2797 2800 3224 3227 3224 2800 2800 2803 3227 3230 3227 2803 2803 2806 3230 3233 3230 2806 2806 2809 3233 3236 3233 2809 2809 2812 3236 3239 3236 2812 2812 2815 3239 3242 3239 2815 2815 2818 3242 3245 3242 2818 2818 2821 3245 3248 3245 2821 2821 2824 3248 3251 3248 2824 2824 2827 3251 3254 3251 2827 2827 2830 3254 3257 3254 2830 2830 2833 3257 3260 3257 2833 2833 2836 3260 3263 3260 2836 2836 2839 3263 2990 3263 2839 2987 2842 3266 2845 3266 2842 3266 2845 3269 2848 3269 2845 3269 2848 3272 2851 3272 2848 3272 2851 3275 2854 3275 2851 3275 2854 3278 2857 3278 2854 3278 2857 3281 2860 3281 2857 3281 2860 3284 2863 3284 2860 3284 2863 3287 2866 3287 2863 3287 2866 3290 2869 3290 2866 3290 2869 3293 2872 3293 2869 3293 2872 3296 2875 3296 2872 3296 2875 3299 2878 3299 2875 3299 2878 3302 2881 3302 2878 3302 2881 3305 2884 3305 2881 3305 2884 3308 2887 3308 2884 3308 2887 3311 2890 3311 2887 3311 2890 3314 2893 3314 2890 3314 2893 3317 2896 3317 2893 3317 2896 3320 2899 3320 2896 3320 2899 3323 2902 3323 2899 3323 2902 3326 2905 3326 2902 3326 2905 3329 2908 3329 2905 3329 2908 3332 2911 3332 2908 3332 2911 3335 2914 3335 2911 3335 2914 3338 2917 3338 2914 3338 2917 3341 2920 3341 2917 3341 2920 3344 2923 3344 2920 3344 2923 3347 2926 3347 2923 3347 2926 3350 2929 3350 2926 3350 2929 3353 2932 3353 2929 3356 3353 2935 2932 2935 3353 3359 3356 2938 2935 2938 3356 3362 3359 2941 2938 2941 3359 3365 3362 2944 2941 2944 3362 3368 3365 2947 2944 2947 3365 3371 3368 2950 2947 2950 3368 3374 3371 2953 2950 2953 3371 3377 3374 2956 2953 2956 3374 3380 3377 2959 2956 2959 3377 3383 3380 2962 2959 2962 3380 2995 3383 2568 2962 2568 3383 3387 2966 3388 2967 3388 2966 3391 2970 2966 2533 2966 2970 3394 2973 2970 2537 2970 2973 2977 3398 2978 3399 2978 3398 2981 3402 2544 2977 2544 3402 2984 3405 2548 2981 2548 3405 2987 3266 2551 2984 2551 3266 3263 2990 3394 2973 3394 2990 2994 3409 2995 3410 2995 3409 2999 3414 2994 3409 2994 3414 3002 3417 2999 3414 2999 3417 3005 3420 3002 3417 3002 3420 3008 3423 3005 3420 3005 3423 3426 3423 3011 3008 3011 3423 3429 3426 3014 3011 3014 3426 3432 3429 3017 3014 3017 3429 3435 3432 3020 3017 3020 3432 3020 3023 3435 3438 3435 3023 3023 3026 3438 3441 3438 3026 3026 3029 3441 3444 3441 3029 3029 3032 3444 3447 3444 3032 3032 3035 3447 3450 3447 3035 3035 3038 3450 3453 3450 3038 3038 3041 3453 3456 3453 3041 3041 3044 3456 3459 3456 3044 3044 3047 3459 3462 3459 3047 3047 3050 3462 3465 3462 3050 3050 3053 3465 3468 3465 3053 3053 3056 3468 3471 3468 3056 3056 3059 3471 3474 3471 3059 3059 3062 3474 3477 3474 3062 3062 3065 3477 3480 3477 3065 3065 3068 3480 3483 3480 3068 3068 3071 3483 3486 3483 3071 3071 3074 3486 3489 3486 3074 3074 3077 3489 3492 3489 3077 3077 3080 3492 3495 3492 3080 3080 3083 3495 3498 3495 3083 3083 3086 3498 3501 3498 3086 3086 3089 3501 3504 3501 3089 3089 3092 3504 3507 3504 3092 3092 3095 3507 3510 3507 3095 3095 3098 3510 3513 3510 3098 3098 3101 3513 3516 3513 3101 3101 3104 3516 3519 3516 3104 3104 3107 3519 3522 3519 3107 3107 3110 3522 3525 3522 3110 3110 3113 3525 3528 3525 3113 3113 3116 3528 3531 3528 3116 3119 3534 3116 3531 3116 3534 3122 3537 3119 3534 3119 3537 3125 3540 3122 3537 3122 3540 3128 3543 3125 3540 3125 3543 3128 3131 3543 3546 3543 3131 3131 3134 3546 3549 3546 3134 3134 3137 3549 3552 3549 3137 3137 3140 3552 3555 3552 3140 3140 3143 3555 3558 3555 3143 3143 3146 3558 3561 3558 3146 3146 3149 3561 3564 3561 3149 3149 3152 3564 3567 3564 3152 3152 3155 3567 3570 3567 3155 3155 3158 3570 3573 3570 3158 3158 3161 3573 3576 3573 3161 3161 3164 3576 3579 3576 3164 3164 3167 3579 3582 3579 3167 3167 3170 3582 3585 3582 3170 3170 3173 3585 3588 3585 3173 3588 3173 3591 3176 3591 3173 3591 3176 3594 3179 3594 3176 3594 3179 3597 3182 3597 3179 3597 3182 3600 3185 3600 3182 3600 3185 3603 3188 3603 3185 3603 3188 3606 3191 3606 3188 3606 3191 3609 3194 3609 3191 3609 3194 3612 3197 3612 3194 3612 3197 3615 3200 3615 3197 3615 3200 3618 3203 3618 3200 3618 3203 3621 3206 3621 3203 3621 3206 3624 3209 3624 3206 3624 3209 3627 3212 3627 3209 3627 3212 3630 3215 3630 3212 3630 3215 3633 3218 3633 3215 3633 3218 3636 3221 3636 3218 3636 3221 3639 3224 3639 3221 3224 3227 3639 3642 3639 3227 3227 3230 3642 3645 3642 3230 3230 3233 3645 3648 3645 3233 3233 3236 3648 3651 3648 3236 3236 3239 3651 3654 3651 3239 3239 3242 3654 3657 3654 3242 3242 3245 3657 3660 3657 3245 3245 3248 3660 3663 3660 3248 3248 3251 3663 3666 3663 3251 3251 3254 3666 3669 3666 3254 3254 3257 3669 3672 3669 3257 3257 3260 3672 3675 3672 3260 3260 3263 3675 3394 3675 3263 3266 3269 2984 3405 2984 3269 3269 3272 3405 3678 3405 3272 3272 3275 3678 3681 3678 3275 3275 3278 3681 3684 3681 3278 3278 3281 3684 3687 3684 3281 3281 3284 3687 3690 3687 3284 3284 3287 3690 3693 3690 3287 3287 3290 3693 3696 3693 3290 3290 3293 3696 3699 3696 3293 3699 3293 3702 3296 3702 3293 3702 3296 3705 3299 3705 3296 3705 3299 3708 3302 3708 3299 3708 3302 3711 3305 3711 3302 3714 3711 3308 3305 3308 3711 3717 3714 3311 3308 3311 3714 3720 3717 3314 3311 3314 3717 3723 3720 3317 3314 3317 3720 3726 3723 3320 3317 3320 3723 3729 3726 3323 3320 3323 3726 3732 3729 3326 3323 3326 3729 3735 3732 3329 3326 3329 3732 3738 3735 3332 3329 3332 3735 3741 3738 3335 3332 3335 3738 3744 3741 3338 3335 3338 3741 3747 3744 3341 3338 3341 3744 3750 3747 3344 3341 3344 3747 3753 3750 3347 3344 3347 3750 3756 3753 3350 3347 3350 3753 3759 3756 3353 3350 3353 3756 3356 3762 3353 3759 3353 3762 3359 3765 3356 3762 3356 3765 3362 3768 3359 3765 3359 3768 3365 3771 3362 3768 3362 3771 3368 3774 3365 3771 3365 3774 3371 3777 3368 3774 3368 3777 3374 3780 3371 3777 3371 3780 3377 3783 3374 3780 3374 3783 3380 3786 3377 3783 3377 3786 3383 3789 3380 3786 3380 3789 2995 3410 3383 3789 3383 3410 3793 3387 3794 3388 3794 3387 3797 3391 3387 2966 3387 3391 3675 3394 3391 2970 3391 3394 3398 3801 3399 3802 3399 3801 3402 3805 2977 3398 2977 3805 3405 3678 2981 3402 2981 3678 3409 3809 3410 3810 3410 3809 3414 3814 3409 3809 3409 3814 3417 3817 3414 3814 3414 3817 3420 3820 3417 3817 3417 3820 3423 3823 3420 3820 3420 3823 3426 3826 3423 3823 3423 3826 3429 3829 3426 3826 3426 3829 3429 3432 3829 3832 3829 3432 3432 3435 3832 3835 3832 3435 3435 3438 3835 3838 3835 3438 3438 3441 3838 3841 3838 3441 3441 3444 3841 3844 3841 3444 3444 3447 3844 3847 3844 3447 3447 3450 3847 3850 3847 3450 3450 3453 3850 3853 3850 3453 3453 3456 3853 3856 3853 3456 3456 3459 3856 3859 3856 3459 3459 3462 3859 3862 3859 3462 3462 3465 3862 3865 3862 3465 3465 3468 3865 3868 3865 3468 3468 3471 3868 3871 3868 3471 3471 3474 3871 3874 3871 3474 3474 3477 3874 3877 3874 3477 3477 3480 3877 3880 3877 3480 3480 3483 3880 3883 3880 3483 3483 3486 3883 3886 3883 3486 3486 3489 3886 3889 3886 3489 3489 3492 3889 3892 3889 3492 3492 3495 3892 3895 3892 3495 3495 3498 3895 3898 3895 3498 3498 3501 3898 3901 3898 3501 3501 3504 3901 3904 3901 3504 3504 3507 3904 3907 3904 3507 3507 3510 3907 3910 3907 3510 3510 3513 3910 3913 3910 3513 3513 3516 3913 3916 3913 3516 3516 3519 3916 3919 3916 3519 3519 3522 3919 3922 3919 3522 3522 3525 3922 3925 3922 3525 3525 3528 3925 3928 3925 3528 3528 3531 3928 3931 3928 3531 3531 3534 3931 3934 3931 3534 3534 3537 3934 3937 3934 3537 3537 3540 3937 3940 3937 3540 3540 3543 3940 3943 3940 3543 3543 3546 3943 3946 3943 3546 3546 3549 3946 3949 3946 3549 3549 3552 3949 3952 3949 3552 3552 3555 3952 3955 3952 3555 3555 3558 3955 3958 3955 3558 3558 3561 3958 3961 3958 3561 3561 3564 3961 3964 3961 3564 3564 3567 3964 3967 3964 3567 3567 3570 3967 3970 3967 3570 3570 3573 3970 3973 3970 3573 3573 3576 3973 3976 3973 3576 3576 3579 3976 3979 3976 3579 3579 3582 3979 3982 3979 3582 3582 3585 3982 3985 3982 3585 3585 3588 3985 3988 3985 3588 3988 3588 3991 3591 3991 3588 3991 3591 3994 3594 3994 3591 3994 3594 3997 3597 3997 3594 3997 3597 4000 3600 4000 3597 4000 3600 4003 3603 4003 3600 4003 3603 4006 3606 4006 3603 4006 3606 4009 3609 4009 3606 4009 3609 4012 3612 4012 3609 4012 3612 4015 3615 4015 3612 4015 3615 4018 3618 4018 3615 4018 3618 4021 3621 4021 3618 4021 3621 4024 3624 4024 3621 4024 3624 4027 3627 4027 3624 4027 3627 4030 3630 4030 3627 4030 3630 4033 3633 4033 3630 4033 3633 4036 3636 4036 3633 4036 3636 4039 3639 4039 3636 4039 3639 4042 3642 4042 3639 4042 3642 4045 3645 4045 3642 3645 3648 4045 4048 4045 3648 3648 3651 4048 4051 4048 3651 3651 3654 4051 4054 4051 3654 3654 3657 4054 4057 4054 3657 3657 3660 4057 4060 4057 3660 3660 3663 4060 4063 4060 3663 3663 3666 4063 4066 4063 3666 3666 3669 4066 4069 4066 3669 3669 3672 4069 3797 4069 3672 3672 3675 3797 3391 3797 3675 3678 3681 3402 3805 3402 3681 3681 3684 3805 4072 3805 3684 3684 3687 4072 4075 4072 3687 3687 3690 4075 4078 4075 3690 3690 3693 4078 4081 4078 3693 3693 3696 4081 4084 4081 3696 3696 3699 4084 4087 4084 3699 3699 3702 4087 4090 4087 3702 3702 3705 4090 4093 4090 3705 4096 4093 3708 3705 3708 4093 4099 4096 3711 3708 3711 4096 4102 4099 3714 3711 3714 4099 4105 4102 3717 3714 3717 4102 4108 4105 3720 3717 3720 4105 4111 4108 3723 3720 3723 4108 4114 4111 3726 3723 3726 4111 4117 4114 3729 3726 3729 4114 4120 4117 3732 3729 3732 4117 4123 4120 3735 3732 3735 4120 4126 4123 3738 3735 3738 4123 4129 4126 3741 3738 3741 4126 4132 4129 3744 3741 3744 4129 4135 4132 3747 3744 3747 4132 4138 4135 3750 3747 3750 4135 4141 4138 3753 3750 3753 4138 4144 4141 3756 3753 3756 4141 4147 4144 3759 3756 3759 4144 3762 4150 3759 4147 3759 4150 3765 4153 3762 4150 3762 4153 3768 4156 3765 4153 3765 4156 3771 4159 3768 4156 3768 4159 3774 4162 3771 4159 3771 4162 3777 4165 3774 4162 3774 4165 3780 4168 3777 4165 3777 4168 3783 4171 3780 4168 3780 4171 3786 4174 3783 4171 3783 4174 3789 4177 3786 4174 3786 4177 3410 3810 3789 4177 3789 3810 4181 3793 4182 3794 4182 3793 4069 3797 3793 3387 3793 3797 3801 4186 3802 4187 3802 4186 3805 4072 3398 3801 3398 4072 3809 4191 3810 4192 3810 4191 3814 4196 3809 4191 3809 4196 3817 4199 3814 4196 3814 4199 3820 4202 3817 4199 3817 4202 3823 4205 3820 4202 3820 4205 3826 4208 3823 4205 3823 4208 3829 4211 3826 4208 3826 4211 3829 3832 4211 4214 4211 3832 3832 3835 4214 4217 4214 3835 3835 3838 4217 4220 4217 3838 3838 3841 4220 4223 4220 3841 3841 3844 4223 4226 4223 3844 3844 3847 4226 4229 4226 3847 3847 3850 4229 4232 4229 3850 3850 3853 4232 4235 4232 3853 3853 3856 4235 4238 4235 3856 3856 3859 4238 4241 4238 3859 3859 3862 4241 4244 4241 3862 3862 3865 4244 4247 4244 3865 3865 3868 4247 4250 4247 3868 3868 3871 4250 4253 4250 3871 3871 3874 4253 4256 4253 3874 3874 3877 4256 4259 4256 3877 3877 3880 4259 4262 4259 3880 3880 3883 4262 4265 4262 3883 3883 3886 4265 4268 4265 3886 3886 3889 4268 4271 4268 3889 3889 3892 4271 4274 4271 3892 3892 3895 4274 4277 4274 3895 3895 3898 4277 4280 4277 3898 3898 3901 4280 4283 4280 3901 3901 3904 4283 4286 4283 3904 3904 3907 4286 4289 4286 3907 3907 3910 4289 4292 4289 3910 3910 3913 4292 4295 4292 3913 3913 3916 4295 4298 4295 3916 3916 3919 4298 4301 4298 3919 3919 3922 4301 4304 4301 3922 3922 3925 4304 4307 4304 3925 3925 3928 4307 4310 4307 3928 3928 3931 4310 4313 4310 3931 3931 3934 4313 4316 4313 3934 3934 3937 4316 4319 4316 3937 3937 3940 4319 4322 4319 3940 3940 3943 4322 4325 4322 3943 3943 3946 4325 4328 4325 3946 3946 3949 4328 4331 4328 3949 3949 3952 4331 4334 4331 3952 3952 3955 4334 4337 4334 3955 3955 3958 4337 4340 4337 3958 3958 3961 4340 4343 4340 3961 3961 3964 4343 4346 4343 3964 3964 3967 4346 4349 4346 3967 3967 3970 4349 4352 4349 3970 3970 3973 4352 4355 4352 3973 3973 3976 4355 4358 4355 3976 3976 3979 4358 4361 4358 3979 3979 3982 4361 4364 4361 3982 3982 3985 4364 4367 4364 3985 3985 3988 4367 4370 4367 3988 4370 3988 4373 3991 4373 3988 4373 3991 4376 3994 4376 3991 4376 3994 4379 3997 4379 3994 4379 3997 4382 4000 4382 3997 4382 4000 4385 4003 4385 4000 4385 4003 4388 4006 4388 4003 4388 4006 4391 4009 4391 4006 4391 4009 4394 4012 4394 4009 4394 4012 4397 4015 4397 4012 4397 4015 4400 4018 4400 4015 4400 4018 4403 4021 4403 4018 4403 4021 4406 4024 4406 4021 4406 4024 4409 4027 4409 4024 4409 4027 4412 4030 4412 4027 4412 4030 4415 4033 4415 4030 4415 4033 4418 4036 4418 4033 4418 4036 4421 4039 4421 4036 4421 4039 4424 4042 4424 4039 4424 4042 4427 4045 4427 4042 4045 4048 4427 4430 4427 4048 4048 4051 4430 4433 4430 4051 4051 4054 4433 4436 4433 4054 4054 4057 4436 4439 4436 4057 4057 4060 4439 4442 4439 4060 4060 4063 4442 4445 4442 4063 4063 4066 4445 4181 4445 4066 4066 4069 4181 3793 4181 4069 4072 4075 3801 4186 3801 4075 4075 4078 4186 4448 4186 4078 4078 4081 4448 4451 4448 4081 4081 4084 4451 4454 4451 4084 4084 4087 4454 4457 4454 4087 4087 4090 4457 4460 4457 4090 4090 4093 4460 4463 4460 4093 4466 4463 4096 4093 4096 4463 4469 4466 4099 4096 4099 4466 4472 4469 4102 4099 4102 4469 4475 4472 4105 4102 4105 4472 4478 4475 4108 4105 4108 4475 4481 4478 4111 4108 4111 4478 4484 4481 4114 4111 4114 4481 4487 4484 4117 4114 4117 4484 4490 4487 4120 4117 4120 4487 4493 4490 4123 4120 4123 4490 4496 4493 4126 4123 4126 4493 4499 4496 4129 4126 4129 4496 4502 4499 4132 4129 4132 4499 4505 4502 4135 4132 4135 4502 4508 4505 4138 4135 4138 4505 4511 4508 4141 4138 4141 4508 4514 4511 4144 4141 4144 4511 4517 4514 4147 4144 4147 4514 4150 4520 4147 4517 4147 4520 4153 4523 4150 4520 4150 4523 4156 4526 4153 4523 4153 4526 4159 4529 4156 4526 4156 4529 4162 4532 4159 4529 4159 4532 4165 4535 4162 4532 4162 4535 4168 4538 4165 4535 4165 4538 4171 4541 4168 4538 4168 4541 4174 4544 4171 4541 4171 4544 4177 4547 4174 4544 4174 4547 3810 4192 4177 4547 4177 4192 4445 4181 4550 4182 4550 4181 4186 4448 4187 4552 4187 4448 4191 4555 4192 4556 4192 4555 4196 4558 4191 4555 4191 4558 4199 4560 4196 4558 4196 4560 4202 4562 4199 4560 4199 4562 4205 4564 4202 4562 4202 4564 4208 4566 4205 4564 4205 4566 4211 4568 4208 4566 4208 4568 4211 4214 4568 4570 4568 4214 4214 4217 4570 4572 4570 4217 4217 4220 4572 4574 4572 4220 4220 4223 4574 4576 4574 4223 4223 4226 4576 4578 4576 4226 4226 4229 4578 4580 4578 4229 4229 4232 4580 4582 4580 4232 4232 4235 4582 4584 4582 4235 4235 4238 4584 4586 4584 4238 4238 4241 4586 4588 4586 4241 4241 4244 4588 4590 4588 4244 4244 4247 4590 4592 4590 4247 4247 4250 4592 4594 4592 4250 4250 4253 4594 4596 4594 4253 4253 4256 4596 4598 4596 4256 4256 4259 4598 4600 4598 4259 4259 4262 4600 4602 4600 4262 4262 4265 4602 4604 4602 4265 4265 4268 4604 4606 4604 4268 4268 4271 4606 4608 4606 4271 4271 4274 4608 4610 4608 4274 4274 4277 4610 4612 4610 4277 4277 4280 4612 4614 4612 4280 4280 4283 4614 4616 4614 4283 4283 4286 4616 4618 4616 4286 4286 4289 4618 4620 4618 4289 4289 4292 4620 4622 4620 4292 4292 4295 4622 4624 4622 4295 4295 4298 4624 4626 4624 4298 4298 4301 4626 4628 4626 4301 4301 4304 4628 4630 4628 4304 4304 4307 4630 4632 4630 4307 4307 4310 4632 4634 4632 4310 4310 4313 4634 4636 4634 4313 4313 4316 4636 4638 4636 4316 4316 4319 4638 4640 4638 4319 4640 4319 4642 4322 4642 4319 4642 4322 4644 4325 4644 4322 4644 4325 4646 4328 4646 4325 4646 4328 4648 4331 4648 4328 4648 4331 4650 4334 4650 4331 4650 4334 4652 4337 4652 4334 4652 4337 4654 4340 4654 4337 4654 4340 4656 4343 4656 4340 4656 4343 4658 4346 4658 4343 4658 4346 4660 4349 4660 4346 4660 4349 4662 4352 4662 4349 4662 4352 4664 4355 4664 4352 4664 4355 4666 4358 4666 4355 4666 4358 4668 4361 4668 4358 4668 4361 4670 4364 4670 4361 4670 4364 4672 4367 4672 4364 4672 4367 4674 4370 4674 4367 4674 4370 4676 4373 4676 4370 4676 4373 4678 4376 4678 4373 4678 4376 4680 4379 4680 4376 4680 4379 4682 4382 4682 4379 4682 4382 4684 4385 4684 4382 4684 4385 4686 4388 4686 4385 4686 4388 4688 4391 4688 4388 4688 4391 4690 4394 4690 4391 4690 4394 4692 4397 4692 4394 4692 4397 4694 4400 4694 4397 4694 4400 4696 4403 4696 4400 4696 4403 4698 4406 4698 4403 4698 4406 4700 4409 4700 4406 4700 4409 4702 4412 4702 4409 4702 4412 4704 4415 4704 4412 4704 4415 4706 4418 4706 4415 4706 4418 4708 4421 4708 4418 4708 4421 4710 4424 4710 4421 4710 4424 4712 4427 4712 4424 4427 4430 4712 4714 4712 4430 4430 4433 4714 4716 4714 4433 4433 4436 4716 4718 4716 4436 4436 4439 4718 4720 4718 4439 4439 4442 4720 4722 4720 4442 4442 4445 4722 4550 4722 4445 4448 4451 4552 4724 4552 4451 4451 4454 4724 4726 4724 4454 4454 4457 4726 4728 4726 4457 4457 4460 4728 4730 4728 4460 4460 4463 4730 4732 4730 4463 4466 4734 4463 4732 4463 4734 4469 4736 4466 4734 4466 4736 4472 4738 4469 4736 4469 4738 4475 4740 4472 4738 4472 4740 4478 4742 4475 4740 4475 4742 4481 4744 4478 4742 4478 4744 4484 4746 4481 4744 4481 4746 4487 4748 4484 4746 4484 4748 4490 4750 4487 4748 4487 4750 4493 4752 4490 4750 4490 4752 4496 4754 4493 4752 4493 4754 4499 4756 4496 4754 4496 4756 4502 4758 4499 4756 4499 4758 4505 4760 4502 4758 4502 4760 4508 4762 4505 4760 4505 4762 4511 4764 4508 4762 4508 4764 4514 4766 4511 4764 4511 4766 4517 4768 4514 4766 4514 4768 4520 4770 4517 4768 4517 4770 4523 4772 4520 4770 4520 4772 4526 4774 4523 4772 4523 4774 4529 4776 4526 4774 4526 4776 4532 4778 4529 4776 4529 4778 4535 4780 4532 4778 4532 4780 4538 4782 4535 4780 4535 4782 4541 4784 4538 4782 4538 4784 4544 4786 4541 4784 4541 4786 4547 4788 4544 4786 4544 4788 4192 4556 4547 4788 4547 4556</p>
                </triangles>
                <lines count="2450" material="Material4">
                    <input offset="0" semantic="VERTEX" source="#ID9" />
                    <p>8 9 8 10 11 10 9 11 16 17 17 8 16 9 10 22 23 22 11 23 9 28 29 11 28 29 34 35 35 17 34 16 40 16 40 28 22 45 46 45 23 46 49 23 29 49 9 66 28 67 67 68 68 69 69 70 70 71 66 71 76 29 67 76 81 82 82 35 81 34 85 34 85 40 90 40 90 67 45 95 96 95 46 96 99 46 49 99 102 49 76 102 107 76 68 107 112 90 112 68 117 107 69 117 122 112 122 69 127 117 70 127 132 122 132 70 137 127 71 137 142 132 142 71 153 66 154 137 154 153 153 165 165 142 170 171 171 82 170 81 174 81 174 85 177 85 177 90 95 182 183 182 96 183 186 96 99 186 189 99 102 189 192 102 107 192 195 177 195 112 198 192 117 198 201 195 201 122 204 198 127 204 207 201 207 132 210 204 137 210 213 207 213 142 218 210 218 154 795 796 797 795 798 797 799 798 800 799 801 800 802 801 803 802 804 803 805 804 806 805 807 806 808 807 809 808 810 809 811 810 812 811 813 812 814 813 815 814 816 815 817 816 818 817 819 818 820 819 821 820 822 821 823 822 824 823 825 824 826 825 827 826 828 827 829 828 830 829 831 830 832 831 833 832 834 833 835 834 836 835 837 836 838 837 839 838 840 839 841 840 842 841 843 842 844 843 845 844 846 845 847 846 848 847 849 848 850 849 851 850 852 851 853 852 854 853 855 854 856 855 857 856 858 857 859 858 860 859 861 860 862 861 863 862 864 863 865 864 866 865 867 866 868 867 869 868 870 869 871 870 872 871 873 872 874 873 875 874 876 875 877 876 878 877 879 878 880 879 881 880 882 881 883 882 884 883 885 884 886 885 887 886 888 887 889 888 890 889 165 890 891 218 892 891 893 892 894 893 895 894 896 895 897 896 898 897 899 898 900 899 901 900 902 901 903 902 904 903 905 904 906 905 907 906 908 907 909 908 910 909 911 910 912 911 913 912 914 913 915 914 916 915 917 916 918 917 919 918 920 919 921 920 922 921 923 922 924 923 925 924 926 925 927 926 928 927 929 928 930 929 931 930 932 931 933 932 934 933 796 934 935 936 937 935 938 937 939 938 940 939 941 940 942 941 943 942 944 943 945 944 946 945 947 946 948 947 949 948 950 949 951 950 952 951 953 952 954 953 955 954 956 955 957 956 958 957 959 958 960 959 961 960 962 961 963 962 964 963 965 964 966 965 967 966 968 967 969 968 970 969 971 970 972 971 973 972 974 973 975 974 976 975 977 976 978 977 979 978 980 979 981 980 982 981 983 982 984 983 985 984 986 985 987 986 988 987 989 988 990 989 991 990 992 991 993 992 994 993 995 994 996 995 997 996 998 997 999 998 1000 999 1001 1000 1002 1001 1003 1002 1004 1003 1005 1004 1006 1005 1007 1006 1008 1007 1009 1008 1010 1009 1011 1010 1012 1011 1013 1012 1014 1013 1015 1014 1016 1015 1017 1016 1018 1017 1019 1018 1020 1019 1021 1020 1022 1021 1023 1022 1024 1023 1025 1024 1026 1025 1027 1026 1028 1027 1029 1028 1030 1029 1031 1030 1032 1031 1033 1032 1034 1033 1035 1034 1036 1035 1037 1036 1038 1037 1039 1038 1040 1039 1041 1040 1042 1041 1043 1042 1043 1044 1044 1045 1045 1046 1046 1047 1047 1048 1048 1049 1049 1050 1050 1051 1051 1052 1052 1053 1053 1054 1054 1055 1055 1056 1056 1057 1057 1058 1058 1059 1059 1060 1060 1061 1061 1062 1062 1063 1063 1064 1064 1065 1066 1065 182 1066 1067 171 1068 1067 936 1068 890 213 1077 1067 1077 170 1080 170 1080 174 1083 174 1083 177 1088 1066 183 1088 1091 183 186 1091 1094 186 189 1094 1097 189 192 1097 1100 1083 1100 195 1103 1097 198 1103 1106 1100 1106 201 1109 1103 204 1109 1112 1106 1112 207 1115 1109 210 1115 1118 1112 1118 213 891 1115 796 1131 1131 1132 795 1132 1132 1137 797 1137 1137 1142 798 1142 1142 1147 799 1147 1147 1152 800 1152 1152 1157 801 1157 1157 1162 802 1162 1162 1167 803 1167 1167 1172 804 1172 1172 1177 805 1177 1177 1182 806 1182 1182 1187 807 1187 1187 1192 808 1192 1192 1197 809 1197 1197 1202 810 1202 1202 1207 811 1207 1207 1212 812 1212 1212 1217 813 1217 1217 1222 814 1222 1222 1227 815 1227 1227 1232 816 1232 1232 1237 817 1237 1237 1242 818 1242 1242 1247 819 1247 1247 1252 820 1252 1252 1257 821 1257 1257 1262 822 1262 1262 1267 823 1267 1267 1272 824 1272 1272 1277 825 1277 1277 1282 826 1282 1282 1287 827 1287 1287 1292 828 1292 1292 1297 829 1297 1297 1302 830 1302 1302 1307 831 1307 1307 1312 832 1312 1312 1317 833 1317 1317 1322 834 1322 1322 1327 835 1327 1327 1332 836 1332 1332 1337 837 1337 1337 1342 838 1342 1342 1347 839 1347 1347 1352 840 1352 1352 1357 841 1357 1357 1362 842 1362 1362 1367 843 1367 1367 1372 844 1372 1372 1377 845 1377 1377 1382 846 1382 1382 1387 847 1387 1387 1392 848 1392 1392 1397 849 1397 1397 1402 850 1402 1402 1407 851 1407 1407 1412 852 1412 1412 1417 853 1417 1417 1422 854 1422 1422 1427 855 1427 1427 1432 856 1432 1432 1437 857 1437 1437 1442 858 1442 1442 1447 859 1447 1447 1452 860 1452 1452 1457 861 1457 1457 1462 862 1462 1462 1467 863 1467 1467 1472 864 1472 1472 1477 865 1477 1477 1482 866 1482 1482 1487 867 1487 1487 1492 868 1492 1492 1497 869 1497 1497 1502 870 1502 1502 1507 871 1507 1507 1512 872 1512 1512 1517 873 1517 1517 1522 874 1522 1522 1527 875 1527 1527 1532 876 1532 1532 1537 877 1537 1537 1542 878 1542 1542 1547 879 1547 1547 1552 880 1552 1552 1557 881 1557 1557 1562 882 1562 1562 1567 883 1567 1567 1572 884 1572 1572 1577 885 1577 1577 1582 886 1582 1582 1587 887 1587 1587 1592 888 1592 1592 1118 889 1118 1115 1601 892 1601 1601 1606 893 1606 1606 1611 894 1611 1611 1616 895 1616 1616 1621 896 1621 1621 1626 897 1626 1626 1631 898 1631 1631 1636 899 1636 1636 1641 900 1641 1641 1646 901 1646 1646 1651 902 1651 1651 1656 903 1656 1656 1661 904 1661 1661 1666 905 1666 1666 1671 906 1671 1671 1676 907 1676 1676 1681 908 1681 1681 1686 909 1686 1686 1691 910 1691 1691 1696 911 1696 1696 1701 912 1701 1701 1706 913 1706 1706 1711 914 1711 1711 1716 915 1716 1716 1721 916 1721 1721 1726 917 1726 1726 1731 918 1731 1731 1736 919 1736 1736 1741 920 1741 1741 1746 921 1746 1746 1751 922 1751 1751 1756 923 1756 1756 1761 924 1761 1761 1766 925 1766 1766 1771 926 1771 1771 1776 927 1776 1776 1781 928 1781 1781 1786 929 1786 1786 1791 930 1791 1791 1796 931 1796 1796 1801 932 1801 1801 1806 933 1806 1806 1811 934 1811 1811 1131 1816 1068 1816 1077 1819 1077 1819 1080 1822 1080 1822 1083 1827 1065 1088 1827 1830 1088 1091 1830 1833 1091 1094 1833 1836 1094 1097 1836 1839 1822 1839 1100 1842 1836 1103 1842 1845 1839 1845 1106 1848 1842 1109 1848 1851 1845 1851 1112 1601 1848 1592 1851 1131 1864 1864 1865 1132 1865 1865 1870 1137 1870 1870 1875 1142 1875 1875 1880 1147 1880 1880 1885 1152 1885 1885 1890 1157 1890 1890 1895 1162 1895 1895 1900 1167 1900 1900 1905 1172 1905 1905 1910 1177 1910 1910 1915 1182 1915 1915 1920 1187 1920 1920 1925 1192 1925 1925 1930 1197 1930 1930 1935 1202 1935 1935 1940 1207 1940 1940 1945 1212 1945 1945 1950 1217 1950 1950 1955 1222 1955 1955 1960 1227 1960 1960 1965 1232 1965 1965 1970 1237 1970 1970 1975 1242 1975 1975 1980 1247 1980 1980 1985 1252 1985 1985 1990 1257 1990 1990 1995 1262 1995 1995 2000 1267 2000 2000 2005 1272 2005 2005 2010 1277 2010 2010 2015 1282 2015 2015 2020 1287 2020 2020 2025 1292 2025 2025 2030 1297 2030 2030 2035 1302 2035 2035 2040 1307 2040 2040 2045 1312 2045 2045 2050 1317 2050 2050 2055 1322 2055 2055 2060 1327 2060 2060 2065 1332 2065 2065 2070 1337 2070 2070 2075 1342 2075 2075 2080 1347 2080 2080 2085 1352 2085 2085 2090 1357 2090 2090 2095 1362 2095 2095 2100 1367 2100 2100 2105 1372 2105 2105 2110 1377 2110 2110 2115 1382 2115 2115 2120 1387 2120 2120 2125 1392 2125 2125 2130 1397 2130 2130 2135 1402 2135 2135 2140 1407 2140 2140 2145 1412 2145 2145 2150 1417 2150 2150 2155 1422 2155 2155 2160 1427 2160 2160 2165 1432 2165 2165 2170 1437 2170 2170 2175 1442 2175 2175 2180 1447 2180 2180 2185 1452 2185 2185 2190 1457 2190 2190 2195 1462 2195 2195 2200 1467 2200 2200 2205 1472 2205 2205 2210 1477 2210 2210 2215 1482 2215 2215 2220 1487 2220 2220 2225 1492 2225 2225 2230 1497 2230 2230 2235 1502 2235 2235 2240 1507 2240 2240 2245 1512 2245 2245 2250 1517 2250 2250 2255 1522 2255 2255 2260 1527 2260 2260 2265 1532 2265 2265 2270 1537 2270 2270 2275 1542 2275 2275 2280 1547 2280 2280 2285 1552 2285 2285 2290 1557 2290 2290 2295 1562 2295 2295 2300 1567 2300 2300 2305 1572 2305 2305 2310 1577 2310 2310 2315 1582 2315 2315 2320 1587 2320 2320 1851 1848 2325 1606 2325 2325 2330 1611 2330 2330 2335 1616 2335 2335 2340 1621 2340 2340 2345 1626 2345 2345 2350 1631 2350 2350 2355 1636 2355 2355 2360 1641 2360 2360 2365 1646 2365 2365 2370 1651 2370 2370 2375 1656 2375 2375 2380 1661 2380 2380 2385 1666 2385 2385 2390 1671 2390 2390 2395 1676 2395 2395 2400 1681 2400 2400 2405 1686 2405 2405 2410 1691 2410 2410 2415 1696 2415 2415 2420 1701 2420 2420 2425 1706 2425 2425 2430 1711 2430 2430 2435 1716 2435 2435 2440 1721 2440 2440 2445 1726 2445 2445 2450 1731 2450 2450 2455 1736 2455 2455 2460 1741 2460 2460 2465 1746 2465 2465 2470 1751 2470 2470 2475 1756 2475 2475 2480 1761 2480 2480 2485 1766 2485 2485 2490 1771 2490 2490 2495 1776 2495 2495 2500 1781 2500 2500 2505 1786 2505 2505 2510 1791 2510 2510 2515 1796 2515 2515 2520 1801 2520 2520 2525 1806 2525 2525 2530 1811 2530 2530 1864 2535 936 2535 1816 2538 1816 2538 1819 2541 1819 2541 1822 2546 1064 1827 2546 2549 1827 1830 2549 2552 1830 1833 2552 2555 1833 1836 2555 2558 2541 2558 1839 2561 2555 1842 2561 2564 2558 2564 1845 2325 2561 2320 2564 1864 2569 2569 2570 1865 2570 2570 2573 1870 2573 2573 2576 1875 2576 2576 2579 1880 2579 2579 2582 1885 2582 2582 2585 1890 2585 2585 2588 1895 2588 2588 2591 1900 2591 2591 2594 1905 2594 2594 2597 1910 2597 2597 2600 1915 2600 2600 2603 1920 2603 2603 2606 1925 2606 2606 2609 1930 2609 2609 2612 1935 2612 2612 2615 1940 2615 2615 2618 1945 2618 2618 2621 1950 2621 2621 2624 1955 2624 2624 2627 1960 2627 2627 2630 1965 2630 2630 2633 1970 2633 2633 2636 1975 2636 2636 2639 1980 2639 2639 2642 1985 2642 2642 2645 1990 2645 2645 2648 1995 2648 2648 2651 2000 2651 2651 2654 2005 2654 2654 2657 2010 2657 2657 2660 2015 2660 2660 2663 2020 2663 2663 2666 2025 2666 2666 2669 2030 2669 2669 2672 2035 2672 2672 2675 2040 2675 2675 2678 2045 2678 2678 2681 2050 2681 2681 2684 2055 2684 2684 2687 2060 2687 2687 2690 2065 2690 2690 2693 2070 2693 2693 2696 2075 2696 2696 2699 2080 2699 2699 2702 2085 2702 2702 2705 2090 2705 2705 2708 2095 2708 2708 2711 2100 2711 2711 2714 2105 2714 2714 2717 2110 2717 2717 2720 2115 2720 2720 2723 2120 2723 2723 2726 2125 2726 2726 2729 2130 2729 2729 2732 2135 2732 2732 2735 2140 2735 2735 2738 2145 2738 2738 2741 2150 2741 2741 2744 2155 2744 2744 2747 2160 2747 2747 2750 2165 2750 2750 2753 2170 2753 2753 2756 2175 2756 2756 2759 2180 2759 2759 2762 2185 2762 2762 2765 2190 2765 2765 2768 2195 2768 2768 2771 2200 2771 2771 2774 2205 2774 2774 2777 2210 2777 2777 2780 2215 2780 2780 2783 2220 2783 2783 2786 2225 2786 2786 2789 2230 2789 2789 2792 2235 2792 2792 2795 2240 2795 2795 2798 2245 2798 2798 2801 2250 2801 2801 2804 2255 2804 2804 2807 2260 2807 2807 2810 2265 2810 2810 2813 2270 2813 2813 2816 2275 2816 2816 2819 2280 2819 2819 2822 2285 2822 2822 2825 2290 2825 2825 2828 2295 2828 2828 2831 2300 2831 2831 2834 2305 2834 2834 2837 2310 2837 2837 2840 2315 2840 2840 2564 2561 2843 2330 2843 2843 2846 2335 2846 2846 2849 2340 2849 2849 2852 2345 2852 2852 2855 2350 2855 2855 2858 2355 2858 2858 2861 2360 2861 2861 2864 2365 2864 2864 2867 2370 2867 2867 2870 2375 2870 2870 2873 2380 2873 2873 2876 2385 2876 2876 2879 2390 2879 2879 2882 2395 2882 2882 2885 2400 2885 2885 2888 2405 2888 2888 2891 2410 2891 2891 2894 2415 2894 2894 2897 2420 2897 2897 2900 2425 2900 2900 2903 2430 2903 2903 2906 2435 2906 2906 2909 2440 2909 2909 2912 2445 2912 2912 2915 2450 2915 2915 2918 2455 2918 2918 2921 2460 2921 2921 2924 2465 2924 2924 2927 2470 2927 2927 2930 2475 2930 2930 2933 2480 2933 2933 2936 2485 2936 2936 2939 2490 2939 2939 2942 2495 2942 2942 2945 2500 2945 2945 2948 2505 2948 2948 2951 2510 2951 2951 2954 2515 2954 2954 2957 2520 2957 2957 2960 2525 2960 2960 2963 2530 2963 2963 2569 2968 935 2968 2535 2971 2535 2971 2538 2974 2538 2974 2541 2979 1063 2546 2979 2982 2546 2549 2982 2985 2549 2552 2985 2988 2552 2555 2988 2991 2974 2991 2558 2843 2988 2840 2991 2569 2996 2996 2997 2570 2997 2997 3000 2573 3000 3000 3003 2576 3003 3003 3006 2579 3006 3006 3009 2582 3009 3009 3012 2585 3012 3012 3015 2588 3015 3015 3018 2591 3018 3018 3021 2594 3021 3021 3024 2597 3024 3024 3027 2600 3027 3027 3030 2603 3030 3030 3033 2606 3033 3033 3036 2609 3036 3036 3039 2612 3039 3039 3042 2615 3042 3042 3045 2618 3045 3045 3048 2621 3048 3048 3051 2624 3051 3051 3054 2627 3054 3054 3057 2630 3057 3057 3060 2633 3060 3060 3063 2636 3063 3063 3066 2639 3066 3066 3069 2642 3069 3069 3072 2645 3072 3072 3075 2648 3075 3075 3078 2651 3078 3078 3081 2654 3081 3081 3084 2657 3084 3084 3087 2660 3087 3087 3090 2663 3090 3090 3093 2666 3093 3093 3096 2669 3096 3096 3099 2672 3099 3099 3102 2675 3102 3102 3105 2678 3105 3105 3108 2681 3108 3108 3111 2684 3111 3111 3114 2687 3114 3114 3117 2690 3117 3117 3120 2693 3120 3120 3123 2696 3123 3123 3126 2699 3126 3126 3129 2702 3129 3129 3132 2705 3132 3132 3135 2708 3135 3135 3138 2711 3138 3138 3141 2714 3141 3141 3144 2717 3144 3144 3147 2720 3147 3147 3150 2723 3150 3150 3153 2726 3153 3153 3156 2729 3156 3156 3159 2732 3159 3159 3162 2735 3162 3162 3165 2738 3165 3165 3168 2741 3168 3168 3171 2744 3171 3171 3174 2747 3174 3174 3177 2750 3177 3177 3180 2753 3180 3180 3183 2756 3183 3183 3186 2759 3186 3186 3189 2762 3189 3189 3192 2765 3192 3192 3195 2768 3195 3195 3198 2771 3198 3198 3201 2774 3201 3201 3204 2777 3204 3204 3207 2780 3207 3207 3210 2783 3210 3210 3213 2786 3213 3213 3216 2789 3216 3216 3219 2792 3219 3219 3222 2795 3222 3222 3225 2798 3225 3225 3228 2801 3228 3228 3231 2804 3231 3231 3234 2807 3234 3234 3237 2810 3237 3237 3240 2813 3240 3240 3243 2816 3243 3243 3246 2819 3246 3246 3249 2822 3249 3249 3252 2825 3252 3252 3255 2828 3255 3255 3258 2831 3258 3258 3261 2834 3261 3261 3264 2837 3264 3264 2991 2988 3267 2846 3267 3267 3270 2849 3270 3270 3273 2852 3273 3273 3276 2855 3276 3276 3279 2858 3279 3279 3282 2861 3282 3282 3285 2864 3285 3285 3288 2867 3288 3288 3291 2870 3291 3291 3294 2873 3294 3294 3297 2876 3297 3297 3300 2879 3300 3300 3303 2882 3303 3303 3306 2885 3306 3306 3309 2888 3309 3309 3312 2891 3312 3312 3315 2894 3315 3315 3318 2897 3318 3318 3321 2900 3321 3321 3324 2903 3324 3324 3327 2906 3327 3327 3330 2909 3330 3330 3333 2912 3333 3333 3336 2915 3336 3336 3339 2918 3339 3339 3342 2921 3342 3342 3345 2924 3345 3345 3348 2927 3348 3348 3351 2930 3351 3351 3354 2933 3354 3354 3357 2936 3357 3357 3360 2939 3360 3360 3363 2942 3363 3363 3366 2945 3366 3366 3369 2948 3369 3369 3372 2951 3372 3372 3375 2954 3375 3375 3378 2957 3378 3378 3381 2960 3381 3381 3384 2963 3384 3384 2996 3389 937 3389 2968 3392 2968 3392 2971 3395 2971 3395 2974 3400 1062 2979 3400 3403 2979 2982 3403 3406 2982 2985 3406 3267 2985 3264 3395 2996 3411 3411 3412 2997 3412 3412 3415 3000 3415 3415 3418 3003 3418 3418 3421 3006 3421 3421 3424 3009 3424 3424 3427 3012 3427 3427 3430 3015 3430 3430 3433 3018 3433 3433 3436 3021 3436 3436 3439 3024 3439 3439 3442 3027 3442 3442 3445 3030 3445 3445 3448 3033 3448 3448 3451 3036 3451 3451 3454 3039 3454 3454 3457 3042 3457 3457 3460 3045 3460 3460 3463 3048 3463 3463 3466 3051 3466 3466 3469 3054 3469 3469 3472 3057 3472 3472 3475 3060 3475 3475 3478 3063 3478 3478 3481 3066 3481 3481 3484 3069 3484 3484 3487 3072 3487 3487 3490 3075 3490 3490 3493 3078 3493 3493 3496 3081 3496 3496 3499 3084 3499 3499 3502 3087 3502 3502 3505 3090 3505 3505 3508 3093 3508 3508 3511 3096 3511 3511 3514 3099 3514 3514 3517 3102 3517 3517 3520 3105 3520 3520 3523 3108 3523 3523 3526 3111 3526 3526 3529 3114 3529 3529 3532 3117 3532 3532 3535 3120 3535 3535 3538 3123 3538 3538 3541 3126 3541 3541 3544 3129 3544 3544 3547 3132 3547 3547 3550 3135 3550 3550 3553 3138 3553 3553 3556 3141 3556 3556 3559 3144 3559 3559 3562 3147 3562 3562 3565 3150 3565 3565 3568 3153 3568 3568 3571 3156 3571 3571 3574 3159 3574 3574 3577 3162 3577 3577 3580 3165 3580 3580 3583 3168 3583 3583 3586 3171 3586 3586 3589 3174 3589 3589 3592 3177 3592 3592 3595 3180 3595 3595 3598 3183 3598 3598 3601 3186 3601 3601 3604 3189 3604 3604 3607 3192 3607 3607 3610 3195 3610 3610 3613 3198 3613 3613 3616 3201 3616 3616 3619 3204 3619 3619 3622 3207 3622 3622 3625 3210 3625 3625 3628 3213 3628 3628 3631 3216 3631 3631 3634 3219 3634 3634 3637 3222 3637 3637 3640 3225 3640 3640 3643 3228 3643 3643 3646 3231 3646 3646 3649 3234 3649 3649 3652 3237 3652 3652 3655 3240 3655 3655 3658 3243 3658 3658 3661 3246 3661 3661 3664 3249 3664 3664 3667 3252 3667 3667 3670 3255 3670 3670 3673 3258 3673 3673 3676 3261 3676 3676 3395 3270 3406 3406 3679 3273 3679 3679 3682 3276 3682 3682 3685 3279 3685 3685 3688 3282 3688 3688 3691 3285 3691 3691 3694 3288 3694 3694 3697 3291 3697 3697 3700 3294 3700 3700 3703 3297 3703 3703 3706 3300 3706 3706 3709 3303 3709 3709 3712 3306 3712 3712 3715 3309 3715 3715 3718 3312 3718 3718 3721 3315 3721 3721 3724 3318 3724 3724 3727 3321 3727 3727 3730 3324 3730 3730 3733 3327 3733 3733 3736 3330 3736 3736 3739 3333 3739 3739 3742 3336 3742 3742 3745 3339 3745 3745 3748 3342 3748 3748 3751 3345 3751 3751 3754 3348 3754 3754 3757 3351 3757 3757 3760 3354 3760 3760 3763 3357 3763 3763 3766 3360 3766 3766 3769 3363 3769 3769 3772 3366 3772 3772 3775 3369 3775 3775 3778 3372 3778 3778 3781 3375 3781 3781 3784 3378 3784 3784 3787 3381 3787 3787 3790 3384 3790 3790 3411 3795 938 3795 3389 3798 3389 3798 3392 3676 3392 3803 1061 3400 3803 3806 3400 3403 3806 3679 3403 3411 3811 3811 3812 3412 3812 3812 3815 3415 3815 3815 3818 3418 3818 3818 3821 3421 3821 3821 3824 3424 3824 3824 3827 3427 3827 3827 3830 3430 3830 3830 3833 3433 3833 3833 3836 3436 3836 3836 3839 3439 3839 3839 3842 3442 3842 3842 3845 3445 3845 3845 3848 3448 3848 3848 3851 3451 3851 3851 3854 3454 3854 3854 3857 3457 3857 3857 3860 3460 3860 3860 3863 3463 3863 3863 3866 3466 3866 3866 3869 3469 3869 3869 3872 3472 3872 3872 3875 3475 3875 3875 3878 3478 3878 3878 3881 3481 3881 3881 3884 3484 3884 3884 3887 3487 3887 3887 3890 3490 3890 3890 3893 3493 3893 3893 3896 3496 3896 3896 3899 3499 3899 3899 3902 3502 3902 3902 3905 3505 3905 3905 3908 3508 3908 3908 3911 3511 3911 3911 3914 3514 3914 3914 3917 3517 3917 3917 3920 3520 3920 3920 3923 3523 3923 3923 3926 3526 3926 3926 3929 3529 3929 3929 3932 3532 3932 3932 3935 3535 3935 3935 3938 3538 3938 3938 3941 3541 3941 3941 3944 3544 3944 3944 3947 3547 3947 3947 3950 3550 3950 3950 3953 3553 3953 3953 3956 3556 3956 3956 3959 3559 3959 3959 3962 3562 3962 3962 3965 3565 3965 3965 3968 3568 3968 3968 3971 3571 3971 3971 3974 3574 3974 3974 3977 3577 3977 3977 3980 3580 3980 3980 3983 3583 3983 3983 3986 3586 3986 3986 3989 3589 3989 3989 3992 3592 3992 3992 3995 3595 3995 3995 3998 3598 3998 3998 4001 3601 4001 4001 4004 3604 4004 4004 4007 3607 4007 4007 4010 3610 4010 4010 4013 3613 4013 4013 4016 3616 4016 4016 4019 3619 4019 4019 4022 3622 4022 4022 4025 3625 4025 4025 4028 3628 4028 4028 4031 3631 4031 4031 4034 3634 4034 4034 4037 3637 4037 4037 4040 3640 4040 4040 4043 3643 4043 4043 4046 3646 4046 4046 4049 3649 4049 4049 4052 3652 4052 4052 4055 3655 4055 4055 4058 3658 4058 4058 4061 3661 4061 4061 4064 3664 4064 4064 4067 3667 4067 4067 4070 3670 4070 4070 3798 3673 3798 3682 3806 3806 4073 3685 4073 4073 4076 3688 4076 4076 4079 3691 4079 4079 4082 3694 4082 4082 4085 3697 4085 4085 4088 3700 4088 4088 4091 3703 4091 4091 4094 3706 4094 4094 4097 3709 4097 4097 4100 3712 4100 4100 4103 3715 4103 4103 4106 3718 4106 4106 4109 3721 4109 4109 4112 3724 4112 4112 4115 3727 4115 4115 4118 3730 4118 4118 4121 3733 4121 4121 4124 3736 4124 4124 4127 3739 4127 4127 4130 3742 4130 4130 4133 3745 4133 4133 4136 3748 4136 4136 4139 3751 4139 4139 4142 3754 4142 4142 4145 3757 4145 4145 4148 3760 4148 4148 4151 3763 4151 4151 4154 3766 4154 4154 4157 3769 4157 4157 4160 3772 4160 4160 4163 3775 4163 4163 4166 3778 4166 4166 4169 3781 4169 4169 4172 3784 4172 4172 4175 3787 4175 4175 4178 3790 4178 4178 3811 4183 939 4183 3795 4070 3795 4188 1060 3803 4188 4073 3803 3811 4193 4193 4194 3812 4194 4194 4197 3815 4197 4197 4200 3818 4200 4200 4203 3821 4203 4203 4206 3824 4206 4206 4209 3827 4209 4209 4212 3830 4212 4212 4215 3833 4215 4215 4218 3836 4218 4218 4221 3839 4221 4221 4224 3842 4224 4224 4227 3845 4227 4227 4230 3848 4230 4230 4233 3851 4233 4233 4236 3854 4236 4236 4239 3857 4239 4239 4242 3860 4242 4242 4245 3863 4245 4245 4248 3866 4248 4248 4251 3869 4251 4251 4254 3872 4254 4254 4257 3875 4257 4257 4260 3878 4260 4260 4263 3881 4263 4263 4266 3884 4266 4266 4269 3887 4269 4269 4272 3890 4272 4272 4275 3893 4275 4275 4278 3896 4278 4278 4281 3899 4281 4281 4284 3902 4284 4284 4287 3905 4287 4287 4290 3908 4290 4290 4293 3911 4293 4293 4296 3914 4296 4296 4299 3917 4299 4299 4302 3920 4302 4302 4305 3923 4305 4305 4308 3926 4308 4308 4311 3929 4311 4311 4314 3932 4314 4314 4317 3935 4317 4317 4320 3938 4320 4320 4323 3941 4323 4323 4326 3944 4326 4326 4329 3947 4329 4329 4332 3950 4332 4332 4335 3953 4335 4335 4338 3956 4338 4338 4341 3959 4341 4341 4344 3962 4344 4344 4347 3965 4347 4347 4350 3968 4350 4350 4353 3971 4353 4353 4356 3974 4356 4356 4359 3977 4359 4359 4362 3980 4362 4362 4365 3983 4365 4365 4368 3986 4368 4368 4371 3989 4371 4371 4374 3992 4374 4374 4377 3995 4377 4377 4380 3998 4380 4380 4383 4001 4383 4383 4386 4004 4386 4386 4389 4007 4389 4389 4392 4010 4392 4392 4395 4013 4395 4395 4398 4016 4398 4398 4401 4019 4401 4401 4404 4022 4404 4404 4407 4025 4407 4407 4410 4028 4410 4410 4413 4031 4413 4413 4416 4034 4416 4416 4419 4037 4419 4419 4422 4040 4422 4422 4425 4043 4425 4425 4428 4046 4428 4428 4431 4049 4431 4431 4434 4052 4434 4434 4437 4055 4437 4437 4440 4058 4440 4440 4443 4061 4443 4443 4446 4064 4446 4446 4183 4067 4183 4076 4188 4188 4449 4079 4449 4449 4452 4082 4452 4452 4455 4085 4455 4455 4458 4088 4458 4458 4461 4091 4461 4461 4464 4094 4464 4464 4467 4097 4467 4467 4470 4100 4470 4470 4473 4103 4473 4473 4476 4106 4476 4476 4479 4109 4479 4479 4482 4112 4482 4482 4485 4115 4485 4485 4488 4118 4488 4488 4491 4121 4491 4491 4494 4124 4494 4494 4497 4127 4497 4497 4500 4130 4500 4500 4503 4133 4503 4503 4506 4136 4506 4506 4509 4139 4509 4509 4512 4142 4512 4512 4515 4145 4515 4515 4518 4148 4518 4518 4521 4151 4521 4521 4524 4154 4524 4524 4527 4157 4527 4527 4530 4160 4530 4530 4533 4163 4533 4533 4536 4166 4536 4536 4539 4169 4539 4539 4542 4172 4542 4542 4545 4175 4545 4545 4548 4178 4548 4548 4193 4446 940 4449 1059 4193 1025 4194 1024 4197 1023 4200 1022 4203 1021 4206 1020 4209 1019 4212 1018 4215 1017 4218 1016 4221 1015 4224 1014 4227 1013 4230 1012 4233 1011 4236 1010 4239 1009 4242 1008 4245 1007 4248 1006 4251 1005 4254 1004 4257 1003 4260 1002 4263 1001 4266 1000 4269 999 4272 998 4275 997 4278 996 4281 995 4284 994 4287 993 4290 992 4293 991 4296 990 4299 989 4302 988 4305 987 4308 986 4311 985 4314 984 4317 983 4320 982 4323 981 4326 980 4329 979 4332 978 4335 977 4338 976 4341 975 4344 974 4347 973 4350 972 4353 971 4356 970 4359 969 4362 968 4365 967 4368 966 4371 965 4374 964 4377 963 4380 962 4383 961 4386 960 4389 959 4392 958 4395 957 4398 956 4401 955 4404 954 4407 953 4410 952 4413 951 4416 950 4419 949 4422 948 4425 947 4428 946 4431 945 4434 944 4437 943 4440 942 4443 941 4452 1058 4455 1057 4458 1056 4461 1055 4464 1054 4467 1053 4470 1052 4473 1051 4476 1050 4479 1049 4482 1048 4485 1047 4488 1046 4491 1045 4494 1044 4497 1043 4500 1042 4503 1041 4506 1040 4509 1039 4512 1038 4515 1037 4518 1036 4521 1035 4524 1034 4527 1033 4530 1032 4533 1031 4536 1030 4539 1029 4542 1028 4545 1027 4548 1026</p>
                </lines>
            </mesh>
        </geometry>
    </library_geometries>
    <library_materials>
        <material id="ID5" name="material">
            <instance_effect url="#ID4" />
        </material>
        <material id="ID11" name="material_0">
            <instance_effect url="#ID10" />
        </material>
        <material id="ID12" name="edge_color000255">
            <instance_effect url="#ID13" />
        </material>
    </library_materials>
    <library_effects>
        <effect id="ID4">
            <profile_COMMON>
                <technique sid="COMMON">
                    <lambert>
                        <diffuse>
                            <color>1 1 1 1</color>
                        </diffuse>
                    </lambert>
                </technique>
            </profile_COMMON>
        </effect>
        <effect id="ID10">
            <profile_COMMON>
                <technique sid="COMMON">
                    <lambert>
                        <diffuse>
                            <color>0.6431373 0.6980392 0.7333333 1</color>
                        </diffuse>
                    </lambert>
                </technique>
            </profile_COMMON>
        </effect>
        <effect id="ID13">
            <profile_COMMON>
                <technique sid="COMMON">
                    <constant>
                        <transparent opaque="A_ONE">
                            <color>0 0 0 1</color>
                        </transparent>
                        <transparency>
                            <float>1</float>
                        </transparency>
                    </constant>
                </technique>
            </profile_COMMON>
        </effect>
    </library_effects>
    <scene>
        <instance_visual_scene url="#ID2" />
    </scene>
</COLLADA>
